time1,prices,market_cap,total_volumes
2020-12-22,617.16,0.0,137563.02655658743
2020-12-23,617.16,0.0,137563.02655658743
2020-12-24,596.77,4424223.373088122,67102.2592157251
2020-12-25,611.5,5651612.707359494,54336.794214655325
2020-12-26,624.8,7284743.945718903,45933.06454052944
2020-12-27,629.07,7530256.10332518,10300.366418282534
2020-12-28,678.1,8034076.269339776,89087.13807428456
2020-12-29,730.42,11392116.720485743,2319.238431710206
2020-12-30,722.77,11493376.39775885,116741.44432478557
2020-12-31,722.28,11905413.948918724,95848.21482803432
2021-01-01,733.32,12333635.441624038,81813.99824695727
2021-01-02,723.53,12123442.78038427,5104.645519294309
2021-01-03,772.06,13205950.414439877,34572.923549638675
2021-01-04,977.57,15836679.44998422,35395.449102019724
2021-01-05,966.9,17475397.472125165,277333.65778191475
2021-01-06,1113.9,19381852.747256536,442577.97055314423
2021-01-07,1173.33,21396653.5960448,38065.92353668953
2021-01-08,1223.45,22986311.18507738,33380.0662837602
2021-01-09,1224.78,24866161.52233301,61432.89308072859
2021-01-10,1247.31,27038338.911400873,16621.725032768987
2021-01-11,1279.36,32744969.53311306,29187.711162359734
2021-01-12,1087.21,28497872.511435106,45761.95916254789
2021-01-13,1051.11,29435948.93378641,23342.195552821166
2021-01-14,1137.36,53336069.24367899,65350.07202209887
2021-01-15,1215.03,76486156.1462544,20891.856492975992
2021-01-16,1160.64,77773706.44238818,23973.27157269267
2021-01-17,1219.38,86367412.5894856,27560.443657135864
2021-01-18,1193.83,84463316.17207983,7698.1161483334145
2021-01-19,1246.25,83549641.03804947,3633.065062628682
2021-01-20,1374.72,94727223.03282714,8909.006666654137
2021-01-21,1328.39,101801923.66360264,5907.759644804566
2021-01-22,1110.66,84924379.65320097,77.4220678573587
2021-01-23,1207.53,93051751.08442973,8820.211015767438
2021-01-24,1241.67,110162894.87456314,7089.779960007589
2021-01-25,1332.32,119999757.95428069,4435.088453083787
2021-01-26,1323.3,121253879.31507112,2866.7722452686894
2021-01-27,1360.21,129743647.98528455,94.95040845503998
2021-01-28,1243.6,121610639.34405212,62.17976120852506
2021-01-29,1368.34,136214636.33095643,1491.77000781867
2021-01-30,1304.47,130336576.17264885,275.43900370497744
2021-01-31,1273.12,128423916.80874236,815.8411847110183
2021-02-01,1329.01,140184744.40388563,13164.315981702022
2021-02-02,1346.73,145276753.70925808,28536.077238119775
2021-02-03,1545.67,180735971.2775028,54038.052707870615
2021-02-04,1624.43,203744610.56824762,19158.14964757375
2021-02-05,1594.55,201186682.44525746,1830.7141839224532
2021-02-06,1731.48,222268505.5315105,44490.71735453355
2021-02-07,1682.13,220914601.53389928,56381.27978942274
2021-02-08,1613.66,219932936.52136672,7027.011425889591
2021-02-09,1743.12,239165407.7590784,81848.05308774955
2021-02-10,1737.41,250012542.4738221,15729.270769604953
2021-02-11,1678.91,242295834.2448262,153624.73796377442
2021-02-12,1798.09,259833191.43432248,168109.01404994968
2021-02-13,1808.99,261280877.970859,59804.46827307374
2021-02-14,1802.51,262939728.22138736,19653.96551087039
2021-02-15,1803.13,294711629.881902,46387.71027098389
2021-02-16,1791.37,294958586.7323307,7792.46014843974
2021-02-17,1767.65,291523195.17178017,112519.65140813809
2021-02-18,1817.08,300622581.17733866,143817.45187675042
2021-02-19,1875.9,333787841.51512885,494114.06289582636
2021-02-20,1914.17,344370114.12837386,1256535.0275572485
2021-02-21,1894.53,339928292.8660936,328342.46006478777
2021-02-22,1879.96,340343362.4612324,259935.78072799474
2021-02-23,1732.04,312701522.3541799,102069.60546073441
2021-02-24,1549.7,271660314.8449398,411399.3448702868
2021-02-25,1613.95,292656427.0856388,257054.520149334
2021-02-26,1485.54,271158609.08605045,171245.77058968096
2021-02-27,1445.75,263018409.71946073,157171.00950529528
2021-02-28,1461.06,264637341.59895805,130538.31208685029
2021-03-01,1409.65,257558423.01740965,142945.47115716257
2021-03-02,1551.56,283798158.03327113,268536.6998083374
2021-03-03,1483.36,273014655.5435863,428948.3910080055
2021-03-04,1502.86,276033518.0087915,465191.31893736
2021-03-05,1511.78,277102273.6344691,284001.9699187666
2021-03-06,1519.58,278866082.87590307,321660.9941076904
2021-03-07,1593.87,293038723.4337979,111495.00453677667
2021-03-08,1627.94,299263259.7582876,256675.641460964
2021-03-09,1728.06,317176961.6313772,133486.0450609236
2021-03-10,1781.79,329182604.3752913,33508.16314640721
2021-03-11,1778.53,329898559.39568394,61083.94042226839
2021-03-12,1781.88,333299923.5620808,107490.76294933699
2021-03-13,1740.26,324313855.69440186,51357.06344329668
2021-03-14,1891.08,352839315.0936329,72495.58549016133
2021-03-15,1813.45,337871232.21925175,5742.0862941128635
2021-03-16,1744.36,327760427.14815843,111250.95871980334
2021-03-17,1759.37,328378342.5222747,58752.291976144326
2021-03-18,1731.46,321599551.3513637,130013.13370337324
2021-03-19,1699.73,318143497.9496602,30388.06509264729
2021-03-20,1772.26,331655174.3892655,585.2698849659126
2021-03-21,1732.19,324579083.4998464,59628.56202441884
2021-03-22,1699.82,318975718.50393784,67276.31837229582
2021-03-23,1588.62,298103060.5698864,67902.2750178018
2021-03-24,1579.59,296240548.8227197,109868.83229236247
2021-03-25,1493.24,282328022.2358038,32320.77161494161
2021-03-26,1498.37,281726610.52717125,82558.99465446372
2021-03-27,1593.87,300043292.80682737,25988.47988827144
2021-03-28,1624.82,307162321.8044741,269826.01974496635
2021-03-29,1601.61,301807932.7367469,69644.63430374478
2021-03-30,1716.89,324269510.52547604,44640.76683654571
2021-03-31,1742.02,329674949.0681081,352467.559209336
2021-04-01,1957.06,371312517.8656141,367875.14611124253
2021-04-02,1996.12,380181035.96008724,60395.917375928206
2021-04-03,2091.73,398684970.19520956,201007.64336872924
2021-04-04,2054.66,393148123.4491205,651546.3198182095
2021-04-05,2098.66,400546605.7059873,171226.37460850415
2021-04-06,2125.73,410571877.74991435,248203.0014737549
2021-04-07,2148.34,415691225.734164,301918.8418557247
2021-04-08,2026.0,394280450.41624445,262454.6119427469
2021-04-09,2078.7,403455305.7118958,160130.57671428417
2021-04-10,2046.59,397249529.61335725,70885.7124737608
2021-04-11,2106.35,432854220.93159914,317570.1167197053
2021-04-12,2117.57,436029206.5328925,264403.10071984876
2021-04-13,2120.93,470602814.07585514,197885.26945048114
2021-04-14,2255.33,511084059.1568367,82216.1291651061
2021-04-15,2344.59,526918484.5554509,242297.06928206378
2021-04-16,2444.62,555852003.2217938,319865.21565723047
2021-04-17,2347.07,534529234.7974068,84021.72960861442
2021-04-18,2277.26,518288626.1838617,181998.37625341414
2021-04-19,2171.65,494299217.7966192,103647.0689529886
2021-04-20,2158.47,542126589.1605366,431.69332291203443
2021-04-21,2215.38,555497664.533885,66428.27940613223
2021-04-22,2294.7,576639980.7681509,97810.69269825707
2021-04-23,2335.21,585848852.230604,73407.63151920518
2021-04-24,2253.9,565826796.372817,50726.51236015995
2021-04-25,2188.41,553127173.3006326,165463.20381246172
2021-04-26,2277.55,574408905.5561506,136339.43991753826
2021-04-27,2436.78,614456049.6161923,135254.78211782372
2021-04-28,2678.87,676456203.2798262,908389.4449659302
2021-04-29,2774.58,709163451.5388601,928159.2239889475
2021-04-30,2774.35,710644702.0579995,292122.8861156898
2021-05-01,2689.41,690706798.2627119,1176354.4861071405
2021-05-02,2867.0,738880504.4333328,604540.317427004
2021-05-03,2872.24,741949565.4860098,436254.83984884917
2021-05-04,3322.16,857736338.5958,928629.2302758599
2021-05-05,3253.48,850165593.9817842,912158.51979771
2021-05-06,3507.57,956207198.0695695,732915.7070911678
2021-05-07,3481.54,958274123.4861953,873699.0028453228
2021-05-08,3466.45,1069920239.5706303,1101383.0022863825
2021-05-09,3893.7,1267235759.4814012,11420710.999399489
2021-05-10,3908.03,1303074816.9749866,2130746.144799231
2021-05-11,3998.44,1341238586.5148304,3497120.5888799895
2021-05-12,4087.76,1375087905.8983538,1401292.370410504
2021-05-13,3936.14,1328837396.207625,2741139.788079122
2021-05-14,3687.78,1253121744.9315715,2313109.471281444
2021-05-15,4066.37,1377930608.5173578,4768501.188345241
2021-05-16,3793.93,1308400999.2253513,2029142.1398311513
2021-05-17,3578.83,1230824404.55035,1823519.79024783
2021-05-18,3280.46,1130747577.4526253,5074496.95753498
2021-05-19,3327.28,1170214897.8005838,840972.2853189744
2021-05-20,2469.58,904861058.5097243,9807968.590125304
2021-05-21,2738.76,962371941.7649771,3771081.677446625
2021-05-22,2393.13,844568022.8309705,2148359.395694689
2021-05-23,2291.95,962431004.9661512,2037601.211628654
2021-05-24,2107.11,867119265.0082828,1929898.2021083643
2021-05-25,2605.98,1078149785.2522917,2889370.452775026
2021-05-26,2692.77,1134615330.4645839,2470541.009721001
2021-05-27,2864.94,1204718909.0301158,4084409.23666278
2021-05-28,2737.56,1214557376.2937343,8227280.43943255
2021-05-29,2416.37,1062509186.3598927,1864800.1677993648
2021-05-30,2284.52,997552834.2905425,14744905.265661975
2021-05-31,2380.72,1056973450.8858551,2196306.4940612563
2021-06-01,2686.59,1213071707.9638631,20585531.326668836
2021-06-02,2629.82,1183426039.323147,47492268.829229526
2021-06-03,2709.83,1233045994.7736,6757403.2216157215
2021-06-04,2871.04,1311122176.8709826,1387056.3272320854
2021-06-05,2686.43,1232282614.7543592,1795494.9886855476
2021-06-06,2589.52,1188509689.7182548,863759.9980169901
2021-06-07,2703.38,1240978738.45256,2352496.2028536433
2021-06-08,2589.64,1204690845.99007,2906039.0308958325
2021-06-09,2525.33,1176110910.7923038,2212508.729091388
2021-06-10,2619.87,1229435515.2744942,7499492.335316165
2021-06-11,2487.41,1177678060.441553,1186083.5464135646
2021-06-12,2350.35,1133657361.145431,1579570.500958218
2021-06-13,2381.83,1186386362.0820541,7520951.110591628
2021-06-14,2501.98,1245029336.9615324,151823.55941165122
2021-06-15,2586.28,1286581010.9708745,4796620.855913538
2021-06-16,2555.23,1281508725.5186393,2352052.6060850327
2021-06-17,2356.48,1225158886.706917,18449728.165168244
2021-06-18,2377.53,1236034424.1817787,23461987.96277991
2021-06-19,2225.12,1165932426.9861948,2535000.0532352645
2021-06-20,2182.43,1157267332.375596,1773255.8642169682
2021-06-21,2256.93,1201432084.7911108,6689547.717737316
2021-06-22,1892.36,1015954766.2943395,3188546.740436682
2021-06-23,1867.56,1004198747.6766669,17661797.585845318
2021-06-24,1960.2,1052557627.9817564,5482903.254560096
2021-06-25,1988.5,1069719994.0503801,9987410.926060481
2021-06-26,1825.63,984074729.8009964,3086762.197396664
2021-06-27,1795.13,968013292.2225733,620753.8352515904
2021-06-28,1959.42,1054175083.3489673,2162599.4991514715
2021-06-29,2085.98,1125874878.2043686,6398836.625860775
2021-06-30,2182.32,1213341320.4139566,365488.80811873527
2021-07-01,2262.23,1256728376.3778224,303809.0286365178
2021-07-02,2123.95,1235706193.3373206,44385149.04654978
2021-07-03,2152.71,1260130988.1336462,967033.3634331414
2021-07-04,2212.56,1292546506.5927355,642680.0610680548
2021-07-05,2342.32,1401762530.4935882,227776.20912128154
2021-07-06,2234.22,1348965067.8893256,424691.5990481987
2021-07-07,2330.47,1410254310.372995,441428.08921239304
2021-07-08,2331.25,1415237829.8475943,849894.9700565657
2021-07-09,2121.65,1300630348.7070236,3088812.443334145
2021-07-10,2158.55,1368106240.040887,363754.5549086522
2021-07-11,2124.47,1349999809.670865,386546.85676217574
2021-07-12,2139.89,1361670252.5829895,17866798.070544843
2021-07-13,2039.87,1299166611.04927,2034285.1414024422
2021-07-14,1942.8,1239435618.1409929,1372770.5104059065
2021-07-15,1994.71,1275247541.392101,1134236.8602757903
2021-07-16,1918.74,1227482244.6058474,4821190.937995237
2021-07-17,1861.95,1197141202.9568176,1052258.2686467592
2021-07-18,1896.57,1217339992.314434,2134401.913261352
2021-07-19,1901.12,1220783640.5140035,2806651.0383813037
2021-07-20,1820.19,1182675106.5331047,1006382.740441064
2021-07-21,1792.99,1169089352.8160412,12587729.725598652
2021-07-22,1986.89,1299848473.9935868,16360434.161902037
2021-07-23,2018.96,1338474664.6828988,5099313.7545952955
2021-07-24,2102.08,1395043641.9384449,2289800.827350965
2021-07-25,2175.77,1447861354.891111,4834509.269180354
2021-07-26,2183.64,1464299815.4088995,890321.202919813
2021-07-27,2215.07,1486542868.2520564,2147321.772623125
2021-07-28,2282.12,1533369153.741508,1271637.2671625612
2021-07-29,2297.05,1548767015.973868,735535.7242826631
2021-07-30,2374.42,1610976221.9415655,837886.1186566851
2021-07-31,2442.89,1665172843.3953876,1587235.5782044833
2021-08-01,2540.9,1750642898.5675738,20817343.664689746
2021-08-02,2563.22,1781247376.7258396,6507384.234262036
2021-08-03,2623.1,1832995307.547809,3252866.049859114
2021-08-04,2503.63,1813190841.3652246,63528918.07864276
2021-08-05,2725.63,1985519415.9295423,5932675.913229329
2021-08-06,2821.19,2069250539.764451,7004669.426179064
2021-08-07,2877.77,2124620288.7734585,66930125.81630263
2021-08-08,3122.34,2324770641.2592382,40950372.0142034
2021-08-09,3025.74,2271192541.722215,5372702.897466747
2021-08-10,3135.77,2317693290.8677187,5542033.705294693
2021-08-11,3130.68,2359930127.055248,5394237.4352613045
2021-08-12,3163.76,2391352402.660178,16201973.215808451
2021-08-13,3030.63,2298904637.942945,4670233.045542075
2021-08-14,3310.28,2534286676.714533,33386914.7167554
2021-08-15,3263.37,2548922898.994465,8836782.368376376
2021-08-16,3297.26,2662352760.9314666,3031928.640414521
2021-08-17,3154.87,2617322012.938399,10322487.098750355
2021-08-18,3023.88,2533427212.1717405,4295872.536991717
2021-08-19,3050.18,2594355385.104378,9612683.72730873
2021-08-20,3168.7,2707688765.1838036,21201516.813846715
2021-08-21,3273.68,2934872968.090575,11340016.925710224
2021-08-22,3234.53,3002840449.854982,39364823.79308326
2021-08-23,3244.21,3072632792.772217,5130949.748680459
2021-08-24,3319.29,3249533664.981331,11279528.747598689
2021-08-25,3185.16,3143629102.763088,15175769.37266211
2021-08-26,3226.57,3234649758.34802,38119680.68708841
2021-08-27,3122.59,3155379604.4461813,9105530.984456167
2021-08-28,3258.11,3406303411.577397,8252000.742767426
2021-08-29,3228.41,3607125067.1194186,9320105.866884815
2021-08-30,3208.78,3639664707.698614,4644176.203043446
2021-08-31,3221.33,3673855799.219523,52134463.16941185
2021-09-01,3419.06,3939610032.5180397,5942070.285076134
2021-09-02,3762.76,4355385527.065058,44627055.089667514
2021-09-03,3771.26,4400074823.616107,11030319.429924184
2021-09-04,3904.08,4580908849.444915,7378182.090365133
2021-09-05,3871.67,4562573934.915925,6496137.510481779
2021-09-06,3923.75,4614944422.940338,2332407.127682765
2021-09-07,3899.08,4629403641.288021,16590347.791543165
2021-09-08,3421.66,4243360201.3540545,24501053.13910589
2021-09-09,3492.42,4367036811.7659445,11094252.242895288
2021-09-10,3390.06,4249377601.5183234,21284929.043670904
2021-09-11,3155.64,3956928211.474225,30184250.34113264
2021-09-12,3203.56,4062070879.174977,649227.8890088741
2021-09-13,3371.46,4295686319.826685,18239823.576188195
2021-09-14,3249.24,4138885968.6343164,9195919.437366657
2021-09-15,3371.51,4320488277.541482,17883109.741726417
2021-09-16,3563.39,4564047642.66385,16664008.945231166
2021-09-17,3536.57,4549280565.716929,42294799.00614602
2021-09-18,3367.04,4363113999.855167,16628883.73573247
2021-09-19,3395.26,4397679688.852399,11024064.071142847
2021-09-20,3306.74,4256184677.31314,3188276.599413789
2021-09-21,2945.11,3813486306.2208214,29658245.49442964
2021-09-22,2718.11,3548628013.6634407,4188011.309699247
2021-09-23,3037.4,3960386496.2850966,5306459.255396743
2021-09-24,3134.02,4097217484.910396,11950530.146116162
2021-09-25,2907.75,3836860649.4457426,17438520.119487297
2021-09-26,2917.22,3809603194.1144037,11381243.08621839
2021-09-27,3030.25,3970274349.822281,10173832.811174395
2021-09-28,2934.72,3858926184.67478,12097231.403197113
2021-09-29,2796.3,3691496027.38746,10549648.370668733
2021-09-30,2828.21,3727902725.8838577,9568146.180104645
2021-10-01,2980.48,3949031853.952046,5082557.512319852
2021-10-02,3278.4,4355913555.668143,17597389.74829233
2021-10-03,3373.67,4491337310.9903755,27073743.297250737
2021-10-04,3406.34,4545561582.576364,7339615.617970005
2021-10-05,3383.18,4551721778.450497,17294244.192037147
2021-10-06,3497.28,4780833065.122322,4107458.9497807254
2021-10-07,3564.85,4893690070.452201,10472440.926047074
2021-10-08,3572.78,4905668900.813038,37195417.51769334
2021-10-09,3543.89,4887556006.068642,14337599.186819771
2021-10-10,3564.27,4912626494.778494,9678206.678975955
2021-10-11,3405.53,4703519712.336886,9471839.115101798
2021-10-12,3497.62,4847650322.784992,8725530.747043794
2021-10-13,3473.76,4836544059.701871,4925935.790606947
2021-10-14,3577.2,4974157811.824798,9343734.587472623
2021-10-15,3771.05,5249075931.288756,20844968.046191104
2021-10-16,3853.85,5363151343.088367,7308645.313150741
2021-10-17,3831.96,5333535755.551124,20441946.865617644
2021-10-18,3816.24,5317801206.567389,10808583.049677975
2021-10-19,3720.39,5206520369.190967,8354967.974524122
2021-10-20,3845.81,5415682982.844135,48334709.15367473
2021-10-21,4151.98,5841057347.648468,30565497.466907676
2021-10-22,4045.57,5707843626.377282,27756953.88518158
2021-10-23,3976.5,5610708639.246541,13036049.647728056
2021-10-24,4155.01,5837502728.800461,5761039.50138963
2021-10-25,4069.94,5749926848.172849,26416605.383978758
2021-10-26,4199.83,5953059092.5434675,20046295.36491329
2021-10-27,4102.1,5843342602.071635,15101408.584115058
2021-10-28,3939.65,5592327878.260811,14766400.500797048
2021-10-29,4257.52,6028914717.699593,22282825.88409318
2021-10-30,4384.35,6259223476.76445,13810579.780977542
2021-10-31,4286.65,6097961335.768939,15927133.190650137
2021-11-01,4265.92,6095952587.070779,12336142.62825983
2021-11-02,4293.25,6170713784.559676,18314630.74203485
2021-11-03,4552.33,6554099528.471885,6476201.435770433
2021-11-04,4573.73,6594092614.559629,7548962.102499904
2021-11-05,4516.09,6499136992.007166,54404228.36080184
2021-11-06,4458.1,6454118225.869366,8446342.4692726
2021-11-07,4493.45,6499121489.31952,4476623.551572271
2021-11-08,4587.05,6649159267.807342,5700462.718695381
2021-11-09,4775.45,6947051933.09497,12420678.877047177
2021-11-10,4711.49,6886248423.213939,7289376.371931542
2021-11-11,4598.41,6728114010.988432,10334934.81171304
2021-11-12,4711.59,6891785584.005333,18420629.44606971
2021-11-13,4636.9,6799593755.627619,7373525.739056768
2021-11-14,4621.57,6789892928.022081,3639004.101643388
2021-11-15,4598.07,6735285107.815584,8384211.276665649
2021-11-16,4550.21,6725664449.267692,16549890.319892542
2021-11-17,4209.69,6243240709.393653,10365591.16427027
2021-11-18,4251.53,6283930836.437527,6994019.635203169
2021-11-19,3954.91,5849360682.37868,9531216.647749757
2021-11-20,4285.83,6348634516.389113,90687276.05586945
2021-11-21,4394.15,6542839156.8481045,4001936.5304969396
2021-11-22,4308.21,6432456065.063097,10954859.62607515
2021-11-23,4068.07,6081683728.812919,14424167.074722175
2021-11-24,4319.16,6455805337.891525,15143185.142578203
2021-11-25,4232.58,6356678942.449415,9221537.974091329
2021-11-26,4489.56,6759971405.736244,7518880.670784604
2021-11-27,4014.44,6028962644.783409,9005242.936757026
2021-11-28,4058.92,6110073492.139746,929404.0520406605
2021-11-29,4249.01,6400148695.846412,1099443.1499814587
2021-11-30,4383.71,6624953873.11269,640533.0011474555
2021-12-01,4596.52,6968542633.266444,494484.51323021296
2021-12-02,4545.16,6896581704.18211,6505661.986577474
2021-12-03,4500.01,6840774744.628017,4510463.850171169
2021-12-04,4212.12,6446550360.659457,12053480.714324197
2021-12-05,4073.83,6227382852.004574,8118427.254530243
2021-12-06,4157.04,6378017718.210722,3526509.6330006826
2021-12-07,4307.94,6630650363.094756,20848780.431556586
2021-12-08,4266.9,6627832859.681795,7489741.296593747
2021-12-09,4397.51,6820706315.625412,10948445.06305246
2021-12-10,4114.21,6423662628.182414,4634653.491363711
2021-12-11,3879.77,6089205950.661661,11029150.399278762
2021-12-12,4045.94,6339375293.107472,9527545.618834503
2021-12-13,4097.18,6441079577.147753,8090903.63791214
2021-12-14,3753.98,5914080997.125677,9423223.607502142
2021-12-15,3829.62,6010594880.602587,4657393.234845119
2021-12-16,3987.92,6270780455.061357,15233993.77891945
2021-12-17,3935.69,6206399323.125986,15019048.698167337
2021-12-18,3861.52,6104607352.575231,10412098.067565635
2021-12-19,3939.65,6231647992.167746,3761670.437803726
2021-12-20,3907.64,6237008946.753379,20126089.423880693
2021-12-21,3930.47,6286686499.4576,10049888.394767575
2021-12-22,4016.04,6428831755.752763,27058841.179429494
2021-12-23,3971.81,6367973060.588092,7226854.509067253
2021-12-24,4088.97,6541985648.977486,6692048.383933094
2021-12-25,4012.08,6482464021.961557,4081789.844837801
2021-12-26,4083.12,6614876916.094035,5501738.866266903
2021-12-27,4050.75,6557314511.864522,4793769.008805738
2021-12-28,4019.32,6528991955.396749,4893703.893215504
2021-12-29,3778.22,6151342374.969248,5890546.383893557
2021-12-30,3617.3,5860874473.17915,9069209.336018978
2021-12-31,3697.61,6015406885.855861,19061837.449070502
2022-01-01,3666.15,5985253188.664137,9013148.662485152
2022-01-02,3751.83,6118126216.452799,7915144.289645757
2022-01-03,3826.69,6279721591.512786,9496328.026544534
2022-01-04,3759.18,6181903698.902188,5334854.198957971
2022-01-05,3789.76,6328037480.286828,3259961.7563543697
2022-01-06,3545.89,5901619443.046301,11972929.414657962
2022-01-07,3402.91,5683299495.426443,25054102.381736044
2022-01-08,3186.73,5338088086.63037,107727979.28091417
2022-01-09,3080.49,5179242921.900888,27334589.62685057
2022-01-10,3152.78,5276447356.204707,2961502.161242599
2022-01-11,3083.4,5169447691.365928,11548401.921588814
2022-01-12,3238.07,5459002556.201232,10506302.083298909
2022-01-13,3372.03,5678455226.5473385,9079578.305094566
2022-01-14,3256.28,5499821250.115652,21840838.526786137
2022-01-15,3311.52,5590635170.544575,9204659.350012654
2022-01-16,3326.78,5629903308.390038,3342483.1951486124
2022-01-17,3353.95,5684399343.526995,22520879.573175985
2022-01-18,3209.34,5450046634.163107,18637190.34947985
2022-01-19,3159.54,5368217633.012189,2776977.6923104683
2022-01-20,3084.88,5264302643.407832,9344475.058588373
2022-01-21,3006.63,5136133913.053415,64404321.64096885
2022-01-22,2559.54,4383335547.018107,21968253.069163546
2022-01-23,2408.08,4151138270.5958714,161827158.34349048
2022-01-24,2540.61,4479288350.97409,24236955.10491931
2022-01-25,2441.28,4324054467.356626,38358510.540701665
2022-01-26,2459.66,4360899813.128999,2874190.354526841
2022-01-27,2468.18,4389936228.103434,2038507.9549551492
2022-01-28,2418.39,4295848285.998609,12382703.794220965
2022-01-29,2548.24,4552675105.296347,9464832.916232876
2022-01-30,2589.93,4630697684.835768,126222752.988388
2022-01-31,2599.76,4665257895.296758,1861308.4094688317
2022-02-01,2685.47,4819093900.228953,88631629.12222436
2022-02-02,2799.06,5032086441.387289,32273684.51748248
2022-02-03,2681.44,4831914913.079314,17530500.528618388
2022-02-04,2664.73,4807337259.911551,3659956.234254511
2022-02-05,2957.36,5371061755.896131,12351090.105887963
2022-02-06,3014.04,5496269311.065655,16405808.55597675
2022-02-07,3059.71,5593499468.286674,7360408.454904784
2022-02-08,3143.07,5757527328.11746,7658213.583210636
2022-02-09,3122.16,5746794609.32827,5226009.978696922
2022-02-10,3243.85,5974875308.542019,5385625.922029531
2022-02-11,3077.56,5691401804.705929,9535687.629403375
2022-02-12,2922.28,5430438880.953042,6685800.731138508
2022-02-13,2910.94,5399189284.807504,3062520.86724986
2022-02-14,2890.4,5403565399.602775,34200849.01419225
2022-02-15,2931.63,5487920362.9034605,2013634.2366621098
2022-02-16,3179.12,5973608152.894295,2571494.9745420194
2022-02-17,3130.78,5900148555.812779,3365820.6544003733
2022-02-18,2878.92,5453583529.493202,2376746.76742163
2022-02-19,2786.62,5289599486.715581,6300468.552451716
2022-02-20,2763.95,5242481125.501139,15215109.046038987
2022-02-21,2636.74,5030332867.166947,15169774.182782311
2022-02-22,2567.49,4909454776.915733,7179022.339523271
2022-02-23,2640.16,5117384848.715166,21487786.225200504
2022-02-24,2593.19,5110445568.985073,3963238.4680282953
2022-02-25,2595.75,5121443878.634555,19460624.0590006
2022-02-26,2765.63,5470258988.250756,8649737.141038928
2022-02-27,2777.61,5507643180.074156,1672899.620013538
2022-02-28,2625.82,5228048429.353387,3502295.354679023
2022-03-01,2912.9,5853266536.655793,5807037.3125208095
2022-03-02,2969.24,6016918903.57947,3488787.561246699
2022-03-03,2948.32,6011679255.142072,1722744.267770294
2022-03-04,2834.13,5852092161.195787,5722845.303825674
2022-03-05,2615.93,5443990729.60473,2102214.9867037013
2022-03-06,2666.79,5579466892.040286,4605920.096460935
2022-03-07,2555.41,5389533120.375341,2176738.236583152
2022-03-08,2493.05,5307261719.182611,10810333.723471949
2022-03-09,2574.04,5584450510.196132,32607921.58633356
2022-03-10,2729.4,6019790465.774778,7765345.322805552
2022-03-11,2607.56,5829894341.475059,5339422.188457578
2022-03-12,2560.21,5759863218.750276,8306218.007365297
2022-03-13,2575.89,5834291853.687969,6658744.112292561
2022-03-14,2515.78,5700828911.477273,1767062.9607971767
2022-03-15,2584.81,5960574154.732164,2821016.181790467
2022-03-16,2617.2,6560351779.191537,32029858.825115386
2022-03-17,2771.37,7101529745.568059,18877033.193627078
2022-03-18,2812.93,7270772917.843655,5952847.37212555
2022-03-19,2944.08,7795968331.99998,11398951.711446194
2022-03-20,2942.43,8022743980.472396,8774816.776619408
2022-03-21,2861.2,7813376527.600488,8093404.158857636
2022-03-22,2893.2,7925101282.423853,9870976.409013413
2022-03-23,2969.69,8162546226.439241,9126624.065559585
2022-03-24,3020.98,8387734274.8146515,13555723.619744135
2022-03-25,3101.03,8654053772.498728,19546603.005902857
2022-03-26,3105.89,8698209319.626938,20556261.343086787
2022-03-27,3138.47,8834490951.164022,8215395.462039665
2022-03-28,3281.97,9238822645.032265,8687340.609883318
2022-03-29,3326.95,9444751693.095934,3833857.104055268
2022-03-30,3400.53,9621717510.696257,41313412.28712484
2022-03-31,3384.6,9783860610.409113,102737879.09484033
2022-04-01,3284.7,9725620013.912312,75261520.35751408
2022-04-02,3448.75,10337751231.407446,5936468.0222318405
2022-04-03,3441.27,10398033142.026737,4795499.416649873
2022-04-04,3517.83,10726207412.1102,10653421.739729382
2022-04-05,3516.72,10796712877.157352,6160294.744377607
2022-04-06,3414.06,10620447007.501074,4429251.083198258
2022-04-07,3168.54,9952713661.088142,6138424.60429655
2022-04-08,3233.12,10198303766.262129,42639452.68869563
2022-04-09,3187.07,10108353765.50296,53304861.60987203
2022-04-10,3265.0,10431191256.781765,9745725.835580282
2022-04-11,3210.62,10384323184.588482,6025650.133573821
2022-04-12,2981.55,9658375227.012169,65180899.955095254
2022-04-13,3033.85,9857752456.608429,22087348.63465223
2022-04-14,3120.02,10307311220.181122,47651100.4813909
2022-04-15,3022.07,10010694294.399097,23447911.26401185
2022-04-16,3045.77,10277794325.155043,381296487.17454404
2022-04-17,3066.17,10393501893.326426,95966488.16228628
2022-04-18,2991.66,10173318996.43894,22581041.340099003
2022-04-19,3059.07,10457193451.18972,17842073.568430793
2022-04-20,3101.8,10679303007.443117,4969471.2208521925
2022-04-21,3078.29,10642001736.465843,7591857.512836566
2022-04-22,2983.49,10390049091.637974,24162818.041803703
2022-04-23,2968.28,10449418257.451416,11953529.155008098
2022-04-24,2939.41,10375298639.268156,8194285.627300523
2022-04-25,2919.08,10339777067.27992,4343555.202184523
2022-04-26,3006.3,10682584697.219732,47566995.723871395
2022-04-27,2807.02,10115620564.428335,11365708.612412265
2022-04-28,2888.87,10597134105.841366,29669080.314036194
2022-04-29,2933.26,10866067962.674227,133828333.17399515
2022-04-30,2816.33,10507185011.561974,38260669.51667603
2022-05-01,2734.89,10238246818.480974,7061719.709278182
2022-05-02,2829.64,10750363457.402107,4683544.645581464
2022-05-03,2859.16,11202073385.900335,10009636.785007313
2022-05-04,2782.6,11061491183.858006,7921234.057043142
2022-05-05,2940.69,11765309194.32184,33044938.034763426
2022-05-06,2748.71,11043106069.018562,32558643.80259455
2022-05-07,2696.45,10977591794.970528,17301375.832127266
2022-05-08,2638.72,10775884972.38283,69347331.99553618
2022-05-09,2505.81,10264804624.93736,264458133.15027308
2022-05-10,2233.56,9321658326.354452,300475307.9100606
2022-05-11,2324.33,9676082769.243183,92307598.50016527
2022-05-12,2055.58,8680953301.085045,370531747.9659231
2022-05-13,1931.23,8089713704.110515,470701666.0551831
2022-05-14,1958.67,8227379571.85146,612888426.1438128
2022-05-15,2016.64,8434693912.907213,45253254.51141611
2022-05-16,2113.17,8845293112.917147,120887834.57788678
2022-05-17,1991.66,8345536186.620411,46235396.154643804
2022-05-18,2064.04,8661282912.942308,56042985.04344398
2022-05-19,1886.0,7911982951.712055,43742728.21701595
2022-05-20,1988.55,8338123600.810966,29883119.12472877
2022-05-21,1932.73,8104819283.090656,15894248.504581895
2022-05-22,1928.86,8090820961.340594,229856569.9846862
2022-05-23,2000.12,8396760953.487575,20537828.195572518
2022-05-24,1936.63,8132260250.765886,53199528.59291648
2022-05-25,1938.08,8130581524.88062,29736468.253083628
2022-05-26,1902.24,7988197887.759521,47114276.30171464
2022-05-27,1769.39,7442570170.654356,28375783.484838877
2022-05-28,1683.89,7080940939.196049,55099478.51628897
2022-05-29,1757.33,7395148781.117982,15738989.079256603
2022-05-30,1772.42,7452825587.154863,13603261.290227544
2022-05-31,1954.85,8223158026.619717,24092937.51194596
2022-06-01,1910.89,8041422929.290812,17925220.390487056
2022-06-02,1794.16,7560248654.362515,30970196.39943505
2022-06-03,1796.17,7577304819.114354,42190663.27897201
2022-06-04,1738.55,7317260276.463918,10149799.530893639
2022-06-05,1765.54,7424823891.75299,15606514.300385471
2022-06-06,1766.98,7460199867.3518715,5111070.529942667
2022-06-07,1819.42,7678247862.957668,22781538.595078878
2022-06-08,1780.98,7522485552.641427,30373178.912398294
2022-06-09,1753.19,7383213637.51818,160851676.36661828
2022-06-10,1738.19,7327512603.793387,50672813.42313787
2022-06-11,1571.66,6628965043.060749,350675476.9109781
2022-06-12,1474.59,6212996630.491895,198536808.66615373
2022-06-13,1391.91,5922630635.066095,68300554.5782247
2022-06-14,1156.06,4847407472.994494,318136611.13769203
2022-06-15,1155.91,4879954539.931867,259540789.89260224
2022-06-16,1160.51,4865407329.051592,138167348.53324863
2022-06-17,1009.27,4257858688.7828417,70077412.73664129
2022-06-18,1017.91,4307837556.750413,72144376.88184188
2022-06-19,930.12,3922399248.4766216,65203953.94662797
2022-06-20,1056.54,4457664922.764555,2519842.33014858
2022-06-21,1064.69,4501647032.740176,2088131.0493336944
2022-06-22,1063.22,4490670024.552946,2166202.5256097307
2022-06-23,998.16,4218075087.8180566,2523066.5114084887
2022-06-24,1090.39,4614888480.122886,2329470.819891272
2022-06-25,1181.5,5038149370.953691,2986440.4894663705
2022-06-26,1201.08,5060528237.822553,3400981.0972329774
2022-06-27,1161.02,4915147104.206046,39532976.327136196
2022-06-28,1152.75,4884596047.889135,25777841.55627736
2022-06-29,1097.63,4640821767.797468,26194153.56161128
2022-06-30,1055.95,4467892660.285434,19246206.444957767
2022-07-01,1015.34,4211619844.6465187,9962577.490992654
2022-07-02,1027.05,4378681789.618856,11057438.956384674
2022-07-03,1026.66,4353436415.376632,8527969.74026335
2022-07-04,1039.78,4411805835.972882,14116535.639327826
2022-07-05,1116.87,4729292134.636917,10224447.29706729
2022-07-06,1099.28,4661843869.536346,15638845.568545705
2022-07-07,1154.65,4902711789.943342,10510706.674543843
2022-07-08,1206.93,5123663863.524259,9364204.158156898
2022-07-09,1196.22,5102008282.903102,14025801.367684666
2022-07-10,1183.44,5017250643.718504,6882784.684352385
2022-07-11,1135.39,4818834088.345334,4553914.279320819
2022-07-12,1066.11,4533671782.678072,5689682.924552903
2022-07-13,1000.72,4261062148.2572255,64040887.86782658
2022-07-14,1071.87,4542205959.072858,30204801.376096275
2022-07-15,1151.73,4887508290.928523,15925656.257954458
2022-07-16,1194.61,5067415086.312718,21930480.077347286
2022-07-17,1316.02,5581292701.920685,21307362.285560627
2022-07-18,1306.85,5581014197.252612,23721646.76383771
2022-07-19,1534.7,6494464366.342948,28915736.320895024
2022-07-20,1507.07,6385071674.464718,21947517.342576858
2022-07-21,1486.28,6355618438.080071,65148793.290453665
2022-07-22,1543.07,6568103615.170443,10639880.133389488
2022-07-23,1505.8,6407474200.286925,19537429.66927094
2022-07-24,1522.97,6476287387.458344,6911796.846275241
2022-07-25,1570.05,6717799826.187524,5682500.450249216
2022-07-26,1413.59,6098775348.532058,7776328.352610626
2022-07-27,1412.72,6023733117.313266,7746762.493744908
2022-07-28,1602.69,6824946533.3296175,26653423.26871598
2022-07-29,1682.07,7144959194.195663,69356240.08675295
2022-07-30,1687.69,7303606215.64289,18725477.137782503
2022-07-31,1651.1,7037492704.723047,11188078.337891314
2022-08-01,1643.35,7010984455.047548,14079972.418641832
2022-08-02,1596.27,6803570573.060276,15168200.489444397
2022-08-03,1597.2,6843160511.423947,14653637.642248861
2022-08-04,1579.64,6737417147.305449,13989863.087505884
2022-08-05,1567.0,6679602810.463341,24351363.699338585
2022-08-06,1662.55,7103591896.9214525,58913434.692894265
2022-08-07,1634.61,6994980382.731074,14975850.454498209
2022-08-08,1637.44,6991834832.758008,17391972.874687724
2022-08-09,1717.27,7338784507.626755,3124199.2292743223
2022-08-10,1644.35,7029733034.330966,3401992.719080456
2022-08-11,1785.04,7633104711.790445,4291972.608876282
2022-08-12,1822.0,7793448427.356814,4538323.635755711
2022-08-13,1903.58,8136610650.357737,3616166.3800266637
2022-08-14,1931.35,8260419685.503164,3988186.6605285485
2022-08-15,1887.14,8067516367.49971,3658653.899723171
2022-08-16,1855.69,7946792588.74309,3453034.0067584696
2022-08-17,1826.54,7825284710.344142,6051170.187502645
2022-08-18,1786.98,7637427765.662581,5147248.529463004
2022-08-19,1799.07,7705681436.400962,5888605.0808582315
2022-08-20,1570.91,6738833775.458749,6979006.035771617
2022-08-21,1533.82,6567095671.800141,4532260.958467274
2022-08-22,1580.32,6773924223.228787,5232674.894616588
2022-08-23,1581.91,6738696241.020569,5117541.44336833
2022-08-24,1618.98,6932455955.904602,4805367.683082042
2022-08-25,1611.59,6923962464.477235,3927796.445379203
2022-08-26,1654.94,7101401201.431968,4522965.991886034
2022-08-27,1464.8,6362054056.125156,2759880.814232255
2022-08-28,1451.66,6226154258.657948,1910790.3754680667
2022-08-29,1393.08,6004257750.302116,1563015.9925258006
2022-08-30,1514.17,6508334497.262884,5327974.9280273765
2022-08-31,1477.75,6380308544.950418,4378578.091807426
2022-09-01,1506.15,6466310230.106593,5811274.965511678
2022-09-02,1541.26,6619148963.0821905,4973866.884241715
2022-09-03,1525.64,6562234111.265855,5431802.598152196
2022-09-04,1506.69,6482394551.167986,4294291.667551175
2022-09-05,1525.88,6549555065.156529,4119577.2829503794
2022-09-06,1564.88,6732119356.700365,4606358.1211441625
2022-09-07,1500.43,6463655044.323632,6950405.41607843
2022-09-08,1564.83,6751875331.21695,5787851.089085595
2022-09-09,1574.14,6776403651.635008,26184932.564277414
2022-09-10,1664.96,7163879965.713063,44546550.039879434
2022-09-11,1728.96,7431824652.909487,23953584.82167037
2022-09-12,1711.97,7381004859.80098,30446271.504495226
2022-09-13,1665.39,7151962820.219782,17463699.419534888
2022-09-14,1528.91,6586261902.9927845,38983190.93633893
2022-09-15,1589.79,6827475224.868255,45550579.35814079
2022-09-16,1452.29,6277134394.381585,51086980.45424626
2022-09-17,1413.67,6095747447.794498,39893049.83775566
2022-09-18,1459.03,6303277126.333473,43649212.91638443
2022-09-19,1325.29,5729767450.9610615,35259051.162136644
2022-09-20,1365.99,5913393820.261443,40505203.977957964
2022-09-21,1312.69,5694617595.227454,39502345.45652744
2022-09-22,1243.66,5387122057.517202,22759627.6204219
2022-09-23,1320.93,5745714889.935232,15465304.681653209
2022-09-24,1324.32,5769167744.553447,31556100.091694113
2022-09-25,1310.94,5710134717.152978,9186136.726360949
2022-09-26,1291.2,5619405273.49638,24672112.432045523
2022-09-27,1328.44,5818207239.062292,17987976.414759725
2022-09-28,1327.69,5822108683.140007,103536060.20369992
2022-09-29,1335.96,5857604800.651561,12349486.727307905
2022-09-30,1330.09,5844669275.477385,17281084.96281365
2022-10-01,1326.8,5827879364.529762,19708788.97885929
2022-10-02,1308.87,5753527997.427032,10165706.756350357
2022-10-03,1274.85,5622356479.767201,19995421.76773795
2022-10-04,1315.7,5793676583.487297,4264879.6244219495
2022-10-05,1356.07,5974916740.674551,16638274.564406073
2022-10-06,1346.06,5931731566.048718,15833555.720937347
2022-10-07,1345.29,5930941805.77313,13502275.047060495
2022-10-08,1314.77,5806265004.91694,4189992.761844446
2022-10-09,1306.82,5776732446.228416,6686153.385476873
2022-10-10,1314.47,5799156347.92074,9202419.872590125
2022-10-11,1283.93,5680660386.30351,13474962.663005983
2022-10-12,1272.99,5630758239.115841,20877127.948779974
2022-10-13,1286.84,5697820052.219713,6910148.133032344
2022-10-14,1282.33,5676119985.160315,28966242.932212986
2022-10-15,1290.36,5712539613.377349,28153346.188801307
2022-10-16,1268.41,5635180566.082779,19476007.812879838
2022-10-17,1301.31,5762209296.699345,15525117.771651372
2022-10-18,1327.54,5894795478.946444,14821520.358100448
2022-10-19,1305.48,5806095000.298631,20370992.452795245
2022-10-20,1282.03,5698904040.100257,52827149.60144531
2022-10-21,1278.94,5694367108.031004,14014346.12683322
2022-10-22,1296.66,5792056235.61437,33559453.821414635
2022-10-23,1309.82,5858698610.555436,4533716.348726182
2022-10-24,1361.84,6080417096.400047,16686556.308381831
2022-10-25,1340.95,6000864795.015077,7870942.402720903
2022-10-26,1457.86,6571011371.5155735,57789795.12143576
2022-10-27,1565.24,7097175875.541156,27039221.453025695
2022-10-28,1513.54,6895282834.032576,12858980.174053088
2022-10-29,1553.58,7081753088.323587,13304673.742837327
2022-10-30,1618.07,7430097230.6077175,8084016.577720348
2022-10-31,1588.64,7325631469.486218,10247012.225513346
2022-11-01,1572.61,7285300040.137615,7599735.476546092
2022-11-02,1579.48,7344101742.065548,11317073.280349893
2022-11-03,1520.34,7101121716.646308,15081800.517908469
2022-11-04,1529.39,7144256213.7321615,22819701.3254377
2022-11-05,1642.93,7685017108.4891615,30387469.262078658
2022-11-06,1626.21,7627124839.875362,14560247.690060284
2022-11-07,1569.04,7391625840.314437,9789233.341071535
2022-11-08,1564.43,7361843184.061771,50373835.08545245
2022-11-09,1322.17,6221582993.281982,73533349.49906376
2022-11-10,1085.92,5102706662.097981,31692113.68459878
2022-11-11,1290.85,6081564269.3819475,79251438.01929364
2022-11-12,1272.4,6005197495.98456,13739591.562864136
2022-11-13,1234.19,5823106451.836141,56758467.179744035
2022-11-14,1207.62,5700367860.796303,23817293.34704218
2022-11-15,1229.87,5825501497.927515,68915169.37217723
2022-11-16,1240.6,5868133482.46255,28936688.037936527
2022-11-17,1205.55,5697457572.971102,37548023.369870745
2022-11-18,1189.19,5650395932.528888,29545634.222439818
2022-11-19,1197.99,5685078291.553492,55921092.6788221
2022-11-20,1205.16,5724675394.118849,4589203.334974308
2022-11-21,1128.2,5362498586.384487,8594080.27062334
2022-11-22,1091.66,5195826027.49819,38871311.54733409
2022-11-23,1116.7,5326801028.455854,20571092.891147237
2022-11-24,1165.61,5534286662.386819,16092828.88402632
2022-11-25,1178.7,5609657486.286354,45086866.62304968
2022-11-26,1179.11,5620289084.546999,27178258.191936634
2022-11-27,1182.82,5638320453.628352,5895187.421870058
2022-11-28,1178.85,5625232634.243158,13700930.901985632
2022-11-29,1152.59,5496891657.70437,24709206.63930003
2022-11-30,1203.57,5743891707.850835,55849381.43751764
2022-12-01,1281.49,6116877419.369578,22379093.014971767
2022-12-02,1262.6,6032034912.870484,23704664.5151321
2022-12-03,1279.05,6104776620.816607,15007996.384156385
2022-12-04,1228.17,5891968571.452104,4854234.591597152
2022-12-05,1267.63,6055458937.991422,6886927.9466601405
2022-12-06,1244.42,5957976970.385943,18283762.10762609
2022-12-07,1258.05,6011058239.5687895,16162927.726814305
2022-12-08,1221.11,5846030865.7113085,8135149.096859027
2022-12-09,1267.4,6068832127.875582,10745238.625587404
2022-12-10,1250.19,5989996723.215491,11768662.55647698
2022-12-11,1250.41,5989233154.798015,3575157.289429634
2022-12-12,1252.69,6001542958.436913,8632926.831285166
2022-12-13,1260.72,6050177551.968813,18025383.41515512
2022-12-14,1305.64,6270958557.918309,11998828.335096046
2022-12-15,1295.36,6212757857.854957,39649414.86383167
2022-12-16,1249.4,6001355340.745705,8265518.283884957
2022-12-17,1152.79,5518928210.710342,10495476.06829574
2022-12-18,1174.26,5651503638.925841,7439048.963238566
2022-12-19,1173.61,5657957094.513998,4349732.553501332
2022-12-20,1153.8,5556574363.649509,17496806.56842536
2022-12-21,1205.08,5807368000.944763,40096213.05181383
2022-12-22,1199.4,5780044454.136509,10420759.789035182
2022-12-23,1204.77,5807205405.431674,22505102.954860616
2022-12-24,1209.08,5828684124.245161,57633680.75953876
2022-12-25,1208.26,5833661382.246134,12123922.03685646
2022-12-26,1206.7,5819013703.97251,7202361.927440025
2022-12-27,1214.45,5853944169.104971,11189626.609897356
2022-12-28,1198.88,5789045787.393336,19562153.13958917
2022-12-29,1177.14,5682951506.563533,27839464.28610643
2022-12-30,1188.11,5739216952.207322,11235883.524389915
2022-12-31,1184.73,5736374003.576525,28742718.56035058
2023-01-01,1180.26,5707855127.293974,171250661.46558398
2023-01-02,1184.71,5734759124.519761,6866892.928679693
2023-01-03,1199.65,5812986113.778079,12774850.538510794
2023-01-04,1199.47,5814006574.713131,14679410.763615163
2023-01-05,1241.46,6013456003.929383,15954028.72716309
2023-01-06,1235.87,5992370267.930434,7267824.540511354
2023-01-07,1254.78,6085542773.319208,14482753.425861688
2023-01-08,1253.75,6084508690.498978,67089346.03199817
2023-01-09,1271.39,6172224255.129828,7508957.1698458735
2023-01-10,1310.56,6371381589.18455,43858832.87896333
2023-01-11,1325.12,6440767360.562783,10578390.800217709
2023-01-12,1377.78,6696082123.531617,37420361.03128733
2023-01-13,1406.44,6842988159.133516,27824389.190550547
2023-01-14,1437.85,7006794615.662371,19135455.583560158
2023-01-15,1541.94,7505040498.837343,87594283.9294595
2023-01-16,1540.32,7497916702.428108,38517541.41624783
2023-01-17,1568.45,7649381219.041487,52502631.371194765
2023-01-18,1559.59,7610379590.825803,45481645.61635209
2023-01-19,1505.53,7404334117.253815,39604783.57855561
2023-01-20,1545.45,7586885631.769587,137903163.4090561
2023-01-21,1655.93,8130903294.864454,29158220.860353447
2023-01-22,1619.26,7961839448.179484,21500899.8586145
2023-01-23,1624.85,7990588480.645748,22240480.212263264
2023-01-24,1643.97,8177354205.620351,834985189.5778962
2023-01-25,1575.4,7849875031.121959,203914704.46510273
2023-01-26,1613.33,8034690485.881267,39887171.90238046
2023-01-27,1599.15,7989636754.712247,60527595.1575982
2023-01-28,1596.19,7967721556.417488,18168753.032470237
2023-01-29,1567.99,7848932458.425067,67296008.05011372
2023-01-30,1645.12,8230941780.90216,20599331.997335576
2023-01-31,1564.71,7839174121.803632,34370731.06111937
2023-02-01,1580.36,7932232308.791936,195477680.3202243
2023-02-02,1637.27,8220482062.120646,25421543.379544184
2023-02-03,1642.84,8266851906.806078,26713835.663491525
2023-02-04,1660.0,8366514066.772184,27727719.996568203
2023-02-05,1662.03,8393107877.367451,22283299.845658362
2023-02-06,1626.75,8234225367.453091,26441752.52759864
2023-02-07,1613.33,8137621845.328571,12978919.520284038
2023-02-08,1670.16,8454810573.185893,97437364.71567096
2023-02-09,1648.02,8358434660.907914,36659350.67657947
2023-02-10,1542.41,7825596026.610581,62268153.14136796
2023-02-11,1513.45,7695397298.787022,78651387.50380619
2023-02-12,1546.71,7843454141.0508175,73785946.818128
2023-02-13,1538.68,7880399059.426295,49398384.29089661
2023-02-14,1506.3,7677171476.158453,46313092.60044421
2023-02-15,1556.93,7945234017.430379,9655653.844790682
2023-02-16,1675.98,8557515578.823345,38223733.2577888
2023-02-17,1648.19,8470419661.183444,24669836.861916546
2023-02-18,1698.97,8720760186.13467,15015007.015169768
2023-02-19,1689.87,8700705358.784023,9830519.53787598
2023-02-20,1677.63,8690397836.190691,15877309.042795708
2023-02-21,1697.61,8782834579.79654,28319663.53578301
2023-02-22,1653.48,8564849762.977795,60848715.8585652
2023-02-23,1639.51,8537971362.452335,39262318.437845096
2023-02-24,1647.29,8563416095.506916,33579641.251488596
2023-02-25,1605.81,8366784564.370216,23339805.992494557
2023-02-26,1592.06,8604492272.311796,14494210.811698306
2023-02-27,1639.41,8959113585.281605,45607769.74226174
2023-02-28,1632.95,9213179805.434076,53429460.123981
2023-03-01,1603.77,9092602386.6164,13805883.71709526
2023-03-02,1662.29,9431613078.082075,15321245.890425546
2023-03-03,1647.35,9378087210.653965,23301712.33103348
2023-03-04,1568.09,8950176644.08843,20167818.510518167
2023-03-05,1566.62,8952583123.18871,9984955.62876445
2023-03-06,1563.39,8937685122.309391,6008757.247866563
2023-03-07,1566.2,8961983355.63791,11982215.806581607
2023-03-08,1562.88,8930510584.62565,11425789.887283415
2023-03-09,1534.09,8799646983.48918,14414004.910696326
2023-03-10,1438.95,8284845483.308834,7190228.161929511
2023-03-11,1428.44,8232889948.891647,35543204.53175492
2023-03-12,1460.07,8438252719.787197,218455719.5457383
2023-03-13,1579.95,9112545400.567417,127441961.10636777
2023-03-14,1672.69,9683097048.157576,467352726.872634
2023-03-15,1699.91,9864072285.039959,65162432.42739939
2023-03-16,1655.48,9598538695.49861,54467850.60384774
2023-03-17,1676.02,9725553550.410582,55946310.44253281
2023-03-18,1787.1,10375189868.458132,90824114.30901276
2023-03-19,1763.44,10287145155.793215,59921283.40524053
2023-03-20,1804.18,10520226671.0793,42098708.97835347
2023-03-21,1741.56,10174267842.562922,147123579.39603606
2023-03-22,1807.84,10546361030.684137,39059388.162231736
2023-03-23,1743.27,10187570783.45151,37240135.81237817
2023-03-24,1813.04,10650533353.713242,22569670.74814414
2023-03-25,1746.33,10285141933.85558,16896720.753751066
2023-03-26,1752.14,10265093242.353403,25286136.66522335
2023-03-27,1770.83,10426865074.025099,13587378.762423484
2023-03-28,1713.86,10054616128.86698,19961003.5632582
2023-03-29,1772.89,10418504828.506739,15466220.88022059
2023-03-30,1791.24,10540846770.296997,16534841.226133464
2023-03-31,1788.15,10521015669.528986,7691713.791238489
2023-04-01,1820.92,10743770851.14807,20932346.869217966
2023-04-02,1817.02,10718411591.528515,11485372.372078491
2023-04-03,1790.21,10558499829.85663,7915934.255871188
2023-04-04,1806.83,10676877710.104595,34873269.63330246
2023-04-05,1867.16,11026189920.544598,32511896.398593295
2023-04-06,1905.73,11283644131.611122,25556160.249159474
2023-04-07,1865.74,11046114124.74054,20255931.879220538
2023-04-08,1856.48,10995625861.716928,6338230.188889074
2023-04-09,1845.1,10937016950.55951,22949055.11215828
2023-04-10,1852.25,11013539881.990574,39903695.864595525
2023-04-11,1897.56,11271046815.94245,9021392.153481131
2023-04-12,1887.83,11209393474.825712,31821270.03290557
2023-04-13,1913.02,11364794960.16634,56852458.60896765
2023-04-14,2010.66,11951703953.507082,73017716.87721069
2023-04-15,2097.54,12513832146.251245,36874341.86444582
2023-04-16,2087.29,12483284476.654598,16401761.432076542
2023-04-17,2134.41,12812624731.116758,41377573.68366531
2023-04-18,2071.28,12469818926.726454,21927715.191707205
2023-04-19,2104.17,12709993968.132944,19761122.563011136
2023-04-20,1935.05,11725315389.67671,26842919.9494023
2023-04-21,1937.5,11767567928.750286,43327563.08234544
2023-04-22,1849.09,11249014657.430258,33448951.789833758
2023-04-23,1877.34,11469074773.642439,29931849.41191176
2023-04-24,1856.71,11371268228.910519,11513133.968656741
2023-04-25,1840.53,11300896040.15192,11832972.572860446
2023-04-26,1864.76,11479034175.824064,48339450.13670414
2023-04-27,1866.39,11470403528.97714,15796297.974981392
2023-04-28,1906.17,11766701157.397074,38985471.147805944
2023-04-29,1891.41,11724232121.724426,11781763.481996948
2023-04-30,1900.73,11792497099.543173,20015443.797749706
2023-05-01,1882.68,11698972199.023617,9985622.362402914
2023-05-02,1828.89,11376872144.771116,21114078.522804722
2023-05-03,1869.96,11685156989.602587,6483795.152178262
2023-05-04,1900.62,11938348678.21909,14504314.801947713
2023-05-05,1875.38,11790412827.968092,18212814.68299774
2023-05-06,1991.8,12556138780.655933,8787969.473416565
2023-05-07,1893.43,11953614271.73727,11215105.08631786
2023-05-08,1894.94,12108195424.050577,5350768.527871189
2023-05-09,1847.71,11769538535.919727,25934477.007758085
2023-05-10,1844.61,11800817302.922401,28696370.12792653
2023-05-11,1842.41,11881654124.60602,32725602.912484482
2023-05-12,1797.14,11661345729.374374,19886554.164071165
2023-05-13,1808.25,11929855848.1063,38935843.30329059
2023-05-14,1796.06,11950104098.197147,8892506.10798139
2023-05-15,1797.79,11948616633.29613,21290659.850667883
2023-05-16,1819.79,12145434638.212826,7675445.0368433185
2023-05-17,1823.45,12256809763.112682,9985859.60909952
2023-05-18,1818.59,11489676761.972109,15437456.30398234
2023-05-19,1801.31,11480347334.792576,12382486.560547635
2023-05-20,1810.85,11605359705.63713,8826950.82619353
2023-05-21,1817.27,11695399482.341728,9228619.214649493
2023-05-22,1804.83,11725919599.886974,8642175.200984227
2023-05-23,1816.99,11851586116.113544,12101923.833343064
2023-05-24,1851.31,12302854188.57573,7239389.257708974
2023-05-25,1800.59,12017377439.779137,11872039.548731336
2023-05-26,1804.43,12078802342.248299,6702777.673666855
2023-05-27,1827.95,12328689763.32472,6465852.681072119
2023-05-28,1827.92,12420507287.274902,2090262.1616979279
2023-05-29,1912.44,13037570395.789587,18269889.53830856
2023-05-30,1892.01,12953029632.836025,16478058.435611764
2023-05-31,1900.4,13098975639.099731,6116794.593255523
2023-06-01,1873.4,13021076320.522196,23145220.394933585
2023-06-02,1860.94,13027249236.508108,28930076.305968292
2023-06-03,1905.93,13417170747.44076,10769899.840686461
2023-06-04,1892.64,13364129970.984344,23888335.541045383
2023-06-05,1890.77,13356937962.587244,5328930.852098256
2023-06-06,1810.74,12837434305.78783,23737289.32561353
2023-06-07,1881.72,13379519056.79761,20942924.922552917
2023-06-08,1830.29,13079631108.971638,30035227.537575465
2023-06-09,1844.53,13212074480.07935,13113819.487615589
2023-06-10,1836.3,13150352881.891594,12533557.08004406
2023-06-11,1753.08,12561153562.196796,92732407.73888245
2023-06-12,1750.77,12566958722.230125,10194606.896427998
2023-06-13,1742.17,12514895138.737213,17042174.039730895
2023-06-14,1735.26,12473266141.720457,11053518.041962922
2023-06-15,1650.26,11875857482.38813,18863829.59046566
2023-06-16,1664.19,12005097733.44295,54291391.91687864
2023-06-17,1715.96,12401508407.954552,6293699.293246046
2023-06-18,1725.3,12497773072.63976,15686966.820977962
2023-06-19,1717.35,12463611506.54243,2208731.7695946405
2023-06-20,1732.31,12648930246.55503,13973765.750147574
2023-06-21,1790.5,13045144580.24388,8417964.62296934
2023-06-22,1892.28,13879165500.313904,10781776.29052375
2023-06-23,1873.4,13801461662.31047,3610628.0882519907
2023-06-24,1891.47,13956154155.485582,7405958.230199507
2023-06-25,1873.46,13852399639.962883,3982611.8832545914
2023-06-26,1898.48,14039503410.844482,2362817.865696416
2023-06-27,1858.75,13768645427.425682,18441049.573519573
2023-06-28,1888.54,14034976372.437082,3256009.904418589
2023-06-29,1828.36,13622433718.34336,3620220.112048091
2023-06-30,1853.44,13826346817.006332,1322852.5907157036
2023-07-01,1933.6,14468983365.519205,16040973.86307087
2023-07-02,1920.94,14440936396.870987,15798063.556223685
2023-07-03,1932.88,14555591869.748037,7974715.445160341
2023-07-04,1953.64,14738634582.520638,28445351.392706368
2023-07-05,1937.37,14631315834.409767,11784691.825451039
2023-07-06,1909.73,14450532938.405315,19880778.428018846
2023-07-07,1855.56,14077300253.31666,15185755.641629929
2023-07-08,1868.82,14211459495.238033,9008259.100243673
2023-07-09,1863.89,14176222860.7744,10688164.314060947
2023-07-10,1862.66,14183757370.198599,9027023.764638474
2023-07-11,1879.15,14303778624.657835,9202975.527058955
2023-07-12,1878.38,14327737164.94914,21092168.305821583
2023-07-13,1872.94,14372019051.594494,18719629.79549111
2023-07-14,2003.05,15394436577.33244,20826424.953466088
2023-07-15,1935.58,14916736320.931376,18854015.7621633
2023-07-16,1930.48,14920946853.556885,8396781.523721593
2023-07-17,1923.09,14851533624.241224,3581791.8371243994
2023-07-18,1910.59,14792944879.373808,17192962.023952812
2023-07-19,1896.01,14689731096.028547,20458044.86798784
2023-07-20,1890.21,14653634680.31486,23724896.383596413
2023-07-21,1890.76,14698229763.050348,20290040.296384323
2023-07-22,1891.52,14706664429.081219,24600194.191680852
2023-07-23,1858.69,14454240801.063433,28769736.829710916
2023-07-24,1886.87,14739939371.555532,9217959.476056304
2023-07-25,1850.73,14465557579.474003,18213362.6048622
2023-07-26,1857.22,14560396379.829506,3824616.1647629845
2023-07-27,1871.91,14680735652.068718,16898693.921443567
2023-07-28,1857.89,14631806420.333897,14332398.144146917
2023-07-29,1874.51,14802330305.789785,12325073.801056996
2023-07-30,1879.41,14866129877.042194,8847649.856718142
2023-07-31,1859.79,14739272676.205055,67648892.09927827
2023-08-01,1857.55,14758278423.256407,111384819.26671536
2023-08-02,1879.22,14845044810.330414,72484659.77919583
2023-08-03,1836.06,14622113009.402468,43552961.48885914
2023-08-04,1835.27,14608785871.659029,24833590.723732498
2023-08-05,1827.44,14592643450.681702,31489694.454938337
2023-08-06,1835.1,14640752800.217916,6371593.972550152
2023-08-07,1826.24,14583167670.943533,26173043.144569162
2023-08-08,1821.72,14559781857.915077,2265095.249240333
2023-08-09,1856.8,14858626035.796799,80950309.91820213
2023-08-10,1855.36,14883030152.614477,33245589.84917804
2023-08-11,1849.45,14891867268.091602,22500456.483789563
2023-08-12,1846.3,14861851192.255163,22880008.911015734
2023-08-13,1846.71,14933314406.103376,2289124.3848210364
2023-08-14,1837.91,14877132696.766102,3616811.8940067803
2023-08-15,1842.55,14932196393.363676,5027849.070381252
2023-08-16,1826.36,14849881755.752842,18299361.448946506
2023-08-17,1807.9,14732257513.906897,17776128.62031863
2023-08-18,1678.53,13700344341.671913,27553657.338982858
2023-08-19,1659.99,13560560825.12622,25265068.441063404
2023-08-20,1668.86,13683448649.885233,24361720.30621833
2023-08-21,1683.12,13812247718.837658,5056610.743987472
