Fecha,Precio,Capitalizacion_de_Mercado,Volumen_24h,Volatilidad_a_30_dias
2020-08-20,11733.279,216660276172.505,23384200655.889,0.0
2020-08-21,11861.837,219044968220.888,20353349054.591,0.0
2020-08-22,11515.124,212896669545.750,23406354443.011,0.0
2020-08-23,11676.385,215641597239.981,19572783953.579,0.0
2020-08-24,11647.928,215347356765.461,18467219109.184,0.0
2020-08-25,11758.828,217410678530.358,20061559392.103,0.0
2020-08-26,11350.753,209658632328.370,23423332918.937,0.0
2020-08-27,11465.003,211778947737.224,20869928785.801,0.0
2020-08-28,11300.398,208747591910.155,21595917446.044,0.0
2020-08-29,11519.118,212799723684.947,19271253870.830,0.0
2020-08-30,11481.482,212114842611.543,18415439613.539,0.0
2020-08-31,11701.004,216179629567.180,19909556666.601,0.0
2020-09-01,11672.324,215921598551.330,21077276617.866,0.0
2020-09-02,11895.225,221315690777.345,25232603061.535,0.0
2020-09-03,11418.255,210746091569.714,26038738388.799,0.0
2020-09-04,10197.460,188438095255.460,49411126240.519,0.0
2020-09-05,10484.470,194040447575.931,27623487077.069,0.0
2020-09-06,10177.790,188092098308.353,56430042198.692,0.0
2020-09-07,10260.018,189621410257.035,28801019507.333,0.0
2020-09-08,10359.445,191501904758.687,26560146962.233,0.0
2020-09-09,10125.015,186825391248.726,47780699209.092,0.0
2020-09-10,10230.155,188757938083.843,21357083446.313,0.0
2020-09-11,10342.159,191180566587.059,77545788530.614,0.0
2020-09-12,10378.223,192111562749.934,20796810115.948,0.0
2020-09-13,10439.385,192997988416.481,19955498078.251,0.0
2020-09-14,10328.866,190922719938.231,21057424433.480,0.0
2020-09-15,10661.096,197010021430.240,23526143436.490,0.0
2020-09-16,10787.580,199044338127.626,23802088944.397,0.0
2020-09-17,10952.250,202524001250.493,24459086808.777,0.0
2020-09-18,10937.996,202358479464.185,23547167125.342,0.147
2020-09-19,10927.150,202091264904.969,20681771888.399,0.147
2020-09-20,11083.998,204994315602.987,18334274060.300,0.145
2020-09-21,10923.327,202032519471.269,20161733906.963,0.145
2020-09-22,10439.522,193677795064.085,23757059692.357,0.151
2020-09-23,10527.588,194731087415.290,19866578108.978,0.151
2020-09-24,10223.784,189120580778.463,19981974722.351,0.149
2020-09-25,10726.530,198514026300.179,21348447554.092,0.158
2020-09-26,10681.994,197616950282.067,19119761059.476,0.157
2020-09-27,10743.193,198687083452.043,16886146730.050,0.156
2020-09-28,10765.301,199236216251.436,17639951627.949,0.156
2020-09-29,10672.029,197720212770.895,19869963340.485,0.155
2020-09-30,10837.517,200532996047.586,18308943800.639,0.156
2020-10-01,10770.881,199310441688.836,18558607662.685,0.154
2020-10-02,10627.976,196617081790.519,20889752499.959,0.150
2020-10-03,10572.675,195660035179.733,21258724984.476,0.104
2020-10-04,10546.656,195188285650.346,16039831144.937,0.100
2020-10-05,10670.701,197494664453.793,16029160487.559,0.096
2020-10-06,10784.949,199530129891.088,17853484006.269,0.096
2020-10-07,10605.958,196314284797.013,19419734685.096,0.097
2020-10-08,10668.011,197575523784.584,17222472599.606,0.094
2020-10-09,10888.667,201518932273.679,19767968267.463,0.096
2020-10-10,11063.252,204809205392.180,19254933802.106,0.096
2020-10-11,11286.542,209268690952.585,19496631246.271,0.098
2020-10-12,11377.815,210799352797.138,16270141989.733,0.098
2020-10-13,11543.184,213726225963.205,20957733313.865,0.098
2020-10-14,11426.106,211576163357.665,19556025069.397,0.094
2020-10-15,11435.572,211756280001.141,20441486195.024,0.094
2020-10-16,11495.585,212878404236.874,20511481706.664,0.093
2020-10-17,11319.098,209993205751.023,20436703034.239,0.094
2020-10-18,11365.814,210421523306.691,15650920221.100,0.094
2020-10-19,11495.900,212752326976.492,15569792414.423,0.094
2020-10-20,11752.147,217391050812.659,18121468516.272,0.095
2020-10-21,11908.709,220404884318.978,21431994055.829,0.082
2020-10-22,12806.436,236717318526.157,29314287990.069,0.108
2020-10-23,12951.044,240257678153.835,25070864646.765,0.101
2020-10-24,12928.072,239590543523.723,21379873277.586,0.093
2020-10-25,13106.046,242785151288.079,19302801174.759,0.092
2020-10-26,13021.411,241326618198.731,18998745579.318,0.093
2020-10-27,13060.792,242141178089.608,21507619985.694,0.093
2020-10-28,13655.185,253004886697.361,23918511528.069,0.099
2020-10-29,13282.999,245661872194.442,26825856788.113,0.105
2020-10-30,13441.878,249545455596.330,22860841953.832,0.104
2020-10-31,13537.174,250845436637.920,23482756915.114,0.102
2020-11-01,13778.638,255329261020.616,22691200479.405,0.102
2020-11-02,13720.361,254260250527.505,19771957707.937,0.102
2020-11-03,13558.362,251266177558.480,22630851230.495,0.104
2020-11-04,13989.976,259277183164.551,22602862338.464,0.107
2020-11-05,14101.716,261103557610.748,25857225138.465,0.103
2020-11-06,15553.332,288118007577.426,36313255719.023,0.139
2020-11-07,15548.312,288563189165.388,34523587704.571,0.139
2020-11-08,14818.459,274687727889.983,30369855794.733,0.151
2020-11-09,15496.316,287116472704.394,24082570971.891,0.155
2020-11-10,15335.342,284292217075.769,29501754042.783,0.156
2020-11-11,15278.710,283242342238.514,21918753732.666,0.157
2020-11-12,15686.906,291215273242.189,23990613793.268,0.156
2020-11-13,16265.149,301529322417.461,28001128791.211,0.158
2020-11-14,16326.815,302672502422.090,24826304419.558,0.158
2020-11-15,16095.562,298290647831.244,22096608221.167,0.158
2020-11-16,15984.674,296277008765.190,19184714602.510,0.159
2020-11-17,16714.404,309857769717.029,24606359052.385,0.162
2020-11-18,17651.820,327448838765.298,31572384445.723,0.168
2020-11-19,17829.935,330792375072.031,40089857655.311,0.168
2020-11-20,17819.757,330526082018.529,30586797551.712,0.156
2020-11-21,18628.813,345552251091.159,28731271104.014,0.160
2020-11-22,18689.529,346623937352.167,31201880851.778,0.159
2020-11-23,18390.612,342078349285.096,33010231293.959,0.162
2020-11-24,18360.693,340635146714.398,33389683851.428,0.161
2020-11-25,19091.524,354209935573.803,49429532567.345,0.163
2020-11-26,18753.289,348158099247.163,32146102840.277,0.163
2020-11-27,17138.030,317999016791.451,48738957776.520,0.186
2020-11-28,17140.276,318057301370.379,30680336583.343,0.186
2020-11-29,17718.973,328812520405.742,24501260966.046,0.188
2020-11-30,18169.954,336495192223.014,23940328528.712,0.189
2020-12-01,19609.521,363927715778.688,36160827241.442,0.200
2020-12-02,18857.417,349587593227.142,38614628143.573,0.205
2020-12-03,19208.398,356517705143.294,28923102074.827,0.204
2020-12-04,19435.205,360661550057.297,24342606870.709,0.204
2020-12-05,18711.227,347850442856.636,26369871383.262,0.187
2020-12-06,19139.112,355244908734.648,23333284386.266,0.187
2020-12-07,19325.554,358762118305.115,21832193872.699,0.179
2020-12-08,19198.806,356587934226.102,22034483383.949,0.175
2020-12-09,18336.515,340435142947.909,26799991795.558,0.182
2020-12-10,18564.986,344693077429.969,29806757748.848,0.182
2020-12-11,18262.058,339714540194.348,24092658533.604,0.182
2020-12-12,18058.027,335310805699.289,26080197328.252,0.180
2020-12-13,18807.095,349235537025.786,21918803313.731,0.184
2020-12-14,19151.134,355642790361.317,23550581096.075,0.183
2020-12-15,19259.970,357681110300.364,21638023119.815,0.183
2020-12-16,19432.362,360542942204.959,24173322660.107,0.178
2020-12-17,21317.662,396179736655.640,39062639738.048,0.194
2020-12-18,22805.656,423587689809.277,60693764158.562,0.204
2020-12-19,23120.571,429459534590.416,37000188847.410,0.204
2020-12-20,23863.855,443289431125.462,35252972899.693,0.202
2020-12-21,23518.318,436893169132.711,32907758817.841,0.203
2020-12-22,22840.992,424329939581.777,38423396405.393,0.205
2020-12-23,23794.793,441752551013.191,38733771616.274,0.208
2020-12-24,23308.127,433051601800.693,42917744239.824,0.207
2020-12-25,23760.287,441614502954.163,36826373658.971,0.206
2020-12-26,24671.108,458416319552.324,36622874229.829,0.183
2020-12-27,26476.130,491978602969.932,41995154622.740,0.192
2020-12-28,26423.229,493427450341.260,56654980595.931,0.192
2020-12-29,27125.384,503712223153.667,42186521237.467,0.192
2020-12-30,27424.539,509680257177.048,38081840205.602,0.180
2020-12-31,28837.289,535967306917.841,43341140482.282,0.176
2021-01-01,29022.418,539438036435.670,43503516563.295,0.176
2021-01-02,29352.127,545593282215.250,34089717988.090,0.176
2021-01-03,32163.825,597887713053.583,57273436641.223,0.185
2021-01-04,33008.226,613616917625.697,178894068361.353,0.185
2021-01-05,31515.576,585726270248.789,74657165356.227,0.196
2021-01-06,34082.206,633651671519.396,67420500715.520,0.205
2021-01-07,36933.520,682743683563.074,71027195897.951,0.202
2021-01-08,39547.084,735339707368.334,78642959829.492,0.207
2021-01-09,40815.962,758971014787.360,82846468856.352,0.202
2021-01-10,40296.529,749347201462.636,55921808671.544,0.202
2021-01-11,38397.896,714078952009.024,73381123612.693,0.215
2021-01-12,35669.907,663380898829.005,111691569520.105,0.236
2021-01-13,33938.336,629751630408.413,68954134557.367,0.246
2021-01-14,37456.008,696668634091.344,65278944793.976,0.259
2021-01-15,39232.750,729751433670.088,57519444621.687,0.249
2021-01-16,36787.521,684304915288.226,63450740093.033,0.258
2021-01-17,36254.713,674660879866.020,55054325262.440,0.260
2021-01-18,35804.264,672291934493.440,50749258739.194,0.261
2021-01-19,36595.465,682647247200.097,46769030146.768,0.259
2021-01-20,36104.864,671734819189.103,51736994549.006,0.257
2021-01-21,35587.489,662434464441.264,58406615612.069,0.258
2021-01-22,30913.696,575205510268.129,69415314297.666,0.295
2021-01-23,32957.909,613271077002.479,69549742252.370,0.300
2021-01-24,32068.087,596744391345.353,43575409684.641,0.301
2021-01-25,32273.517,600595408892.199,42810544126.178,0.294
2021-01-26,32375.320,602517850752.031,50410553261.414,0.294
2021-01-27,32582.109,606573549809.827,48489676580.411,0.293
2021-01-28,30445.526,566661443732.407,51514291052.432,0.302
2021-01-29,33128.348,616625386428.240,51075972572.460,0.310
2021-01-30,34150.819,635688668063.594,97468515525.422,0.311
2021-01-31,34199.520,636624676861.264,52001249491.108,0.311
2021-02-01,33064.787,615013848827.350,42488649643.232,0.299
2021-02-02,33405.990,621908231690.138,49268860242.666,0.299
2021-02-03,35485.986,660664104637.485,50730704376.609,0.300
2021-02-04,37494.718,695794870715.525,49762137494.207,0.295
2021-02-05,36816.508,686453802173.384,54494811707.230,0.284
2021-02-06,38007.832,706320162928.661,47446256481.715,0.277
2021-02-07,39279.413,732453192636.723,57076868562.488,0.277
2021-02-08,38833.340,723434796637.743,53802559038.809,0.277
2021-02-09,46307.574,862413737410.917,86994225365.228,0.333
2021-02-10,46569.565,867164581003.356,78828431117.055,0.322
2021-02-11,44848.693,839561451461.057,70000356395.815,0.320
2021-02-12,47815.962,890629045243.595,66187179918.888,0.311
2021-02-13,47414.186,880620921496.079,61942185128.999,0.309
2021-02-14,46941.292,874425017687.078,55312381649.338,0.301
2021-02-15,48607.875,905515462576.995,57738376570.132,0.301
2021-02-16,47898.487,892345220938.278,61061855793.763,0.301
2021-02-17,49238.137,917339726314.696,64141133353.976,0.302
2021-02-18,52143.679,971516568847.578,68478739131.429,0.304
2021-02-19,51733.076,963911356673.460,58486508605.558,0.304
2021-02-20,56038.728,1044189900351.589,71397235196.838,0.271
2021-02-21,56377.633,1050555931433.145,77351787996.105,0.267
2021-02-22,57669.304,1075380337357.914,61223272210.963,0.263
2021-02-23,54410.856,1012091985973.464,101532021847.066,0.274
2021-02-24,48691.895,904133801444.528,116689607925.815,0.301
2021-02-25,49849.379,929081504353.552,73140585468.965,0.301
2021-02-26,46992.665,875883932252.440,60355381275.545,0.298
2021-02-27,46551.487,869070614247.862,74357197463.709,0.290
2021-02-28,46653.526,869649724200.578,50989764248.828,0.290
2021-03-01,44970.163,838307614585.193,59679588927.081,0.293
2021-03-02,49787.340,928146793676.429,63218569171.598,0.305
2021-03-03,48532.237,905413239164.906,53499537416.816,0.308
2021-03-04,50577.457,942969910364.180,59212268141.166,0.305
2021-03-05,48727.451,908517236707.537,60749587836.169,0.306
2021-03-06,49091.815,911379300053.345,56568112294.268,0.304
2021-03-07,49019.369,916504852500.393,41478786533.382,0.304
2021-03-08,51313.093,955040794770.140,46146324828.481,0.305
2021-03-09,52328.536,974195000547.444,53568946625.622,0.304
2021-03-10,54700.273,1018978819157.418,57418251743.060,0.243
2021-03-11,56020.488,1044805904677.554,63560545036.797,0.244
2021-03-12,57788.868,1077836070933.286,64605228617.761,0.241
2021-03-13,57353.861,1069776383193.863,59984971691.807,0.234
2021-03-14,61315.198,1145191373521.594,67332756651.276,0.241
2021-03-15,59428.968,1111684638819.072,48104078384.274,0.244
2021-03-16,55805.329,1049197142851.563,70594488699.707,0.252
2021-03-17,56830.253,1060221966894.742,63219904254.355,0.252
2021-03-18,59014.926,1101028543248.462,63368268626.278,0.253
2021-03-19,57922.410,1081065767945.868,58387006275.728,0.248
2021-03-20,58243.271,1086741150606.817,51948388930.758,0.248
2021-03-21,58376.158,1090022321077.501,54549112635.672,0.234
2021-03-22,57573.539,1074356788297.177,55664123837.603,0.235
2021-03-23,54370.138,1020641820438.662,62001716794.843,0.241
2021-03-24,54584.870,1017637245492.018,60383378707.049,0.234
2021-03-25,52526.867,982797427007.256,73029051195.052,0.210
2021-03-26,51416.908,959155260366.741,63401640502.561,0.211
2021-03-27,55033.100,1027209990794.894,55442557956.155,0.212
2021-03-28,55832.418,1042184275332.642,47285749218.665,0.212
2021-03-29,55728.101,1039333584621.144,49315845081.424,0.212
2021-03-30,57634.929,1075942162536.995,57387039705.471,0.209
2021-03-31,58668.628,1095293012032.843,52387542500.622,0.183
2021-04-01,58817.374,1098127310946.898,57495844477.919,0.180
2021-04-02,58801.195,1098583823874.231,54320681400.568,0.177
2021-04-03,59060.027,1103133931136.551,52224918752.080,0.171
2021-04-04,57060.407,1067101827372.953,52067853987.600,0.176
2021-04-05,58228.803,1087344280109.690,46156767978.177,0.176
2021-04-06,58706.816,1096202611389.954,54670173277.087,0.171
2021-04-07,58062.179,1084341670320.814,61497704158.138,0.172
2021-04-08,56134.417,1050759681844.610,67617613532.433,0.170
2021-04-09,58065.644,1083362883828.120,48714359354.072,0.172
2021-04-10,58152.993,1085794662404.731,45880879041.761,0.169
2021-04-11,59979.393,1116221525334.327,61788197398.738,0.171
2021-04-12,59988.021,1120606689450.470,46792500386.965,0.157
2021-04-13,59911.021,1118532902101.527,55994558888.522,0.153
2021-04-14,63576.676,1187737045885.174,71993120011.183,0.151
2021-04-15,62807.123,1173412921929.888,80157135507.589,0.152
2021-04-16,63179.772,1179561609816.936,60495376851.281,0.147
2021-04-17,61497.300,1149602869702.264,86260673269.766,0.149
2021-04-18,60273.867,1125592412523.221,63808212132.536,0.150
2021-04-19,56288.945,1053618163309.577,102065957642.230,0.165
2021-04-20,55721.166,1043148020633.034,66156275209.797,0.165
2021-04-21,56294.729,1055145534127.332,68166802215.760,0.155
2021-04-22,54190.070,1012699264345.660,56115370322.141,0.159
2021-04-23,51965.566,971174701492.849,77897442831.717,0.160
2021-04-24,51191.125,956744203682.220,91138220375.460,0.160
2021-04-25,50133.107,937014999515.385,49296256745.651,0.143
2021-04-26,48981.441,915533819859.139,46233432154.225,0.144
2021-04-27,53978.806,1008389773189.793,60226926859.916,0.179
2021-04-28,54991.815,1027617870421.659,48468560013.138,0.176
2021-04-29,54810.614,1024625833392.241,48072930663.014,0.175
2021-04-30,53596.704,1001973605935.396,46958036373.360,0.176
2021-05-01,57828.512,1082721727348.043,53879045974.432,0.194
2021-05-02,57812.969,1080897634123.294,43967070045.823,0.194
2021-05-03,56600.745,1057850321948.547,39072664393.929,0.192
2021-05-04,57200.300,1069571255195.519,54132470274.075,0.191
2021-05-05,53464.370,999775008412.374,71296763919.133,0.202
2021-05-06,57432.100,1070969079353.530,72158368257.547,0.216
2021-05-07,56507.759,1056801053574.511,87510802710.776,0.214
2021-05-08,57361.569,1072831991777.406,68154805947.094,0.211
2021-05-09,58771.882,1099271802311.496,66812167538.227,0.213
2021-05-10,58213.926,1088903483393.305,67906284080.614,0.211
2021-05-11,55901.668,1045714370754.161,76672978747.690,0.214
2021-05-12,56928.972,1064993057463.888,67726708140.565,0.215
2021-05-13,50004.762,935512493150.826,75523928654.340,0.237
2021-05-14,49972.795,934964766185.964,104203551167.938,0.237
2021-05-15,49913.263,935962705739.440,56820196964.513,0.237
2021-05-16,46780.902,875321252276.108,62896879696.149,0.242
2021-05-17,46585.064,871695620615.745,70636455913.960,0.242
2021-05-18,43780.826,819256623328.731,84054878923.852,0.241
2021-05-19,43091.041,800545278567.687,65037066859.117,0.241
2021-05-20,37287.391,697785056487.605,141151477374.613,0.271
2021-05-21,40437.730,759679496751.278,95001812130.510,0.287
2021-05-22,37339.634,698762712553.734,88706010988.291,0.293
2021-05-23,37520.318,702143968883.525,61178935273.653,0.293
2021-05-24,34977.528,654558962027.584,84358034875.513,0.299
2021-05-25,38642.442,723143072419.724,71163197727.335,0.320
2021-05-26,38210.805,715248689989.895,48724794157.985,0.300
2021-05-27,39406.934,737668726732.383,47026386118.472,0.301
2021-05-28,38642.896,723137484747.147,40836817155.720,0.301
2021-05-29,35710.221,668521654364.670,49991590067.738,0.308
2021-05-30,34775.079,654239808356.659,43184025044.773,0.294
2021-05-31,35714.752,668664301773.542,30650274657.695,0.296
2021-06-01,37340.679,699138611681.297,37950798680.482,0.302
2021-06-02,36680.068,688726381047.179,33536905027.710,0.301
2021-06-03,37685.718,704531333543.391,31240691604.199,0.299
2021-06-04,39151.316,733150718114.455,33396718844.557,0.291
2021-06-05,36938.720,691747462828.362,39345490149.315,0.294
2021-06-06,35546.986,662913486273.340,34068172835.767,0.294
2021-06-07,35834.474,671131079523.729,27689283070.837,0.292
2021-06-08,33451.383,626527049947.844,33345528753.340,0.296
2021-06-09,33557.151,629018966290.401,46727462986.366,0.296
2021-06-10,37553.644,705292677171.463,54511387836.115,0.324
2021-06-11,36903.305,691681868464.472,42952476854.835,0.304
2021-06-12,37289.433,698528023663.532,36358044262.710,0.304
2021-06-13,35666.150,668148892256.364,35710196743.321,0.306
2021-06-14,39147.706,733402631079.119,38185633278.287,0.319
2021-06-15,40624.513,761104314502.287,45836408439.452,0.322
2021-06-16,40378.203,756522207420.348,36706248352.237,0.317
2021-06-17,38321.455,718016373177.285,36563438889.785,0.320
2021-06-18,38193.619,715652442155.126,36330237284.418,0.289
2021-06-19,35881.111,673761687974.492,35162612172.753,0.283
2021-06-20,35581.642,666901325910.370,28858979691.786,0.273
2021-06-21,35787.077,670634370556.615,35609127163.622,0.273
2021-06-22,31711.935,598335733135.868,51873870276.523,0.288
2021-06-23,32507.739,606580031922.724,57443014757.925,0.268
2021-06-24,33702.618,631634847766.231,39798236962.441,0.271
2021-06-25,34675.449,650340461975.814,31862051544.350,0.270
2021-06-26,31943.136,598703019611.453,38635245431.356,0.280
2021-06-27,32023.974,600235334320.825,36873109419.902,0.271
2021-06-28,34607.293,649262127990.376,34335452117.326,0.282
2021-06-29,34556.842,647741224116.934,32453802891.015,0.281
2021-06-30,35968.994,674231340724.415,35121257875.547,0.280
2021-07-01,35171.486,660200427590.478,31024153846.879,0.280
2021-07-02,33677.566,629863895571.747,29129630236.141,0.282
2021-07-03,33950.787,633684390025.561,25084046353.169,0.279
2021-07-04,34729.891,650382046624.650,22986053604.704,0.274
2021-07-05,35394.213,663571591568.196,22727930417.749,0.272
2021-07-06,33928.134,636061920914.828,25894820184.745,0.276
2021-07-07,34149.990,640405812761.686,26106856611.923,0.267
2021-07-08,33932.255,636246944189.260,23692220470.135,0.267
2021-07-09,32933.578,617861633771.989,29065577052.297,0.239
2021-07-10,33971.298,637000370375.466,24282108111.216,0.241
2021-07-11,33704.538,632185737683.155,20558304483.594,0.241
2021-07-12,34299.938,643335853171.135,17798828844.272,0.238
2021-07-13,33262.654,623350567666.981,21683885320.611,0.217
2021-07-14,32676.384,613002045101.370,19932531699.625,0.213
2021-07-15,32878.502,616691143979.958,21779069066.446,0.213
2021-07-16,31726.039,595342431373.864,21557729227.284,0.210
2021-07-17,31399.653,588495008675.518,22671859962.664,0.210
2021-07-18,31588.671,592581931071.212,17715455994.789,0.203
2021-07-19,31919.394,597872278369.111,17742105807.895,0.203
2021-07-20,30928.212,580252472382.712,20095540828.296,0.205
2021-07-21,29971.904,561743228116.548,23000299061.896,0.173
2021-07-22,32383.781,605357009416.755,29070652059.995,0.190
2021-07-23,32409.500,607621607805.350,19741588059.452,0.187
2021-07-24,33455.551,627747173675.433,22937379734.634,0.187
2021-07-25,34213.600,642012590040.641,22120323672.367,0.170
2021-07-26,35456.125,664681184168.776,20929083220.537,0.173
2021-07-27,37281.918,701921012034.664,53550491997.723,0.162
2021-07-28,39076.594,732311951673.355,36401287454.431,0.168
2021-07-29,40031.198,751371299910.515,41369107422.717,0.165
2021-07-30,39977.757,750407963580.473,28717414113.017,0.163
2021-07-31,41936.261,786531956383.648,35530501782.521,0.161
2021-08-01,41754.167,784039345926.190,28437941447.499,0.162
2021-08-02,39914.830,747403845431.828,28555173661.664,0.169
2021-08-03,39278.767,737440183775.555,28057528866.262,0.169
2021-08-04,38368.354,720835141114.334,28422901237.170,0.165
2021-08-05,39751.585,747085951935.055,27751046040.329,0.168
2021-08-06,40825.382,768416417393.597,38527930905.315,0.169
2021-08-07,42802.137,803853127161.281,40840608016.843,0.170
2021-08-08,44647.578,838457486987.611,42725276705.465,0.172
2021-08-09,43753.218,821704814136.011,39633218478.615,0.173
2021-08-10,46311.002,861862844505.610,42726733997.858,0.180
2021-08-11,45639.514,854344953098.755,35669862361.546,0.177
2021-08-12,45652.060,857660568377.386,35679832771.371,0.175
2021-08-13,44495.210,836054770491.896,35838614930.040,0.179
2021-08-14,47717.271,895084141168.800,34320865037.165,0.182
2021-08-15,47088.853,886593539912.814,33294851810.648,0.183
2021-08-16,47025.003,882888202377.709,32863850458.005,0.183
2021-08-17,46031.758,866391335029.369,34221605780.001,0.187
2021-08-18,44534.455,836777066605.980,34488116651.184,0.187
2021-08-19,45015.466,847143004614.999,34668999387.838,0.181
2021-08-20,46745.035,867650725472.864,38434805722.953,0.170
2021-08-21,49195.879,923013359587.472,36497089236.871,0.174
2021-08-22,48933.689,920750216465.385,42147725293.166,0.174
2021-08-23,49250.545,925630106451.479,27110183703.245,0.174
2021-08-24,49518.577,930729196214.295,35800255386.414,0.172
2021-08-25,47940.608,902489541307.531,38387146174.871,0.173
2021-08-26,49002.704,921328247353.563,33517327123.555,0.169
2021-08-27,47229.071,887832142450.196,33774857002.928,0.174
2021-08-28,49083.103,922969799298.940,34607868773.398,0.176
2021-08-29,48936.537,920017911098.755,28491785397.366,0.171
2021-08-30,48907.271,919515378468.847,26244843557.508,0.171
2021-08-31,47124.254,885729258052.632,32326073271.920,0.169
2021-09-01,47335.420,890014982634.899,34868965959.245,0.168
2021-09-02,48823.055,918058330851.483,39060601275.213,0.166
2021-09-03,49338.785,927323146557.212,39362789535.460,0.164
2021-09-04,49934.528,937295558515.289,42934455726.289,0.163
2021-09-05,50013.030,940538655659.808,36985805206.729,0.157
2021-09-06,51696.206,971284117138.440,31765191430.171,0.155
2021-09-07,52739.800,992868819862.231,37532574716.902,0.154
2021-09-08,46995.164,881943904968.651,64010507329.272,0.184
2021-09-09,46085.029,866885887154.311,48151104381.085,0.184
2021-09-10,46518.941,876179332243.744,38581092903.844,0.184
2021-09-11,44802.606,842222636395.468,38051987740.158,0.186
2021-09-12,45196.488,849828231595.672,34160277726.441,0.171
2021-09-13,46195.218,869122611514.091,27585855039.221,0.172
2021-09-14,45139.834,848992511473.562,40683028027.855,0.174
2021-09-15,47135.432,886524004596.606,38645575965.528,0.178
2021-09-16,48186.533,906727769791.070,30037816650.128,0.176
2021-09-17,47879.473,900990520811.935,31578783374.769,0.176
2021-09-18,47228.658,892585184977.833,27731209179.052,0.173
2021-09-19,48266.627,907957032341.134,27630476157.827,0.166
2021-09-20,47371.039,891560241243.058,26163167368.594,0.167
2021-09-21,42932.947,805826302811.350,41220025453.519,0.191
2021-09-22,40386.624,760802031650.605,45940419565.083,0.198
2021-09-23,43587.223,820460824050.953,36624234960.053,0.214
2021-09-24,44980.898,846615719473.873,33594750549.999,0.215
2021-09-25,42752.168,809772498812.680,42973070342.650,0.218
2021-09-26,42856.855,808279417023.341,30898116660.057,0.213
2021-09-27,43336.861,825341135635.717,30462815705.284,0.214
2021-09-28,42247.356,794889951096.439,30483144439.453,0.215
2021-09-29,41010.375,775534111089.489,29691944223.293,0.214
2021-09-30,41587.668,782626384092.284,30068690311.966,0.215
2021-10-01,43859.326,827840965059.613,30859918334.565,0.220
2021-10-02,48181.876,906929641888.824,42089383189.812,0.242
2021-10-03,47777.762,900582483713.112,29742127387.956,0.242
2021-10-04,48282.971,910331395887.482,26034594561.963,0.242
2021-10-05,49260.232,927812140868.052,32691763060.319,0.240
2021-10-06,51668.994,973040988102.911,35480330025.028,0.245
2021-10-07,55415.006,1044675252844.366,48462388015.802,0.227
2021-10-08,53894.596,1015246512238.866,36549815857.282,0.228
2021-10-09,54010.937,1016650501581.107,33935485256.826,0.228
2021-10-10,55125.460,1038524699061.441,31927344846.447,0.225
2021-10-11,54711.870,1030788036761.633,38579271671.070,0.225
2021-10-12,57572.511,1084736227837.661,41913482915.379,0.229
2021-10-13,56335.035,1061829863954.132,40021384610.698,0.229
2021-10-14,57487.986,1083366079898.551,41216945749.347,0.226
2021-10-15,57452.432,1082900149762.583,35994603913.188,0.226
2021-10-16,61809.024,1164782155730.325,53653355008.408,0.236
2021-10-17,61165.636,1153847028824.743,35385452268.777,0.235
2021-10-18,61583.774,1160650121141.993,29625957541.678,0.235
2021-10-19,62017.973,1173944883529.633,39610183787.235,0.233
2021-10-20,64517.649,1217582580302.557,42550624869.294,0.209
2021-10-21,66237.518,1250376460615.750,40790757381.602,0.194
2021-10-22,62541.087,1178926819140.818,48709960685.533,0.197
2021-10-23,61029.271,1151508584004.779,40766460604.969,0.199
2021-10-24,61572.140,1161166467847.434,28505039147.789,0.189
2021-10-25,61173.166,1153315262663.059,29982535557.403,0.190
2021-10-26,63228.214,1192131994832.586,30852852368.028,0.191
2021-10-27,60604.189,1143497865064.672,33233702858.095,0.195
2021-10-28,58641.001,1105754837660.925,43976252157.069,0.196
2021-10-29,60767.556,1145912030969.188,52318597556.795,0.197
2021-10-30,62283.198,1178047465292.366,38648967244.952,0.193
2021-10-31,61837.257,1166423768409.598,31810216329.530,0.172
2021-11-01,61471.868,1159841954948.483,32494948460.791,0.172
2021-11-02,61121.831,1152831210803.705,35834742028.382,0.173
2021-11-03,63247.209,1186951581189.470,37335066460.155,0.174
2021-11-04,63130.942,1187048124213.927,36561444796.930,0.170
2021-11-05,61601.744,1157101738112.731,33152275947.433,0.158
2021-11-06,61247.385,1154530569293.360,31182137447.967,0.155
2021-11-07,61661.359,1162489871875.481,31423601393.173,0.155
2021-11-08,63153.230,1191631271447.797,24877902989.784,0.156
2021-11-09,67617.016,1278797895528.361,105426313891.409,0.168
2021-11-10,67145.375,1268116896159.246,41207912437.792,0.162
2021-11-11,65061.054,1221681091090.630,48648563669.377,0.164
2021-11-12,65005.645,1228606858156.692,35457583783.214,0.164
2021-11-13,64432.048,1215930166022.901,36872626217.741,0.164
2021-11-14,64660.335,1220299721850.586,29677693457.317,0.147
2021-11-15,65648.978,1239021452560.904,26088449436.717,0.147
2021-11-16,63933.835,1206711952537.936,32107212452.298,0.149
2021-11-17,60448.563,1141910823555.960,48978396010.968,0.159
2021-11-18,60603.656,1138136620641.489,39200729529.488,0.154
2021-11-19,56987.322,1075758915731.036,41828523861.718,0.161
2021-11-20,58459.256,1103594176399.317,37851259606.142,0.155
2021-11-21,60082.912,1134300362589.290,29676550711.713,0.156
2021-11-22,59139.779,1120610791475.750,25743426946.962,0.156
2021-11-23,56386.857,1064619437494.187,34001467918.528,0.163
2021-11-24,57748.793,1090380950871.230,36421192856.536,0.161
2021-11-25,57198.184,1080039673037.492,31695369987.851,0.156
2021-11-26,58897.847,1112182356756.767,33721097081.420,0.156
2021-11-27,53827.793,1016487054819.716,41325811946.271,0.174
2021-11-28,54533.404,1030781591912.818,28256851067.703,0.172
2021-11-29,57237.661,1080980050980.763,27659464986.739,0.180
2021-11-30,57848.774,1092574224475.691,30985196646.766,0.181
2021-12-01,57011.280,1076804436724.324,35723038603.831,0.181
2021-12-02,57169.372,1079838995016.587,49383073891.000,0.177
2021-12-03,56508.268,1067406204922.564,36296342256.757,0.177
2021-12-04,53785.967,1016040747069.701,39527112725.923,0.182
2021-12-05,49161.991,930097457941.656,55941408415.036,0.199
2021-12-06,49268.470,932015145132.060,32826574574.442,0.199
2021-12-07,50461.577,953396710269.548,36126018721.827,0.199
2021-12-08,50647.663,956961313925.818,30083305919.560,0.183
2021-12-09,50530.458,954800139986.473,26590164539.060,0.183
2021-12-10,47885.872,904878061656.851,27269362515.247,0.187
2021-12-11,47303.564,893919955029.865,29611257204.741,0.186
2021-12-12,49242.302,930603779263.977,24619129766.774,0.193
2021-12-13,50051.078,945932497231.480,19871029748.356,0.195
2021-12-14,46696.305,882570058436.518,29628245402.124,0.202
2021-12-15,48410.565,915015634616.989,30152105689.953,0.206
2021-12-16,48936.863,925006387197.226,33782603071.209,0.202
2021-12-17,47694.531,901558072618.622,24699414443.566,0.202
2021-12-18,46328.696,875783175210.404,30617760444.450,0.196
2021-12-19,46970.057,887944269264.043,23305069269.644,0.195
2021-12-20,46807.049,884905649263.645,23002876885.701,0.191
2021-12-21,47117.008,890808857615.363,29356191956.182,0.192
2021-12-22,49145.217,929203956014.222,25764127608.311,0.194
2021-12-23,48755.896,921888029984.867,21887790445.928,0.191
2021-12-24,50900.615,960809259355.085,26419703744.657,0.198
2021-12-25,50888.721,962312381228.095,22535489970.197,0.195
2021-12-26,50663.487,958099737762.776,17235296605.826,0.175
2021-12-27,50852.860,961723851972.385,19632044502.131,0.175
2021-12-28,50774.068,960280703699.892,22793878136.834,0.166
2021-12-29,47725.148,902655839568.455,29538983233.487,0.175
2021-12-30,46506.995,874314106559.554,26348739119.378,0.176
2021-12-31,47191.868,892648631305.542,23753871435.217,0.177
2022-01-01,46319.651,876192941903.096,25895349604.886,0.177
2022-01-02,47816.078,904551946917.321,18904585811.034,0.176
2022-01-03,47387.212,897536090320.936,33756128241.986,0.154
2022-01-04,46531.141,880330191985.197,21890019531.578,0.155
2022-01-05,45938.024,876242689666.196,24895990583.663,0.153
2022-01-06,43647.148,827723202715.105,31837641246.018,0.160
2022-01-07,43216.459,819522879407.058,26366602396.812,0.160
2022-01-08,41527.197,787735561341.111,79685254648.076,0.156
2022-01-09,41756.662,792892599975.955,23337017232.771,0.156
2022-01-10,41862.361,791648558214.557,18016718173.609,0.150
2022-01-11,41869.859,792407724467.597,27984634062.050,0.148
2022-01-12,42777.211,809621515508.406,22813557397.822,0.136
2022-01-13,43981.877,832460077955.348,28250302540.221,0.134
2022-01-14,42608.410,806510860231.828,43905745871.293,0.136
2022-01-15,43120.855,816129314317.440,20238314434.862,0.135
2022-01-16,43226.650,816800318526.678,14651008624.735,0.133
2022-01-17,43119.792,816325578941.135,14452346388.550,0.131
2022-01-18,42298.341,800822650383.962,17694929625.846,0.132
2022-01-19,42395.459,803962100417.976,18897950050.286,0.132
2022-01-20,41749.551,790507925308.782,19626113309.554,0.124
2022-01-21,40707.682,774235809673.473,20930163211.171,0.125
2022-01-22,36508.800,692855029162.938,38296960033.316,0.149
2022-01-23,35180.435,666220701468.485,35517336417.258,0.150
2022-01-24,36306.409,687575973800.070,22865032968.608,0.157
2022-01-25,36774.007,696465421899.370,36385158448.607,0.158
2022-01-26,36988.929,700571452648.824,46168918584.853,0.158
2022-01-27,36870.440,700165819656.286,26756873749.745,0.150
2022-01-28,37276.840,702311456032.854,22057410457.281,0.150
2022-01-29,37852.579,717026944842.833,19214103304.053,0.150
2022-01-30,38232.179,722829009646.181,14178650231.622,0.151
2022-01-31,37983.151,719570142321.840,11807185113.633,0.145
2022-02-01,38555.534,727905398095.975,17731563487.284,0.147
2022-02-02,38835.695,736102274236.606,17109120250.159,0.147
2022-02-03,37000.982,700645616423.833,16709908527.231,0.153
2022-02-04,37101.352,703003347951.709,16136299994.838,0.146
2022-02-05,41673.840,777355085535.611,25347215343.883,0.195
2022-02-06,41493.690,786295053042.242,16752051696.249,0.190
2022-02-07,42475.543,804942041477.058,13206494654.908,0.192
2022-02-08,43910.930,833392518214.834,24171856714.476,0.195
2022-02-09,44184.448,837406846076.231,29024977264.932,0.195
2022-02-10,44383.888,841339973338.869,19780565063.099,0.194
2022-02-11,43628.140,826942197610.390,27877618433.981,0.193
2022-02-12,42445.389,803706779791.898,23279080009.725,0.192
2022-02-13,42254.738,799547462142.609,15479727288.783,0.192
2022-02-14,42247.836,802059713029.390,12146423251.400,0.192
2022-02-15,42634.574,808280617642.050,18090873762.823,0.192
2022-02-16,44574.321,848321283143.993,19801081788.556,0.196
2022-02-17,44063.282,836256083783.791,16847003857.433,0.196
2022-02-18,40562.987,770096677778.646,22270664615.478,0.212
2022-02-19,40073.495,759881874201.301,20130002755.178,0.211
2022-02-20,40192.759,761447243939.927,11735183838.177,0.182
2022-02-21,38514.009,730381814665.440,15998424231.018,0.183
2022-02-22,37059.979,703004241590.183,25174914104.163,0.185
2022-02-23,38337.204,727094284067.659,22212181617.200,0.188
2022-02-24,37372.293,708829287814.107,18507851467.851,0.190
2022-02-25,38363.345,727657714638.092,40839699480.891,0.191
2022-02-26,39316.162,745763194704.180,22579249141.515,0.192
2022-02-27,39090.202,741083625917.930,14568201294.745,0.192
2022-02-28,37803.590,717619764688.087,19424397945.620,0.195
2022-03-01,43225.405,819019441071.749,30634280854.538,0.242
2022-03-02,44459.592,841254375272.046,27880763034.094,0.243
2022-03-03,43980.707,834437956671.667,25615956856.403,0.243
2022-03-04,42491.978,807454920681.722,22366184128.900,0.240
2022-03-05,39200.300,743810477766.222,25121267305.979,0.254
2022-03-06,39463.147,748197160856.101,14818212144.750,0.222
2022-03-07,38442.992,729501899968.296,16995562040.607,0.223
2022-03-08,38076.494,723198804467.672,24596395439.059,0.222
2022-03-09,38732.937,735453953725.920,22556397749.428,0.220
2022-03-10,41986.034,796849504897.256,29211702119.449,0.236
2022-03-11,39468.355,749384110700.109,27653455219.041,0.244
2022-03-12,38775.176,738267961692.682,23624165274.522,0.244
2022-03-13,38903.694,738456528057.669,12440826653.847,0.242
2022-03-14,37852.525,718551088031.369,14461647575.514,0.244
2022-03-15,39669.424,751354026218.977,21250969229.222,0.249
2022-03-16,39331.847,747642430663.595,20768829817.939,0.249
2022-03-17,41165.635,779761001844.411,34974203468.766,0.249
2022-03-18,41001.710,778474325709.890,18861644942.593,0.249
2022-03-19,41837.413,794378970588.314,30316128166.490,0.236
2022-03-20,42201.940,800887993391.026,16580741571.960,0.236
2022-03-21,41283.259,784054464871.663,16856192301.960,0.237
2022-03-22,41061.816,779205413378.873,21335882483.316,0.233
2022-03-23,42401.896,803937099701.411,28688623151.357,0.231
2022-03-24,42802.155,810894331277.664,21851891598.642,0.229
2022-03-25,43936.096,834251096724.507,26212783703.864,0.228
2022-03-26,44331.778,842031938721.786,26147756108.079,0.227
2022-03-27,44510.844,845235093872.765,13676534294.229,0.226
2022-03-28,46715.118,887283025181.134,22545392529.674,0.230
2022-03-29,46994.879,892747620147.701,30051327357.067,0.226
2022-03-30,47459.261,901430001889.000,26128040680.826,0.178
2022-03-31,47063.366,895356010540.846,24497248306.347,0.176
2022-04-01,45528.407,865010142444.979,27736469645.537,0.179
2022-04-02,46270.201,879144224206.381,32948605532.135,0.176
2022-04-03,45842.145,871050305858.792,24803837259.765,0.156
2022-04-04,46434.563,882346640419.069,21510196790.303,0.156
2022-04-05,46622.636,885584977681.244,28019309650.726,0.152
2022-04-06,45635.454,867247321783.443,25474063861.606,0.154
2022-04-07,43198.775,820983263462.496,34113818641.776,0.165
2022-04-08,43515.150,827032889944.631,22960138784.304,0.143
2022-04-09,42315.710,804272478980.608,24202906401.167,0.132
2022-04-10,42796.397,812734148492.512,13949535311.531,0.130
2022-04-11,42274.907,803574629064.927,14936318818.778,0.131
2022-04-12,39603.965,752680814425.192,30168665078.210,0.144
2022-04-13,40205.678,764314681923.313,27804694935.484,0.137
2022-04-14,41205.169,783560801481.972,25453869985.972,0.138
2022-04-15,39959.457,759703443634.651,22744792147.010,0.134
2022-04-16,40586.597,771666602547.592,22053774554.177,0.135
2022-04-17,40450.379,770439827829.240,15777789210.238,0.133
2022-04-18,39739.119,755627152747.451,16627779441.568,0.134
2022-04-19,40833.538,776463403746.438,30617039399.980,0.135
2022-04-20,41498.122,789141783336.210,22717772925.290,0.136
2022-04-21,41397.220,787437397453.930,24937668255.073,0.132
2022-04-22,40528.541,770787243369.500,32131220615.550,0.133
2022-04-23,39756.849,756144456297.849,46022063018.952,0.131
2022-04-24,39561.780,752414150959.355,15010797471.968,0.130
2022-04-25,39469.050,752446283899.896,16778683767.597,0.130
2022-04-26,40488.878,770112436973.415,32883645913.965,0.122
2022-04-27,38134.215,725434540422.046,31053018153.387,0.133
2022-04-28,39237.949,746473028158.290,28170490245.866,0.136
2022-04-29,39741.767,756090806420.826,31484572271.032,0.138
2022-04-30,38650.550,735829877665.691,27758348826.409,0.137
2022-05-01,37820.612,719611115951.295,20955789685.356,0.136
2022-05-02,38537.655,733294957352.536,24857664487.015,0.138
2022-05-03,38561.565,733787526677.670,29825308569.422,0.137
2022-05-04,37758.496,718542028695.900,23070122642.328,0.137
2022-05-05,39699.024,755764276888.771,31748901527.206,0.148
2022-05-06,36612.230,696020943881.887,37402043365.584,0.158
2022-05-07,36116.394,687093350325.444,32223287014.454,0.158
2022-05-08,35573.310,678702448510.661,19130720394.980,0.157
2022-05-09,34070.312,648514321641.990,30810576501.523,0.160
2022-05-10,30269.587,576197842487.638,58369928594.327,0.191
2022-05-11,31026.934,590644412746.684,54071363210.088,0.186
2022-05-12,28913.488,549294001873.177,65985702701.505,0.194
2022-05-13,29126.116,555266177876.621,61338080283.580,0.191
2022-05-14,29310.729,558053182541.281,71541696924.399,0.191
2022-05-15,30189.333,573777699744.010,25759546763.689,0.194
2022-05-16,31319.309,596346266888.660,22948123704.173,0.199
2022-05-17,29923.607,569801943005.297,28418179221.125,0.202
2022-05-18,30502.193,581272773175.824,24964703223.575,0.201
2022-05-19,28772.201,547927169401.203,26219431165.242,0.204
2022-05-20,30382.406,578678245847.876,29190056577.431,0.215
2022-05-21,29256.813,557201657280.739,25980877919.568,0.217
2022-05-22,29491.508,561696351558.842,13561006428.369,0.217
2022-05-23,30351.050,578090387085.146,17199930154.801,0.221
2022-05-24,29163.168,555459414424.212,26646754324.711,0.223
2022-05-25,29655.026,564885248021.994,23486436836.561,0.221
2022-05-26,29584.950,563577022957.913,23108764916.207,0.216
2022-05-27,29346.781,559066076343.668,31972044691.710,0.212
2022-05-28,28646.652,545752899521.866,31756305901.006,0.212
2022-05-29,29088.236,554938694217.279,15406515372.712,0.212
2022-05-30,29492.503,561771345708.952,14496111397.934,0.213
2022-05-31,31740.941,604926607440.772,34891305294.623,0.228
2022-06-01,31865.750,607393396318.788,29770567353.488,0.228
2022-06-02,29833.450,569001624438.018,35553330791.536,0.235
2022-06-03,30481.014,580863150152.053,24232399986.261,0.229
2022-06-04,29714.143,566275595800.177,21997859590.668,0.218
2022-06-05,29872.360,568340135127.331,12911383481.844,0.218
2022-06-06,29917.764,570209935092.427,13395229055.412,0.218
2022-06-07,31372.585,597966736176.553,27644798123.298,0.221
2022-06-08,31265.469,597205650752.539,36111325508.042,0.190
2022-06-09,30229.237,576238781341.368,27080284928.565,0.191
2022-06-10,30101.188,573819802894.645,18871591862.340,0.178
2022-06-11,29101.298,554622874799.043,25663085729.429,0.181
2022-06-12,28374.145,540789214973.627,22518366769.839,0.183
2022-06-13,26767.269,514202090511.068,29834061115.625,0.189
2022-06-14,22525.768,429492202561.014,64852526179.383,0.239
2022-06-15,22244.849,423044474596.539,47639470967.891,0.237
2022-06-16,22529.198,429887916884.843,52027211446.511,0.236
2022-06-17,20408.690,389181727345.577,27449277945.593,0.246
2022-06-18,20473.053,391441740414.391,24232922585.240,0.237
2022-06-19,19047.418,362303884192.010,38920632524.161,0.243
2022-06-20,20516.412,390555374756.532,32488136325.883,0.259
2022-06-21,20636.759,392793374515.992,28346447996.780,0.256
2022-06-22,20700.924,395059669321.238,25340643362.789,0.255
2022-06-23,19983.566,381616262301.266,24955466738.111,0.254
2022-06-24,21100.271,402495826231.421,23655104386.979,0.263
2022-06-25,21262.713,407086114490.373,21955656695.749,0.264
2022-06-26,21525.880,410110791491.055,16152442749.306,0.264
2022-06-27,21052.805,401645800330.407,15392697878.418,0.263
2022-06-28,20751.478,395914576106.058,17719011287.983,0.262
2022-06-29,20282.542,386606940573.396,18161209601.432,0.246
2022-06-30,20108.529,384067866465.561,20744333507.355,0.246
2022-07-01,19608.397,365984224323.453,22816515394.911,0.241
2022-07-02,19407.447,370916529918.716,28756781114.700,0.238
2022-07-03,19268.227,367706689137.568,15601715000.679,0.238
2022-07-04,19310.233,368549364135.052,13976969844.332,0.237
2022-07-05,20257.012,386425176262.778,18634860046.372,0.245
2022-07-06,20188.780,385301783065.730,23623270105.545,0.237
2022-07-07,20566.687,392479833070.602,21755499642.283,0.239
2022-07-08,21660.597,414055638573.855,21927087503.434,0.247
2022-07-09,21858.819,417690286504.507,46645398900.963,0.248
2022-07-10,21589.628,412459838738.211,26211587451.783,0.247
2022-07-11,20859.814,398249545888.674,25037950754.003,0.248
2022-07-12,19998.468,382000290322.399,21319467248.801,0.245
2022-07-13,19350.737,370191767290.511,22074971578.290,0.192
2022-07-14,20225.239,385462566548.971,28560004360.903,0.198
2022-07-15,20574.841,393104346702.711,28732413536.670,0.199
2022-07-16,20794.812,397285233065.655,46542248374.332,0.175
2022-07-17,21193.083,404705642580.891,42051101694.798,0.176
2022-07-18,20824.363,397660610560.550,29615794461.499,0.161
2022-07-19,22395.365,425756736660.617,58636734705.483,0.160
2022-07-20,23366.908,445889013251.106,57338223361.514,0.165
2022-07-21,23313.297,446130012149.911,40775718993.798,0.165
2022-07-22,23155.208,442379611364.027,63224249257.511,0.161
2022-07-23,22696.903,433485926857.393,40304373301.415,0.154
2022-07-24,22506.200,429803379587.551,42519262113.153,0.154
2022-07-25,22613.719,433819662321.527,33108916659.054,0.154
2022-07-26,21330.295,407480099599.814,42667548128.932,0.163
2022-07-27,21235.612,405692421501.527,53995620035.181,0.162
2022-07-28,22908.884,437193517021.845,54498281944.452,0.178
2022-07-29,23822.068,454806622614.759,55609627980.657,0.181
2022-07-30,23847.583,459609388579.555,41089335195.640,0.178
2022-07-31,23653.460,451726702392.362,62102072346.808,0.178
2022-08-01,23379.701,447051019373.185,31786729326.443,0.178
2022-08-02,23333.749,445958949620.300,44489771146.511,0.178
2022-08-03,23053.847,440954684720.748,35151096516.756,0.174
2022-08-04,22860.421,437035641450.281,41334593234.075,0.174
2022-08-05,22678.364,432420621055.801,23624874220.430,0.174
2022-08-06,23225.036,443821669890.480,27040190909.828,0.168
2022-08-07,22984.580,439414782173.188,14439694271.141,0.168
2022-08-08,23197.603,442979379284.120,14324042469.271,0.168
2022-08-09,23823.679,455450642522.255,27756736787.029,0.165
2022-08-10,23203.681,443382534834.695,29738069337.776,0.161
2022-08-11,23948.830,457270455537.329,32215976525.650,0.158
2022-08-12,23948.752,458070674127.790,33892871243.717,0.154
2022-08-13,24411.380,466765701334.681,25195193357.103,0.154
2022-08-14,24433.654,467078368768.675,22240559959.522,0.154
2022-08-15,24312.541,464896345363.023,21287616855.704,0.154
2022-08-16,24179.015,462437221425.154,33404812507.805,0.152
2022-08-17,23913.334,456791042838.038,24971300201.368,0.135
2022-08-18,23359.419,447015816173.343,29567403252.001,0.130
2022-08-19,23248.384,444845955425.387,20228208349.157,0.130
2022-08-20,20945.834,400810425580.648,35142410593.122,0.164
2022-08-21,21175.233,404924875533.892,23809679190.922,0.163
2022-08-22,21615.762,413578924865.851,20476237108.352,0.165
2022-08-23,21387.747,408409110509.796,28856912427.176,0.165
2022-08-24,21562.452,412338357271.396,29331102121.793,0.155
2022-08-25,21395.458,409503007623.017,26855905243.361,0.155
2022-08-26,21618.009,413843488595.518,26767966536.315,0.133
2022-08-27,20271.323,387215087166.784,34910727805.041,0.139
2022-08-28,20069.953,383790676113.792,24463219414.743,0.139
2022-08-29,19659.247,376180531070.623,19781826309.451,0.139
2022-08-30,20308.861,389119405471.233,28706315246.140,0.145
2022-08-31,19805.351,379555151404.602,30308993725.456,0.146
2022-09-01,20023.554,383348414528.783,27825786159.856,0.147
2022-09-02,20153.976,385027707310.665,25616737335.881,0.147
2022-09-03,19941.451,381788074511.769,24078042298.340,0.147
2022-09-04,19814.564,379422449024.257,20048153187.400,0.144
2022-09-05,19980.013,382421043401.005,21537524477.369,0.145
2022-09-06,19785.734,378685143698.176,23522961655.000,0.144
2022-09-07,18859.500,361210437263.863,39940310406.476,0.146
2022-09-08,19280.625,369340091982.871,30517907004.082,0.148
2022-09-09,19322.778,369723445425.449,28936941008.359,0.143
2022-09-10,21359.583,408976281844.765,42487059054.976,0.182
2022-09-11,21707.387,415974687298.095,35941349745.244,0.181
2022-09-12,21739.804,416073628622.095,31266252145.356,0.181
2022-09-13,22339.671,427473787888.376,44006486689.445,0.184
2022-09-14,20184.967,386529657258.857,46489890914.825,0.207
2022-09-15,20255.923,387486232249.800,35789015870.392,0.207
2022-09-16,19702.170,377719382182.447,33715957206.683,0.207
2022-09-17,19764.412,377988702161.682,30187737709.580,0.207
2022-09-18,20131.675,385486747327.049,23394494073.785,0.184
2022-09-19,19437.158,372598380208.271,28689764413.699,0.187
2022-09-20,19570.387,374524246937.429,39507938864.879,0.185
2022-09-21,18869.929,361980678159.134,33890591849.677,0.188
2022-09-22,18539.635,355194467885.951,41059997264.968,0.188
2022-09-23,19464.323,372075639498.170,37660914389.892,0.196
2022-09-24,19291.905,370913140447.516,35506139423.901,0.195
2022-09-25,18939.971,363168779956.333,24644354421.618,0.186
2022-09-26,18809.411,360256894978.409,21516374222.675,0.186
2022-09-27,19219.728,367613056759.222,42560193944.418,0.187
2022-09-28,19116.331,366383164263.716,52482615483.862,0.184
2022-09-29,19444.788,372892084645.008,47494258189.704,0.183
2022-09-30,19563.765,374830625219.600,37537716230.484,0.183
2022-10-01,19476.927,373222100680.747,37848666330.672,0.182
2022-10-02,19314.464,370204708063.338,15943514602.722,0.182
2022-10-03,19065.154,366195863790.675,17859684587.646,0.183
2022-10-04,19620.568,375767908259.083,26634227151.925,0.185
2022-10-05,20345.399,390177741507.477,30974520027.944,0.188
2022-10-06,20161.831,386368899196.382,29366342083.102,0.182
2022-10-07,19949.051,382505641462.156,31354758329.142,0.181
2022-10-08,19457.309,373170861484.140,25445042398.338,0.183
2022-10-09,19418.038,372391945609.075,12996183216.305,0.148
2022-10-10,19448.149,372264710552.335,14404623229.047,0.146
2022-10-11,19142.695,367207056773.226,23743487600.537,0.147
2022-10-12,19058.628,365118514776.268,25102717820.991,0.143
2022-10-13,19153.040,367301644901.367,22339104401.384,0.108
2022-10-14,19383.943,371647189087.476,37194496437.924,0.108
2022-10-15,19198.107,367584653730.755,34806651159.135,0.105
2022-10-16,19072.781,365870425566.530,13103099352.406,0.106
2022-10-17,19272.922,369552982160.538,15683330320.160,0.104
2022-10-18,19557.896,375052275829.796,23713928577.520,0.100
2022-10-19,19348.029,371196833238.993,25848175158.687,0.100
2022-10-20,19134.243,367085331987.692,23047051893.295,0.094
2022-10-21,19031.160,365098952754.639,25712511231.936,0.092
2022-10-22,19173.280,367999082249.153,30297335038.197,0.077
2022-10-23,19203.865,368484939423.555,13362526957.658,0.077
2022-10-24,19574.824,375197423662.394,19928822961.416,0.077
2022-10-25,19316.941,370622833880.763,28657172008.918,0.078
2022-10-26,20095.152,385476931983.846,39846253138.597,0.085
2022-10-27,20774.247,398674628646.931,50667020407.514,0.090
2022-10-28,20278.366,389238872375.623,41829789298.179,0.093
2022-10-29,20591.241,395201306734.583,36165609164.568,0.094
2022-10-30,20800.707,399135164712.396,32806216910.570,0.094
2022-10-31,20623.871,395548335410.141,24707906148.749,0.094
2022-11-01,20494.601,393311097043.573,37290619694.724,0.093
2022-11-02,20489.646,393218202887.587,32262771910.727,0.089
2022-11-03,20162.981,387015867490.091,44539856162.448,0.083
2022-11-04,20210.912,387756249891.628,36562782563.979,0.082
2022-11-05,21150.316,405987599945.273,33773463079.333,0.094
2022-11-06,21282.985,408892506459.074,31061573100.605,0.089
2022-11-07,20906.998,401869336200.074,50602704770.813,0.092
2022-11-08,20597.755,395168506455.306,91750982446.387,0.093
2022-11-09,18562.353,356871594631.614,92144963385.027,0.137
2022-11-10,15742.444,301963847693.526,74978675390.593,0.204
2022-11-11,17594.924,336597208099.667,65200666543.365,0.238
2022-11-12,17080.215,325921112619.090,45030331310.750,0.239
2022-11-13,16797.987,322330608513.163,21893997140.860,0.240
2022-11-14,16344.342,313605586517.285,20411619109.008,0.241
2022-11-15,16645.829,320598982524.903,37539226046.106,0.241
2022-11-16,16890.529,324608360619.004,28676275678.942,0.241
2022-11-17,16689.397,320099234744.272,26922027947.409,0.241
2022-11-18,16718.361,321287480849.767,22011291267.356,0.241
2022-11-19,16707.023,320876918352.440,20942172141.415,0.241
2022-11-20,16712.730,321151208473.758,10844466289.901,0.241
2022-11-21,16304.077,313370674122.384,15680401749.958,0.242
2022-11-22,15814.335,303834128504.159,31057277097.348,0.242
2022-11-23,16171.629,311463297390.488,25091849198.571,0.243
2022-11-24,16608.010,319494112507.074,26858079944.170,0.241
2022-11-25,16596.036,318949911014.538,20949512927.387,0.238
2022-11-26,16524.449,317919884011.383,18933018587.766,0.237
2022-11-27,16456.156,316206865319.883,18243019109.753,0.236
2022-11-28,16459.150,316487666895.441,16551822516.185,0.236
2022-11-29,16222.211,311810991501.448,24566056814.212,0.236
2022-11-30,16441.980,316170903326.022,24663035431.352,0.237
2022-12-01,17186.503,330763402606.704,30676053555.323,0.242
2022-12-02,16972.734,326141917292.637,23319572025.364,0.242
2022-12-03,17084.873,328178365692.131,20945433171.615,0.242
2022-12-04,16923.383,326498242602.630,16931408153.950,0.236
2022-12-05,17149.932,329544949093.666,18214353301.138,0.237
2022-12-06,16973.373,326635737516.318,23204017213.930,0.237
2022-12-07,17085.643,328108161816.873,21026126511.199,0.237
2022-12-08,16851.303,324178677956.783,21192130005.604,0.217
2022-12-09,17235.014,331389860355.591,22674029585.254,0.153
2022-12-10,17149.824,329756788298.659,23179829829.170,0.097
2022-12-11,17125.365,329283186564.515,14234368489.844,0.092
2022-12-12,17101.038,328868814164.991,15681124918.738,0.091
2022-12-13,17179.596,330715694645.243,21633829199.489,0.086
2022-12-14,17784.163,342102502914.690,28941242217.592,0.091
2022-12-15,17808.716,342692750075.406,27267536668.811,0.090
2022-12-16,17338.358,333854506370.737,22754686787.817,0.094
2022-12-17,16623.758,318992400741.965,22250411214.773,0.103
2022-12-18,16806.486,323096167353.600,15086383815.776,0.103
2022-12-19,16742.817,322740705484.673,11134054723.147,0.104
2022-12-20,16422.562,316270478163.655,17719672544.892,0.102
2022-12-21,16899.332,325120443529.519,24938219697.886,0.101
2022-12-22,16816.854,323127932459.190,16062767787.358,0.099
2022-12-23,16824.790,323519254392.674,17847826941.681,0.096
2022-12-24,16791.455,323013370317.243,16765392449.951,0.096
2022-12-25,16848.569,324072643385.913,10169853734.117,0.096
2022-12-26,16842.177,323868581953.116,12574453968.758,0.095
2022-12-27,16900.082,325036912914.670,12574997282.039,0.095
2022-12-28,16701.840,321351469136.862,17436062121.514,0.095
2022-12-29,16538.906,318288869204.815,19113614755.875,0.095
2022-12-30,16644.379,320297298175.877,15683731676.998,0.083
2022-12-31,16604.021,319722045805.095,17497327983.349,0.082
2023-01-01,16540.694,318278329991.702,12013247678.030,0.082
2023-01-02,16615.969,319832024054.631,9799252684.090,0.082
2023-01-03,16674.343,321486454934.268,13023861027.769,0.080
2023-01-04,16677.646,321080820418.184,15367167883.495,0.080
2023-01-05,16855.175,324397588037.395,20836560771.724,0.080
2023-01-06,16832.099,324138957221.056,14919039445.107,0.079
2023-01-07,16960.232,326571439011.657,19046576249.729,0.076
2023-01-08,16950.862,326371741274.411,9594456673.449,0.076
2023-01-09,17074.615,328470896861.379,11841041542.994,0.076
2023-01-10,17194.909,331158152699.256,25532751567.198,0.076
2023-01-11,17436.902,335743942932.349,21858206845.292,0.078
2023-01-12,17996.833,345688973386.690,25439279072.982,0.076
2023-01-13,18866.810,363381125082.766,48025109150.177,0.090
2023-01-14,19941.781,382675302196.490,39514419053.177,0.101
2023-01-15,21019.207,405209898132.006,49498711311.533,0.100
2023-01-16,20853.231,401697403586.518,23072133987.554,0.102
2023-01-17,21175.338,407760358639.003,34809391745.545,0.101
2023-01-18,21156.784,407405144842.940,33278841336.509,0.098
2023-01-19,20726.845,399349603616.145,40612056908.809,0.100
2023-01-20,21081.671,406258441952.373,29144534677.575,0.099
2023-01-21,22705.834,436724993652.427,41321936668.628,0.120
2023-01-22,22771.023,438578588179.060,44077026803.661,0.120
2023-01-23,22736.661,438060367560.355,34124364415.439,0.120
2023-01-24,22984.875,442926343072.592,36750647385.653,0.120
2023-01-25,22610.011,435679436196.358,35621897292.952,0.123
2023-01-26,23180.423,446715261348.752,42772537174.724,0.121
2023-01-27,23024.746,444005849172.139,37099702812.228,0.121
2023-01-28,23082.858,444898315874.055,36109035905.259,0.121
2023-01-29,23022.233,443702765526.116,19567219823.878,0.121
2023-01-30,23797.461,458368002025.743,38438621263.581,0.122
2023-01-31,22840.386,439295730927.165,38594596831.972,0.133
2023-02-01,23137.324,445991168199.328,32683643418.329,0.133
2023-02-02,23725.162,457383099382.750,37452064508.174,0.133
2023-02-03,23539.677,453565018922.545,44735297656.698,0.134
2023-02-04,23451.578,452312595756.257,41267040610.764,0.135
2023-02-05,23340.350,450197147854.798,21063097082.258,0.136
2023-02-06,22946.287,442933975658.566,26678691424.550,0.138
2023-02-07,22786.483,438726385719.162,33963650031.470,0.139
2023-02-08,23294.914,449391195299.203,38850594358.699,0.140
2023-02-09,22947.508,442518382691.655,34247782005.793,0.142
2023-02-10,21820.887,420790678627.774,51161546272.352,0.152
2023-02-11,21630.133,417351358181.019,42389972640.448,0.146
2023-02-12,21889.432,422107650473.780,23574706405.839,0.136
2023-02-13,21779.874,420218240428.131,25877166000.550,0.126
2023-02-14,21807.834,420838871938.827,36761909546.144,0.126
2023-02-15,22220.071,428649056117.732,45363697019.738,0.126
2023-02-16,24307.875,468820317786.953,44336284482.190,0.156
2023-02-17,23756.907,459293697174.946,48144978044.455,0.156
2023-02-18,24628.825,475194230168.100,54200707340.941,0.159
2023-02-19,24642.791,475529620771.949,24900444765.277,0.141
2023-02-20,24284.478,470798520570.044,33664683478.333,0.142
2023-02-21,24786.666,478236525469.650,38997046274.497,0.143
2023-02-22,24417.387,470623925511.179,41991954878.448,0.144
2023-02-23,24146.101,465998918250.245,40336608135.497,0.143
2023-02-24,23951.111,461042830140.077,42356618035.350,0.142
2023-02-25,23172.287,447316067422.047,35081974267.080,0.146
2023-02-26,23157.038,447030240435.999,22999909593.109,0.146
2023-02-27,23541.116,454284528651.502,24469102669.371,0.147
2023-02-28,23518.124,454364917718.867,28832423816.479,0.143
2023-03-01,23155.544,446010055987.857,25534054046.067,0.137
2023-03-02,23634.333,456417315966.719,32507897259.084,0.138
2023-03-03,23464.337,453067155320.853,27432755758.440,0.136
2023-03-04,22367.433,431727585101.150,34239649135.070,0.144
2023-03-05,22348.330,431837491811.494,13392431931.930,0.144
2023-03-06,22421.886,433081135066.395,16080097920.161,0.144
2023-03-07,22415.114,432758824798.310,21124920006.058,0.143
2023-03-08,22217.210,427994888566.542,27780357943.163,0.143
2023-03-09,21712.651,419694984165.382,28493032424.783,0.143
2023-03-10,20376.320,392841773384.440,40173833477.661,0.154
2023-03-11,20195.229,390202255053.335,51593890225.487,0.147
2023-03-12,20521.556,394742728281.989,37746654239.617,0.148
2023-03-13,22095.713,425816781283.928,36639901908.824,0.167
2023-03-14,24178.955,466509005562.782,66799159801.958,0.191
2023-03-15,24758.765,478406045309.609,70714394276.371,0.192
2023-03-16,24470.882,472833547484.081,63107437928.814,0.192
2023-03-17,25161.272,486375597562.799,60688056874.814,0.170
2023-03-18,27466.678,530038219067.333,64617615617.802,0.191
2023-03-19,27107.792,523262280970.148,46473651090.578,0.189
2023-03-20,28186.843,546680822196.216,46394763656.038,0.192
2023-03-21,27929.168,538935400013.356,55315948514.427,0.192
2023-03-22,28264.240,545917428270.106,34430928756.272,0.191
2023-03-23,27449.255,530515158753.954,35394833933.502,0.193
2023-03-24,28459.735,549578396178.634,20360807194.563,0.195
2023-03-25,27595.495,533634255119.376,21551272690.414,0.198
2023-03-26,27670.199,534960802333.311,15053754845.314,0.194
2023-03-27,28048.470,542675619058.780,14450374261.064,0.194
2023-03-28,27182.300,525230880103.138,18519053231.637,0.197
2023-03-29,27291.350,528042785008.983,17658503318.910,0.197
2023-03-30,28394.998,548808373530.057,21097595427.490,0.199
2023-03-31,28041.123,542369769760.288,22702531379.350,0.199
2023-04-01,28516.785,551707238559.876,19112345639.962,0.199
2023-04-02,28498.945,550949831049.395,10085380788.871,0.191
2023-04-03,28236.509,545181408318.221,11682876586.815,0.192
2023-04-04,27815.427,539350908801.928,19711493345.476,0.193
2023-04-05,28175.330,544313567953.401,14871614372.831,0.193
2023-04-06,28197.200,545409754928.527,16507617903.814,0.193
2023-04-07,28042.983,542601176317.444,13079528995.140,0.190
2023-04-08,27934.439,540432353743.323,10141276803.894,0.176
2023-04-09,27968.128,541094458101.447,8844199146.180,0.175
2023-04-10,28351.237,548568597244.198,11429030269.732,0.175
2023-04-11,29657.974,574059578670.365,17475381731.252,0.166
2023-04-12,30260.936,585359301945.260,18320296514.778,0.142
2023-04-13,29904.139,578850627447.610,18407698928.067,0.143
2023-04-14,30405.027,587939018759.422,16404033694.474,0.142
2023-04-15,30468.409,589051372432.549,20984067684.216,0.140
2023-04-16,30312.162,586969785778.093,11028264273.147,0.110
2023-04-17,30304.808,586268225587.868,11188035367.077,0.109
2023-04-18,29467.460,569958059900.520,16771824487.579,0.106
2023-04-19,30365.904,587730212230.956,18078539248.521,0.110
2023-04-20,28833.218,558796473890.596,24136616861.636,0.121
2023-04-21,28255.578,546141074655.376,21695904964.799,0.120
2023-04-22,27300.157,528357279464.013,20420333533.714,0.119
2023-04-23,27861.641,539454716829.937,11700230849.968,0.117
2023-04-24,27606.578,533753154140.255,11435645306.772,0.117
2023-04-25,27511.636,532290845181.534,16443099944.647,0.116
2023-04-26,28351.218,548359667398.652,17061823985.865,0.116
2023-04-27,28352.191,548638734338.368,30540034741.285,0.116
2023-04-28,29483.522,570258039118.577,26238597379.500,0.116
2023-04-29,29339.995,568153896404.974,18730801539.182,0.115
2023-04-30,29217.944,565714356650.662,9711415138.827,0.114
2023-05-01,29362.056,568513467268.412,14707008604.647,0.114
2023-05-02,28125.501,544421676291.201,19980169281.009,0.122
2023-05-03,28654.390,554886795897.937,17699097406.189,0.122
2023-05-04,28988.321,561312171794.580,19944381490.560,0.122
2023-05-05,28846.461,558634329303.221,12676760580.080,0.122
2023-05-06,29520.322,571520224182.882,4971523630.549,0.124
2023-05-07,28887.741,559078681902.607,6463808309.439,0.126
2023-05-08,28611.439,554373015261.668,10199066943.170,0.126
2023-05-09,27696.761,536032086472.038,21535578788.860,0.130
2023-05-10,27607.392,535037100026.690,8876813250.934,0.120
2023-05-11,27639.734,534937464538.758,17159331951.190,0.118
2023-05-12,27024.766,523414877659.307,7754296234.077,0.120
2023-05-13,26787.690,518816444750.771,9157286238.193,0.118
2023-05-14,26798.126,520426027097.336,8365379054.202,0.118
2023-05-15,26911.805,521319019334.696,6019488454.420,0.118
2023-05-16,27227.793,527655229433.887,14570026781.747,0.119
2023-05-17,27022.713,523965691858.866,12927093920.903,0.116
2023-05-18,27389.972,530762551513.487,12580626234.913,0.113
2023-05-19,26842.952,520544913836.410,12599487111.939,0.103
2023-05-20,26884.371,521153640362.962,11559136131.369,0.102
2023-05-21,27093.791,525040003344.163,3882362454.220,0.096
2023-05-22,26773.830,519171380714.094,8125825605.684,0.094
2023-05-23,26869.686,520821915713.919,8025716966.179,0.094
2023-05-24,27222.938,527528695688.759,11685763863.312,0.095
2023-05-25,26338.949,510987979871.220,17477200137.109,0.095
2023-05-26,26475.608,513295724355.699,11953749225.494,0.095
2023-05-27,26717.988,517973731437.940,10994037071.452,0.086
2023-05-28,26848.240,520461980942.254,6029471707.897,0.086
2023-05-29,28110.313,544879177078.805,13144599279.479,0.099
2023-05-30,27759.747,538430950369.498,13483205892.540,0.100
2023-05-31,27713.909,537414074116.498,12766436369.816,0.091
2023-06-01,27245.474,528464394082.939,10001106221.647,0.090
2023-06-02,26824.101,520271910707.113,12156086970.873,0.090
2023-06-03,27247.740,528508990069.212,15428145241.776,0.092
2023-06-04,27066.371,525209390395.506,6673279605.630,0.088
2023-06-05,27315.448,529630092281.387,6098045626.048,0.087
2023-06-06,25792.616,500593893699.218,21208433571.873,0.102
2023-06-07,27216.616,527295592028.081,22188018260.832,0.113
2023-06-08,26346.245,510979921090.634,14723854336.094,0.117
2023-06-09,26507.910,514279355771.499,10197924963.780,0.118
2023-06-10,26469.582,513226142603.121,10464066236.481,0.116
2023-06-11,25858.123,501653860264.203,9755626714.245,0.118
2023-06-12,25916.580,502683000962.430,10439993428.366,0.118
2023-06-13,25910.363,502562686069.170,9761691909.316,0.118
2023-06-14,25872.206,501752262681.719,9921875985.889,0.117
2023-06-15,25107.755,487262840554.672,11982737579.703,0.120
2023-06-16,25564.600,495788386559.102,15184095954.030,0.121
2023-06-17,26327.326,510906153487.605,13604025863.642,0.123
2023-06-18,26501.044,514331114457.824,9533422254.890,0.123
2023-06-19,26333.093,511384956032.880,8589379740.117,0.123
2023-06-20,26779.387,519667661979.177,6651894946.454,0.124
2023-06-21,28330.891,549330089183.523,19958565664.552,0.137
2023-06-22,30101.765,584070487996.789,23757254196.777,0.149
2023-06-23,29935.632,581473706978.927,19613389213.799,0.145
2023-06-24,30629.244,594588611688.314,22630955878.973,0.146
2023-06-25,30537.817,592912110031.525,11736119929.844,0.146
2023-06-26,30454.757,591387700082.110,12076819255.305,0.146
2023-06-27,30285.505,587134340343.625,16032184116.631,0.140
2023-06-28,30693.546,595427193050.229,14411853963.110,0.139
2023-06-29,30083.477,584187696961.376,8489428028.028,0.141
2023-06-30,30466.610,591688337868.844,12545425127.446,0.140
2023-07-01,30480.781,591722375245.767,21422361050.823,0.139
2023-07-02,30583.620,593625140902.565,4210431244.433,0.138
2023-07-03,30571.887,593627203721.853,7236318143.905,0.138
2023-07-04,31134.713,604507839820.098,14755008156.778,0.138
2023-07-05,30775.624,598449423994.125,12403890725.265,0.125
2023-07-06,30484.794,592386606697.315,10260132141.462,0.115
2023-07-07,29990.055,583429029204.245,21776707863.503,0.111
2023-07-08,30315.265,588811434763.891,13018507892.815,0.111
2023-07-09,30264.197,587678367157.987,5608541981.756,0.111
2023-07-10,30169.871,585883986681.171,7559670230.189,0.108
2023-07-11,30394.281,590311894648.752,12835219756.966,0.107
2023-07-12,30620.814,594749192359.135,11753418050.422,0.107
2023-07-13,30407.416,590629381260.711,13072555444.262,0.108
2023-07-14,31446.015,610725509598.846,21254274345.702,0.105
2023-07-15,30311.828,588107447250.133,21977151420.853,0.113
2023-07-16,30297.971,588642134563.520,6233916918.783,0.111
2023-07-17,30237.335,586391434733.715,8356410453.564,0.111
2023-07-18,30147.860,585500720965.111,10974383371.547,0.111
2023-07-19,29848.032,579708613537.516,13152758553.031,0.111
2023-07-20,29919.875,581327322356.872,8545620844.327,0.096
2023-07-21,29787.042,579308712612.258,11117456853.465,0.073
2023-07-22,29914.683,581397880391.417,8492627980.928,0.072
2023-07-23,29710.156,577068525402.119,6745541064.874,0.069
2023-07-24,30057.957,584296796267.482,7427606999.413,0.070
2023-07-25,29184.902,567051778655.836,15195244950.838,0.075
2023-07-26,29222.975,568019115128.760,7929844775.363,0.075
2023-07-27,29363.673,570531781624.675,13088677750.425,0.074
2023-07-28,29200.244,567708714251.764,9047649539.812,0.072
2023-07-29,29314.097,569952119667.399,7682754827.054,0.070
2023-07-30,29356.748,570804910032.575,4882536540.912,0.071
2023-07-31,29277.756,569135711632.854,7872881636.626,0.070
2023-08-01,29233.136,568333703606.100,6641808341.386,0.070
2023-08-02,29537.110,572408929757.971,15289922840.874,0.068
2023-08-03,29146.636,567074709353.651,19266318894.087,0.069
2023-08-04,29176.151,567940644790.488,12539132810.400,0.068
2023-08-05,29087.938,565073127339.627,12112869085.656,0.067
2023-08-06,29046.800,564970113457.900,5335308729.484,0.065
2023-08-07,29044.204,564947914083.018,5360283576.270,0.065
2023-08-08,29178.148,567529179865.815,13252185122.112,0.066
2023-08-09,29779.562,579214283623.807,14603570418.919,0.069
2023-08-10,29585.488,575535414817.403,14633310097.491,0.068
2023-08-11,29423.819,572414205818.414,8106253519.025,0.068
2023-08-12,29396.848,571976559045.830,4651950357.637,0.058
2023-08-13,29412.142,572257798803.909,3994297895.289,0.046
2023-08-14,29284.970,569687130446.783,4755220448.634,0.046
2023-08-15,29400.587,572242735188.240,12408355477.111,0.046
2023-08-16,29170.490,567498309102.732,11523395157.999,0.047
2023-08-17,28754.197,559982624303.492,14809979642.373,0.048
2023-08-18,26501.587,516026928368.837,29965585683.421,0.091
2023-08-19,26042.838,506815826635.922,18062351745.504,0.092
2023-08-20,26104.779,508087686822.704,3355038748.982,0.091
2023-08-21,26160.700,509078930366.095,8304370131.834,0.092
2023-08-22,26119.006,508491920831.354,9377753161.448,0.090
2023-08-23,26033.675,506356213378.180,13702941053.015,0.087
2023-08-24,26450.009,514955818082.435,14600566342.214,0.089