Fecha,Precio,MarketCap,Volumen24h,Volatilidad30Dias
2020-08-20,0.129,4031820062.150,490727213.114,0.0
2020-08-21,0.134,4121466418.821,410697982.499,0.0
2020-08-22,0.123,3804306212.973,472861750.939,0.0
2020-08-23,0.125,3895011240.501,436863558.431,0.0
2020-08-24,0.122,3785715669.018,393530785.777,0.0
2020-08-25,0.124,3855071339.437,406394741.184,0.0
2020-08-26,0.113,3504233317.879,498886621.440,0.0
2020-08-27,0.114,3561449684.143,448522382.034,0.0
2020-08-28,0.107,3318730028.135,445998081.721,0.0
2020-08-29,0.109,3399180375.133,372495384.206,0.0
2020-08-30,0.117,3627847118.266,361328837.396,0.0
2020-08-31,0.117,3644289688.977,380535420.595,0.0
2020-09-01,0.122,3800068624.575,462276340.226,0.0
2020-09-02,0.124,3897283726.850,492424473.287,0.0
2020-09-03,0.115,3592445420.136,403602179.371,0.0
2020-09-04,0.095,2964196395.470,447179060.007,0.0
2020-09-05,0.103,3212415575.196,432365099.040,0.0
2020-09-06,0.090,2813755887.748,316776337.675,0.0
2020-09-07,0.093,2892505366.738,333667094.665,0.0
2020-09-08,0.093,2899784537.511,322785626.066,0.0
2020-09-09,0.091,2834060081.179,513444901.658,0.0
2020-09-10,0.093,2900610470.197,522884301.892,0.0
2020-09-11,0.097,3017276701.546,673573014.185,0.0
2020-09-12,0.097,3021670767.466,658363819.706,0.0
2020-09-13,0.098,3035646274.927,616070407.823,0.0
2020-09-14,0.095,2958040571.654,640311191.925,0.0
2020-09-15,0.097,3009809612.977,734506817.171,0.0
2020-09-16,0.093,2907122714.220,678077442.777,0.0
2020-09-17,0.091,2842675715.258,681410813.868,0.0
2020-09-18,0.094,2926254190.288,655152123.786,0.312
2020-09-19,0.091,2816775563.135,585526141.405,0.309
2020-09-20,0.092,2849152837.374,551088156.834,0.300
2020-09-21,0.089,2788163196.050,560728729.511,0.298
2020-09-22,0.080,2513123717.741,504270732.834,0.311
2020-09-23,0.081,2528466247.774,359254513.480,0.311
2020-09-24,0.077,2387518228.776,339256966.555,0.304
2020-09-25,0.083,2577652813.893,404377685.795,0.316
2020-09-26,0.097,2988519166.609,591858440.464,0.359
2020-09-27,0.096,2980675759.244,444216426.152,0.358
2020-09-28,0.101,3144513591.459,483494711.897,0.356
2020-09-29,0.100,3120734575.135,518815539.503,0.356
2020-09-30,0.101,3152600659.393,483215932.462,0.353
2020-10-01,0.101,3144236576.385,419980897.912,0.353
2020-10-02,0.098,3040403789.158,461060573.779,0.347
2020-10-03,0.093,2885309499.171,500670142.146,0.302
2020-10-04,0.093,2907434494.326,367633066.876,0.289
2020-10-05,0.097,3028016017.705,377484663.207,0.264
2020-10-06,0.097,3029338348.926,392793305.820,0.262
2020-10-07,0.093,2881941763.166,413991398.260,0.267
2020-10-08,0.094,2911910358.548,366881297.851,0.266
2020-10-09,0.096,2980626238.306,439008699.112,0.267
2020-10-10,0.102,3171112779.309,501320948.736,0.270
2020-10-11,0.105,3266374618.986,591635072.981,0.271
2020-10-12,0.106,3309735191.892,497461943.029,0.271
2020-10-13,0.110,3415553093.565,564323082.763,0.271
2020-10-14,0.109,3395519136.055,577952326.461,0.271
2020-10-15,0.108,3345133523.041,505567704.735,0.268
2020-10-16,0.106,3314465964.197,387251336.263,0.267
2020-10-17,0.104,3242001672.536,391236816.545,0.268
2020-10-18,0.106,3299812046.191,345640059.134,0.265
2020-10-19,0.107,3341653969.435,330911336.042,0.265
2020-10-20,0.109,3394722568.405,321415067.347,0.263
2020-10-21,0.102,3169112634.179,343169733.259,0.249
2020-10-22,0.106,3272372921.754,367380015.642,0.250
2020-10-23,0.110,3436167992.531,462511505.598,0.242
2020-10-24,0.108,3357855075.647,519972088.279,0.235
2020-10-25,0.108,3365354295.574,421211790.687,0.165
2020-10-26,0.106,3307344837.317,356841711.585,0.165
2020-10-27,0.103,3213691939.611,424406451.709,0.158
2020-10-28,0.103,3199657282.272,448476360.288,0.158
2020-10-29,0.099,3079262919.922,464168577.070,0.162
2020-10-30,0.095,2971056454.157,469593310.856,0.166
2020-10-31,0.093,2901306193.740,466949288.152,0.165
2020-11-01,0.093,2891746978.334,367673987.309,0.156
2020-11-02,0.098,3039022598.458,337986284.856,0.164
2020-11-03,0.092,2886892759.197,385193189.803,0.168
2020-11-04,0.094,2910039543.758,401038375.490,0.169
2020-11-05,0.095,2966611626.028,439427002.450,0.163
2020-11-06,0.098,3031965032.517,419487840.169,0.164
2020-11-07,0.109,3390614216.407,584959788.110,0.199
2020-11-08,0.101,3164398837.146,648559415.761,0.204
2020-11-09,0.106,3319828324.180,460824005.014,0.208
2020-11-10,0.105,3276824107.201,518814683.612,0.208
2020-11-11,0.106,3287678333.898,461012942.818,0.205
2020-11-12,0.106,3290905250.284,433570799.796,0.205
2020-11-13,0.104,3255081954.260,415958086.937,0.205
2020-11-14,0.106,3303659619.032,370453034.935,0.206
2020-11-15,0.104,3248323140.868,372055933.618,0.205
2020-11-16,0.101,3131952630.210,308740738.196,0.207
2020-11-17,0.104,3234662117.379,320419642.175,0.209
2020-11-18,0.109,3406699744.011,486808926.938,0.216
2020-11-19,0.107,3322010614.401,513742217.268,0.208
2020-11-20,0.106,3287796634.824,412896181.472,0.206
2020-11-21,0.118,3656423579.456,531264881.555,0.230
2020-11-22,0.133,4131921042.538,1080788757.979,0.260
2020-11-23,0.145,4550731601.272,1813283784.397,0.274
2020-11-24,0.154,4725945643.465,1583345915.530,0.276
2020-11-25,0.167,5164269458.974,2041517251.624,0.282
2020-11-26,0.156,4799088754.203,1262110958.146,0.293
2020-11-27,0.137,4276578257.518,1613109992.228,0.318
2020-11-28,0.141,4346114303.807,1075587570.262,0.314
2020-11-29,0.165,5124805753.784,1570661467.272,0.348
2020-11-30,0.166,5139050069.158,1365586028.753,0.347
2020-12-01,0.171,5342764712.854,1526479658.456,0.346
2020-12-02,0.156,4854424503.989,1454582580.932,0.354
2020-12-03,0.159,4950496021.081,994449650.276,0.354
2020-12-04,0.164,5107837396.334,931561938.445,0.354
2020-12-05,0.149,4656623259.719,830109788.066,0.371
2020-12-06,0.160,4964123765.838,778434830.389,0.361
2020-12-07,0.159,4938964909.513,692494525.039,0.351
2020-12-08,0.154,4801963855.153,606007826.465,0.352
2020-12-09,0.141,4408953009.352,718397782.560,0.365
2020-12-10,0.148,4620145846.074,969492620.085,0.367
2020-12-11,0.142,4434444965.111,638228958.869,0.371
2020-12-12,0.140,4345977281.987,639787380.156,0.371
2020-12-13,0.144,4511333180.892,498536611.572,0.372
2020-12-14,0.154,4786994113.814,624725108.492,0.374
2020-12-15,0.158,4907167387.664,569643692.714,0.370
2020-12-16,0.154,4796722199.957,574321991.103,0.372
2020-12-17,0.168,5183351482.887,863422173.325,0.377
2020-12-18,0.163,5078894514.589,955148307.348,0.377
2020-12-19,0.165,5113106176.705,935714849.606,0.376
2020-12-20,0.165,5135263166.305,569726214.455,0.364
2020-12-21,0.162,5040227717.545,622833650.963,0.345
2020-12-22,0.154,4777223035.782,838303952.703,0.338
2020-12-23,0.157,4872658288.605,992545291.204,0.335
2020-12-24,0.138,4367651955.025,1136208021.338,0.344
2020-12-25,0.153,4755514900.782,1237242191.759,0.354
2020-12-26,0.157,4902726521.419,979948988.090,0.333
2020-12-27,0.158,4921659619.156,1024574835.884,0.333
2020-12-28,0.155,4874263848.091,1278813155.953,0.286
2020-12-29,0.178,5510916587.138,1485346338.552,0.322
2020-12-30,0.193,5977650580.589,2524633061.792,0.332
2020-12-31,0.184,5728871576.204,1624809767.305,0.323
2021-01-01,0.182,5664962992.376,1053156167.943,0.323
2021-01-02,0.176,5459442449.831,1058190761.391,0.325
2021-01-03,0.178,5541071871.348,1247682980.652,0.309
2021-01-04,0.205,6478554204.433,2068192817.439,0.335
2021-01-05,0.219,6776976218.184,2846810326.927,0.340
2021-01-06,0.259,8086992388.540,3367998095.423,0.377
2021-01-07,0.332,10274502269.984,5744644250.203,0.443
2021-01-08,0.301,9271209679.664,3771312674.734,0.461
2021-01-09,0.308,9486227623.151,3852929126.906,0.455
2021-01-10,0.333,10474851603.194,2824226312.928,0.455
2021-01-11,0.306,9547696166.484,2905060003.694,0.469
2021-01-12,0.277,8567295374.421,3667755701.885,0.484
2021-01-13,0.288,8919293654.920,3199211911.136,0.484
2021-01-14,0.311,9668965191.987,2101875653.560,0.485
2021-01-15,0.310,9607023622.829,2179071320.309,0.482
2021-01-16,0.303,9452716399.649,2565853415.469,0.482
2021-01-17,0.352,10974418960.154,4537543259.395,0.501
2021-01-18,0.380,11944120204.049,5632481727.628,0.502
2021-01-19,0.370,11556220463.725,3594501559.179,0.503
2021-01-20,0.369,11583747204.108,2957432002.379,0.497
2021-01-21,0.376,11629239817.496,3314777145.019,0.497
2021-01-22,0.311,9813434945.823,3158075594.972,0.517
2021-01-23,0.351,10808585450.781,4093983206.349,0.521
2021-01-24,0.346,10775451797.659,2968549141.653,0.523
2021-01-25,0.352,10907245699.204,2870391825.204,0.523
2021-01-26,0.344,10718641448.677,2239860916.454,0.523
2021-01-27,0.344,10707255441.646,1848031728.980,0.510
2021-01-28,0.312,9653513519.301,1845484838.689,0.520
2021-01-29,0.345,10775736944.967,2103438290.658,0.522
2021-01-30,0.348,10870768823.235,2586671468.507,0.520
2021-01-31,0.360,11492910452.931,2354964351.045,0.517
2021-02-01,0.346,11024882710.653,1922223620.154,0.521
2021-02-02,0.401,12802876639.678,3203513341.744,0.524
2021-02-03,0.425,13649744225.961,5151435047.758,0.523
2021-02-04,0.441,14046780963.905,2963647375.472,0.498
2021-02-05,0.442,14124867498.632,2526990155.563,0.420
2021-02-06,0.539,17202094510.164,5138347917.095,0.453
2021-02-07,0.626,19854979470.034,6225004469.822,0.474
2021-02-08,0.659,20910050886.325,8483795430.598,0.472
2021-02-09,0.687,21857345265.124,6526446442.153,0.458
2021-02-10,0.706,22537176367.018,4430904463.339,0.439
2021-02-11,0.924,29471024411.441,10892994885.217,0.517
2021-02-12,0.928,29490259208.429,7257994780.917,0.517
2021-02-13,0.923,29484763500.137,5275893428.662,0.517
2021-02-14,0.904,28898521927.172,4440592841.184,0.517
2021-02-15,0.850,27180580246.006,4315179193.353,0.510
2021-02-16,0.860,27363016264.865,6170566197.389,0.509
2021-02-17,0.875,27928267753.644,4708239792.834,0.506
2021-02-18,0.889,28374309990.043,4147966953.031,0.505
2021-02-19,0.913,29081988032.468,4727330677.659,0.504
2021-02-20,0.933,29861793769.839,4500915018.129,0.457
2021-02-21,1.126,35319686744.701,10595397192.580,0.478
2021-02-22,1.105,35410060966.220,6593642966.007,0.479
2021-02-23,1.103,35028892675.360,9804462887.607,0.480
2021-02-24,0.956,30289508304.790,9841922168.551,0.508
2021-02-25,1.059,33843111261.463,7999062191.744,0.511
2021-02-26,1.077,35020140015.714,7725767289.385,0.492
2021-02-27,1.245,39925051371.214,13328352966.640,0.501
2021-02-28,1.343,42146907598.953,17436012662.324,0.500
2021-03-01,1.303,42022774483.532,14237710595.243,0.506
2021-03-02,1.303,41594037335.684,9327929929.517,0.500
2021-03-03,1.229,39334338629.339,6918648225.014,0.498
2021-03-04,1.220,39107972070.426,4665067737.673,0.500
2021-03-05,1.118,35699298071.869,6490723520.274,0.515
2021-03-06,1.165,37171491761.508,6987637522.386,0.514
2021-03-07,1.133,36209341046.998,4637649584.632,0.482
2021-03-08,1.137,36237342226.558,4460411320.369,0.462
2021-03-09,1.123,35980627649.908,3837785843.232,0.463
2021-03-10,1.189,37935761722.852,5116872043.446,0.464
2021-03-11,1.135,36408738227.808,4232588270.295,0.469
2021-03-12,1.128,35855208322.385,3648463949.804,0.361
2021-03-13,1.037,33152429641.027,4091220904.184,0.372
2021-03-14,1.102,35195036232.597,5574966052.413,0.376
2021-03-15,1.065,34009748229.638,3873912799.365,0.378
2021-03-16,1.031,33196924181.248,4425930270.171,0.373
2021-03-17,1.246,39776083076.158,8556622752.393,0.423
2021-03-18,1.383,44206349365.288,9359322303.779,0.434
2021-03-19,1.237,39635535373.705,10308489296.444,0.451
2021-03-20,1.302,41583044699.257,7537246767.764,0.453
2021-03-21,1.207,38792953193.452,4331034923.460,0.461
2021-03-22,1.189,38071795657.284,3952826743.028,0.415
2021-03-23,1.107,35708026844.135,4024094759.559,0.421
2021-03-24,1.127,36009559805.774,4313834035.689,0.422
2021-03-25,1.061,34095874084.327,3509101233.257,0.403
2021-03-26,1.097,35106594429.125,5128067561.773,0.390
2021-03-27,1.213,38738000195.676,5832300810.016,0.403
2021-03-28,1.178,37797370711.051,3239161162.133,0.373
2021-03-29,1.191,38106805966.649,2864842098.688,0.364
2021-03-30,1.201,38374558120.766,2974754356.494,0.363
2021-03-31,1.211,38747164636.982,2870621694.792,0.364
2021-04-01,1.192,38261200550.943,3359856102.295,0.359
2021-04-02,1.183,37885255531.378,2627207220.454,0.359
2021-04-03,1.190,38175120188.834,3115355141.807,0.348
2021-04-04,1.166,37354800049.676,3541823026.094,0.347
2021-04-05,1.183,37920229258.215,2514927782.597,0.346
2021-04-06,1.214,38866154208.523,3093929482.208,0.347
2021-04-07,1.255,40174301241.534,5716309191.913,0.347
2021-04-08,1.177,37822168969.255,4444431697.676,0.349
2021-04-09,1.230,39107779970.632,2806106617.456,0.349
2021-04-10,1.204,38573434366.331,2057819055.551,0.349
2021-04-11,1.218,39035365860.856,2638775983.397,0.338
2021-04-12,1.265,40619405204.806,3796665567.742,0.335
2021-04-13,1.320,42234834334.014,5005257550.248,0.334
2021-04-14,1.422,45655290039.766,5693372727.996,0.338
2021-04-15,1.456,46765701663.379,8920292802.393,0.272
2021-04-16,1.478,47301179157.600,5151594795.370,0.250
2021-04-17,1.412,45346591335.340,5343342941.515,0.229
2021-04-18,1.374,44131641785.753,3533425467.488,0.226
2021-04-19,1.278,41009185396.833,6558115732.142,0.225
2021-04-20,1.195,38453861925.159,5343870506.969,0.234
2021-04-21,1.260,40395164223.484,4665784591.156,0.228
2021-04-22,1.209,39015254845.144,4004683213.232,0.232
2021-04-23,1.149,37047031960.803,4514691271.887,0.230
2021-04-24,1.157,36959022892.478,6942995842.019,0.228
2021-04-25,1.111,35760855209.776,3606271585.386,0.206
2021-04-26,1.085,34763368261.887,2419295811.146,0.205
2021-04-27,1.235,39598607716.194,3178691426.015,0.248
2021-04-28,1.305,41847738398.145,2912984035.023,0.254
2021-04-29,1.334,42696322872.496,3050358135.850,0.255
2021-04-30,1.315,42218008953.632,3877408673.902,0.255
2021-05-01,1.354,43251677970.276,2888334738.614,0.256
2021-05-02,1.354,43444753835.555,2277071478.872,0.256
2021-05-03,1.328,42540495719.349,2419782286.298,0.255
2021-05-04,1.359,43592074191.275,2913495465.734,0.256
2021-05-05,1.278,41326027055.914,4021089366.483,0.263
2021-05-06,1.480,47368113642.072,5144102153.544,0.304
2021-05-07,1.658,53360219299.964,10492098698.611,0.316
2021-05-08,1.652,52795204748.102,7524037592.659,0.315
2021-05-09,1.616,51816643346.557,4553766443.703,0.315
2021-05-10,1.774,56886811810.619,8212379684.490,0.326
2021-05-11,1.651,53022907919.889,6748208558.615,0.336
2021-05-12,1.767,56422785745.777,6105158952.820,0.339
2021-05-13,1.568,52518502552.044,6057046769.923,0.354
2021-05-14,1.943,61871354957.584,14773012317.769,0.424
2021-05-15,2.008,64384940507.746,7649125188.423,0.425
2021-05-16,2.171,69699933668.583,14459264755.745,0.425
2021-05-17,2.286,73310457372.553,12715835565.619,0.424
2021-05-18,2.031,65556125527.352,11269771320.784,0.435
2021-05-19,2.013,64019956901.879,7411999746.112,0.428
2021-05-20,1.517,49217494677.800,15193692115.730,0.502
2021-05-21,1.794,57492844768.259,11328190219.553,0.528
2021-05-22,1.547,49480611260.999,8942198417.085,0.546
2021-05-23,1.469,47192676745.011,6665471245.217,0.550
2021-05-24,1.329,42338798442.810,8825869340.678,0.558
2021-05-25,1.543,49369920022.320,7596677080.277,0.577
2021-05-26,1.546,49752398756.772,6199929363.120,0.563
2021-05-27,1.777,56286220346.174,7062731108.257,0.578
2021-05-28,1.651,52918832311.849,5001134793.945,0.584
2021-05-29,1.515,48592867742.134,6010450897.064,0.592
2021-05-30,1.416,45847843415.410,4862190052.973,0.596
2021-05-31,1.577,50414535804.047,5832058168.472,0.605
2021-06-01,1.744,55918127620.820,5422971273.521,0.612
2021-06-02,1.738,55963404595.855,4995661237.237,0.612
2021-06-03,1.758,56498220769.130,4311239392.212,0.607
2021-06-04,1.841,59303621530.366,4342198250.214,0.590
2021-06-05,1.710,54766548459.831,5266527710.252,0.586
2021-06-06,1.659,53079740992.933,3816423285.674,0.587
2021-06-07,1.681,53706185453.487,2437926136.961,0.586
2021-06-08,1.553,50652944662.731,3066840697.305,0.584
2021-06-09,1.581,50730179591.303,5159314256.683,0.580
2021-06-10,1.622,52340455015.040,4346881435.236,0.576
2021-06-11,1.532,49447857410.757,3410895121.611,0.567
2021-06-12,1.437,45933166629.687,3307214954.899,0.516
2021-06-13,1.483,47714205696.995,3828434533.037,0.516
2021-06-14,1.567,49941414967.869,4079349030.461,0.512
2021-06-15,1.574,50416308305.587,3516582796.262,0.508
2021-06-16,1.567,50391529523.784,3023834612.647,0.497
2021-06-17,1.480,47393590799.993,2880220476.456,0.499
2021-06-18,1.487,47463238825.421,2431459358.440,0.433
2021-06-19,1.419,45667095006.094,2844133200.752,0.394
2021-06-20,1.390,44642873230.469,2406414533.202,0.370
2021-06-21,1.435,45996656094.170,3106578340.144,0.368
2021-06-22,1.183,38411041505.369,4894085554.789,0.397
2021-06-23,1.148,36599473846.527,6862558968.592,0.360
2021-06-24,1.248,40049997236.550,5017951872.055,0.373
2021-06-25,1.357,43522679454.583,4220112004.009,0.350
2021-06-26,1.277,41018597317.673,5197249259.983,0.348
2021-06-27,1.248,39931840010.706,4299368464.203,0.340
2021-06-28,1.343,43083374226.384,3290563251.002,0.343
2021-06-29,1.332,42550282680.161,3158547739.856,0.322
2021-06-30,1.371,44142782696.449,3523964121.859,0.304
2021-07-01,1.385,44441813698.787,3404132646.270,0.304
2021-07-02,1.338,43098347951.720,3076399891.306,0.305
2021-07-03,1.395,44559309654.743,3183425155.504,0.304
2021-07-04,1.410,45058814114.291,2665125395.727,0.297
2021-07-05,1.457,46894582606.131,2209143952.012,0.299
2021-07-06,1.415,45513662281.025,2786935974.386,0.299
2021-07-07,1.414,45323751370.753,2379438477.487,0.290
2021-07-08,1.402,44945443131.182,1573433402.058,0.289
2021-07-09,1.347,43210231184.620,1527044342.913,0.290
2021-07-10,1.356,43482946014.981,1433266560.020,0.285
2021-07-11,1.341,43008320824.211,1016273066.965,0.279
2021-07-12,1.349,43253582168.060,799297957.404,0.277
2021-07-13,1.320,42295830265.097,1206400014.515,0.271
2021-07-14,1.265,40565438397.054,1116285682.092,0.273
2021-07-15,1.264,40497361151.442,1276828135.401,0.273
2021-07-16,1.226,39374686507.873,1134344778.197,0.270
2021-07-17,1.172,37559740153.858,1143827311.449,0.272
2021-07-18,1.176,37700201068.364,1020948117.126,0.269
2021-07-19,1.190,38072204962.319,886906470.475,0.269
2021-07-20,1.128,36363603752.768,985379234.765,0.271
2021-07-21,1.060,34061358625.620,1744496673.595,0.216
2021-07-22,1.176,37555390538.675,2012660704.700,0.241
2021-07-23,1.188,38077856018.880,1355558235.861,0.225
2021-07-24,1.203,38578333796.337,1049399514.712,0.206
2021-07-25,1.231,39436084137.759,1102999157.488,0.200
2021-07-26,1.235,39580378055.150,1200884822.987,0.198
2021-07-27,1.255,40453902654.761,2865774184.278,0.183
2021-07-28,1.273,40761082389.761,2043574309.989,0.184
2021-07-29,1.284,41097297245.702,1679739540.331,0.182
2021-07-30,1.288,41353066882.484,1308983957.462,0.181
2021-07-31,1.306,41920164939.778,1393986955.703,0.179
2021-08-01,1.326,42626960806.384,1223097832.138,0.174
2021-08-02,1.312,41942215646.185,1556302739.118,0.174
2021-08-03,1.314,42223053588.469,1259725180.679,0.170
2021-08-04,1.370,43922298025.751,1858096819.749,0.173
2021-08-05,1.378,44244306618.727,1727438117.273,0.174
2021-08-06,1.386,44529395488.312,1691781854.894,0.174
2021-08-07,1.403,44976191368.196,1588927106.331,0.169
2021-08-08,1.478,47279023174.556,2480585765.831,0.177
2021-08-09,1.426,45815242223.606,2265330765.160,0.181
2021-08-10,1.478,47056082810.426,2142412777.081,0.184
2021-08-11,1.676,53577930723.086,3676259235.833,0.223
2021-08-12,1.799,57579550005.438,5769853245.385,0.226
2021-08-13,1.808,57851525295.062,5153417333.576,0.225
2021-08-14,2.138,67891752772.817,7460225847.358,0.277
2021-08-15,2.191,70631619782.704,7578458477.110,0.269
2021-08-16,2.167,69442698916.573,5241111651.169,0.270
2021-08-17,2.079,67363561247.768,3685779291.057,0.278
2021-08-18,1.922,62244981576.047,3125753687.819,0.285
2021-08-19,2.118,68408416408.651,4160522472.270,0.284
2021-08-20,2.292,73478460337.538,2928122400.314,0.277
2021-08-21,2.456,78606736222.062,7300638937.256,0.280
2021-08-22,2.441,78375949579.780,3831313599.677,0.282
2021-08-23,2.663,85113700351.552,5514366048.470,0.289
2021-08-24,2.915,93774043227.650,8491098515.541,0.295
2021-08-25,2.745,88117473137.344,7960262411.902,0.308
2021-08-26,2.738,87799979598.308,5484918093.249,0.309
2021-08-27,2.580,82998656158.683,5553986642.220,0.321
2021-08-28,2.934,93831078617.991,7089768799.543,0.338
2021-08-29,2.854,91545178941.287,4107700418.714,0.343
2021-08-30,2.861,91897143051.432,4342317757.388,0.344
2021-08-31,2.730,87653684618.568,4154229341.149,0.350
2021-09-01,2.785,89320739294.464,3914011834.099,0.349
2021-09-02,2.863,91803402850.638,3819285059.088,0.348
2021-09-03,2.965,95003730487.980,6329404683.246,0.348
2021-09-04,2.967,94699098504.002,4310135202.258,0.348
2021-09-05,2.838,91207581634.022,3678225416.897,0.355
2021-09-06,2.911,93377934837.929,3222834374.359,0.354
2021-09-07,2.841,91135287333.075,3596945427.956,0.352
2021-09-08,2.510,80409173519.452,9579264086.057,0.380
2021-09-09,2.477,80226388042.938,7155681412.913,0.362
2021-09-10,2.519,80864925455.618,5008904927.510,0.357
2021-09-11,2.377,76011031339.384,5063772408.976,0.364
2021-09-12,2.614,83644050025.615,7277175317.801,0.332
2021-09-13,2.598,83567686530.870,7402829012.084,0.332
2021-09-14,2.416,77370641706.128,5428095004.007,0.340
2021-09-15,2.399,76881051804.168,3461669464.284,0.337
2021-09-16,2.495,79647419225.176,3923375598.293,0.327
2021-09-17,2.426,77800286104.445,2880421283.978,0.316
2021-09-18,2.349,75633602743.408,2101364343.832,0.308
2021-09-19,2.373,75942505891.084,1786853952.616,0.299
2021-09-20,2.291,73534559243.042,1890751815.809,0.301
2021-09-21,2.081,66467363740.223,5304108501.538,0.299
2021-09-22,1.972,63007572370.169,5359857791.287,0.283
2021-09-23,2.240,71610128886.369,4336704841.580,0.315
2021-09-24,2.326,74492626868.775,2859554202.027,0.318
2021-09-25,2.271,74002539819.038,5125188372.208,0.314
2021-09-26,2.312,74201342932.368,5042846268.660,0.280
2021-09-27,2.213,72357770423.400,3307540082.588,0.282
2021-09-28,2.139,68586122051.515,2386436991.206,0.283
2021-09-29,2.038,65557023880.655,2544152362.198,0.283
2021-09-30,2.059,65835114804.144,2297621518.579,0.282
2021-10-01,2.117,67871265795.135,2092736072.865,0.282
2021-10-02,2.247,71980741780.634,2511823046.243,0.287
2021-10-03,2.247,72017933348.182,2194904017.547,0.287
2021-10-04,2.259,72529381282.708,1560814022.056,0.285
2021-10-05,2.195,70582726654.441,1630672169.712,0.284
2021-10-06,2.238,71779849396.203,1499391673.917,0.285
2021-10-07,2.213,70967214662.647,2144512119.753,0.261
2021-10-08,2.280,72987443161.141,2669936578.598,0.263
2021-10-09,2.231,71588795681.694,1521104723.948,0.263
2021-10-10,2.269,72764350708.779,1322555134.042,0.258
2021-10-11,2.196,70297930939.293,1430279071.751,0.238
2021-10-12,2.174,69443286763.178,1823096849.782,0.238
2021-10-13,2.118,67955499506.255,2149638841.667,0.230
2021-10-14,2.189,70197147291.989,1877291562.799,0.233
2021-10-15,2.174,69728970781.444,1599892626.270,0.229
2021-10-16,2.226,71349162035.326,2748616055.352,0.229
2021-10-17,2.187,70319790103.474,1883705285.375,0.227
2021-10-18,2.158,69142581315.224,1425207571.107,0.227
2021-10-19,2.128,68608888299.154,1472254043.762,0.225
2021-10-20,2.116,67789450192.071,1505341304.493,0.205
2021-10-21,2.194,70402677877.701,1964178910.714,0.200
2021-10-22,2.145,68887153531.865,3295703229.719,0.148
2021-10-23,2.166,69515903274.491,2074957085.036,0.143
2021-10-24,2.174,69699385114.508,1350109773.282,0.141
2021-10-25,2.129,68039453319.853,1377128075.273,0.141
2021-10-26,2.152,69027525982.034,1479846425.616,0.136
2021-10-27,2.139,68813391261.444,1975499713.589,0.131
2021-10-28,1.924,61715577622.510,4104852629.765,0.159
2021-10-29,1.995,64046931994.966,3519101073.976,0.163
2021-10-30,2.016,64529247718.783,2105358110.477,0.161
2021-10-31,1.951,62586219628.051,1583695724.076,0.150
2021-11-01,1.967,63182237770.934,1841470220.641,0.151
2021-11-02,1.952,62573456803.620,1949617531.461,0.150
2021-11-03,1.971,62928145589.889,1826279345.999,0.149
2021-11-04,2.068,66247488607.362,3879652302.104,0.156
2021-11-05,1.992,63622479071.930,2525252728.573,0.160
2021-11-06,1.986,63683096755.103,1514719242.581,0.156
2021-11-07,2.010,64227934287.937,1412173130.126,0.156
2021-11-08,2.027,64919758787.418,1250219546.472,0.155
2021-11-09,2.128,68502222966.522,2522468276.459,0.161
2021-11-10,2.278,73080012864.846,6481640003.570,0.175
2021-11-11,2.097,66854245720.622,5390860586.368,0.192
2021-11-12,2.085,66929489559.301,2672496436.966,0.189
2021-11-13,2.057,65779446170.061,2162176874.725,0.189
2021-11-14,2.058,65998839351.523,1323387837.913,0.187
2021-11-15,2.051,65424906569.133,982316126.189,0.187
2021-11-16,2.025,64843843866.544,1172113432.516,0.186
2021-11-17,1.885,60494621348.905,2990618053.931,0.198
2021-11-18,1.881,59962823667.265,2353167200.609,0.198
2021-11-19,1.786,57091823833.413,2206904009.052,0.199
2021-11-20,1.872,59842696071.684,1665910272.405,0.206
2021-11-21,1.928,61749371510.403,1427460384.385,0.208
2021-11-22,1.854,59666332645.030,1065197817.122,0.211
2021-11-23,1.778,56956646394.212,1434520943.757,0.213
2021-11-24,1.751,56134045744.751,1472329218.073,0.213
2021-11-25,1.669,53476780497.006,2764726047.228,0.217
2021-11-26,1.679,54011073136.074,2278200155.446,0.195
2021-11-27,1.537,49295929468.848,2630348908.631,0.206
2021-11-28,1.540,49329604411.698,1250118217.702,0.205
2021-11-29,1.593,50922677879.984,1966773435.099,0.208
2021-11-30,1.603,51581902399.900,1576848025.145,0.208
2021-12-01,1.554,49831565724.431,1572337424.099,0.209
2021-12-02,1.548,49637322980.092,1454814014.217,0.209
2021-12-03,1.714,54933481510.138,3379770868.139,0.232
2021-12-04,1.563,50422314444.391,2276864446.303,0.245
2021-12-05,1.419,45467942852.088,3640743720.547,0.259
2021-12-06,1.376,44037273599.949,2545148280.700,0.258
2021-12-07,1.418,45537066741.672,2441175917.269,0.261
2021-12-08,1.384,44403584485.646,1935731807.980,0.254
2021-12-09,1.394,44576966707.250,1568971689.044,0.239
2021-12-10,1.299,41788233144.779,1478362975.871,0.236
2021-12-11,1.215,39284567642.004,1510820463.098,0.241
2021-12-12,1.347,43030071473.752,1513577001.207,0.272
2021-12-13,1.348,43126518341.241,1270360253.852,0.272
2021-12-14,1.224,39254998728.152,1261654292.148,0.283
2021-12-15,1.266,40517314024.629,1348049274.086,0.288
2021-12-16,1.312,41883530741.138,1395379666.586,0.286
2021-12-17,1.245,39835060416.947,1067855730.963,0.289
2021-12-18,1.222,39221188621.622,1147864459.446,0.286
2021-12-19,1.244,39931897234.777,863246859.791,0.281
2021-12-20,1.246,40052534349.922,1041105662.622,0.278
2021-12-21,1.247,40024843957.418,1127335557.171,0.277
2021-12-22,1.283,41228725738.007,978770640.192,0.279
2021-12-23,1.332,42878362097.231,1332360401.624,0.283
2021-12-24,1.478,47277552497.406,1877638874.272,0.303
2021-12-25,1.397,44858561786.509,1148430340.892,0.307
2021-12-26,1.459,46766255151.998,865408025.746,0.299
2021-12-27,1.458,46723424210.614,966076689.068,0.299
2021-12-28,1.521,49030667337.009,1690731182.174,0.301
2021-12-29,1.412,45510121613.011,1884771373.822,0.309
2021-12-30,1.338,42669320699.253,1306643075.443,0.312
2021-12-31,1.358,43402759872.837,1143248114.749,0.312
2022-01-01,1.311,42196254346.328,1106501856.575,0.292
2022-01-02,1.378,44200479605.334,736142311.376,0.285
2022-01-03,1.380,44292070955.555,753645356.177,0.270
2022-01-04,1.324,42579298186.530,828444706.332,0.271
2022-01-05,1.312,42361773516.509,906279798.472,0.270
2022-01-06,1.240,39972161973.410,1224845206.290,0.274
2022-01-07,1.280,41181327448.573,1375470276.892,0.276
2022-01-08,1.214,38940980400.870,1537503330.897,0.273
2022-01-09,1.189,38305510646.898,1307167794.374,0.265
2022-01-10,1.175,37584527637.970,811699663.786,0.241
2022-01-11,1.131,36302150872.957,1307941135.931,0.243
2022-01-12,1.187,38098252395.755,952035463.440,0.231
2022-01-13,1.306,41891466165.212,1288777938.555,0.250
2022-01-14,1.237,39819346582.176,1509253079.175,0.254
2022-01-15,1.291,41149779253.901,1401461596.286,0.252
2022-01-16,1.296,41629341033.150,801645016.344,0.251
2022-01-17,1.409,45306926785.965,2190580339.563,0.265
2022-01-18,1.589,50522872800.396,4791090273.450,0.291
2022-01-19,1.471,47247124368.956,3926232291.167,0.303
2022-01-20,1.343,43125375198.710,2953432997.600,0.317
2022-01-21,1.261,40662405607.019,2255033811.662,0.321
2022-01-22,1.122,36368173704.254,2791296567.714,0.318
2022-01-23,1.072,34256465787.333,3616776502.769,0.317
2022-01-24,1.121,35957697983.575,2162148187.412,0.317
2022-01-25,1.070,34308092836.128,2857852888.593,0.319
2022-01-26,1.046,33519647999.373,1537074540.868,0.315
2022-01-27,1.078,34783150528.870,2155730729.283,0.311
2022-01-28,1.048,33601561740.915,1379581941.452,0.308
2022-01-29,1.053,33733183103.563,1032965551.039,0.308
2022-01-30,1.063,34002313217.463,783225773.258,0.307
2022-01-31,1.039,33352205324.627,632774025.757,0.301
2022-02-01,1.055,33717971205.782,817625399.755,0.302
2022-02-02,1.090,34804039586.979,979105491.408,0.303
2022-02-03,1.031,33051606754.563,955710873.933,0.307
2022-02-04,1.056,33875277868.731,765456326.608,0.304
2022-02-05,1.134,36204546433.976,1013126102.303,0.312
2022-02-06,1.130,36378045084.875,1176550216.457,0.308
2022-02-07,1.147,36862183979.286,752428785.520,0.307
2022-02-08,1.200,38523988522.329,1849002690.247,0.311
2022-02-09,1.182,37856316807.102,1992641862.390,0.308
2022-02-10,1.198,38383301474.951,1078225007.783,0.305
2022-02-11,1.154,36992223259.895,1338197847.509,0.289
2022-02-12,1.082,34703538693.845,1053881949.177,0.291
2022-02-13,1.057,33875479735.022,1051948177.880,0.288
2022-02-14,1.047,33537767336.502,801110888.902,0.287
2022-02-15,1.052,33725640380.822,957978409.760,0.271
2022-02-16,1.108,35679172598.208,1036467397.559,0.241
2022-02-17,1.085,34925054508.580,766148212.328,0.232
2022-02-18,1.021,32776487178.549,812615784.482,0.224
2022-02-19,0.999,32059403498.594,996941380.658,0.218
2022-02-20,0.999,32017660308.182,878381951.635,0.190
2022-02-21,0.934,30150673034.058,1124857649.507,0.196
2022-02-22,0.860,27688893323.617,1548137013.135,0.203
2022-02-23,0.891,28644348109.426,1600203239.597,0.203
2022-02-24,0.871,27987012931.085,1350169630.429,0.204
2022-02-25,0.854,27380809087.285,2765582272.866,0.200
2022-02-26,0.897,28804358271.907,1242827016.420,0.207
2022-02-27,0.888,28448195569.613,838819546.736,0.207
2022-02-28,0.861,27574399427.759,931897414.722,0.208
2022-03-01,0.960,30630996790.181,1359833504.488,0.240
2022-03-02,0.964,30892367858.652,1334434083.179,0.240
2022-03-03,0.939,30158715639.059,952214634.571,0.238
2022-03-04,0.905,29070217141.824,846862261.185,0.235
2022-03-05,0.844,27092657207.350,929386636.093,0.241
2022-03-06,0.867,27767699997.643,699482297.495,0.230
2022-03-07,0.825,26438548435.806,617464962.117,0.233
2022-03-08,0.798,25566969905.654,882304115.197,0.233
2022-03-09,0.802,25692133991.602,835120211.190,0.226
2022-03-10,0.850,27249486596.337,862901845.681,0.237
2022-03-11,0.808,25889503942.017,798878328.341,0.239
2022-03-12,0.791,25428798152.191,634486808.459,0.238
2022-03-13,0.791,25434710291.747,391552569.523,0.232
2022-03-14,0.792,25355708728.211,592731497.563,0.232
2022-03-15,0.804,25728914895.372,715538424.612,0.233
2022-03-16,0.800,25719829388.982,672590089.500,0.233
2022-03-17,0.838,26541616926.684,969717592.024,0.231
2022-03-18,0.838,26836330495.634,731533657.882,0.231
2022-03-19,0.854,27401653000.239,633235446.963,0.226
2022-03-20,0.901,28829284960.633,874463958.389,0.233
2022-03-21,0.877,28148726945.452,750486958.780,0.234
2022-03-22,0.916,29195679346.345,921246829.609,0.230
2022-03-23,0.976,31106610233.078,1339383877.776,0.224
2022-03-24,1.104,35144269548.359,2721873859.026,0.256
2022-03-25,1.128,36174727483.398,2818931372.599,0.254
2022-03-26,1.098,35230742774.426,2014405026.935,0.255
2022-03-27,1.150,36962552852.509,1262708850.680,0.254
2022-03-28,1.179,37732296888.588,1183071933.758,0.254
2022-03-29,1.168,37863693777.972,2092616377.221,0.251
2022-03-30,1.190,38100498122.303,1575619798.950,0.227
2022-03-31,1.190,38244803202.938,1355237416.078,0.227
2022-04-01,1.143,36564438553.582,1624760196.394,0.230
2022-04-02,1.165,37319104972.837,1563230562.963,0.225
2022-04-03,1.159,37298700193.354,1120502102.807,0.212
2022-04-04,1.184,37950775793.778,915587874.753,0.211
2022-04-05,1.213,38870321080.115,2253384085.476,0.202
2022-04-06,1.171,37632239199.719,1081488584.082,0.203
2022-04-07,1.054,34026993428.765,1605538955.331,0.232
2022-04-08,1.093,35050598645.117,1084344265.414,0.228
2022-04-09,1.028,32831866550.981,888344049.608,0.231
2022-04-10,1.046,33449118882.310,605121783.449,0.229
2022-04-11,1.033,33247148814.552,583476514.140,0.230
2022-04-12,0.923,29698618696.224,1291467594.225,0.258
2022-04-13,0.957,30694294775.111,1020547948.073,0.260
2022-04-14,0.976,31303049352.350,751454569.712,0.260
2022-04-15,0.933,29929053080.493,796807126.057,0.262
2022-04-16,0.956,30654197034.918,592228137.481,0.262
2022-04-17,0.954,30647912429.836,429049344.126,0.262
2022-04-18,0.917,29413227467.255,466973239.095,0.260
2022-04-19,0.937,30056554133.196,1046894124.543,0.259
2022-04-20,0.953,30551736663.590,715780087.281,0.256
2022-04-21,0.937,30042032727.314,759001703.421,0.248
2022-04-22,0.911,29145834793.028,789238228.498,0.209
2022-04-23,0.908,29120277968.190,671459995.057,0.207
2022-04-24,0.890,28579847077.377,391087546.463,0.206
2022-04-25,0.886,28439931064.519,435930790.670,0.198
2022-04-26,0.899,28810400546.189,1092611693.058,0.197
2022-04-27,0.828,26572384250.954,937366070.235,0.209
2022-04-28,0.841,26970724275.017,861148771.423,0.209
2022-04-29,0.843,27003290038.699,766789277.947,0.209
2022-04-30,0.806,25935835072.438,794628783.319,0.210
2022-05-01,0.758,24181808100.758,787135961.948,0.213
2022-05-02,0.790,25340561982.794,861447579.826,0.220
2022-05-03,0.783,25069143084.123,738951709.095,0.217
2022-05-04,0.773,24780988986.161,595809898.231,0.214
2022-05-05,0.896,28751156734.124,1380775100.617,0.274
2022-05-06,0.793,25432773607.189,1660085406.152,0.280
2022-05-07,0.786,26584156717.798,1197670447.359,0.276
2022-05-08,0.764,25894707553.510,715282757.356,0.272
2022-05-09,0.741,25075364017.607,994024088.189,0.271
2022-05-10,0.616,20913667251.201,2106558355.216,0.314
2022-05-11,0.629,21201814151.976,2117411074.710,0.301
2022-05-12,0.516,16938551696.596,2453060222.834,0.340
2022-05-13,0.475,16116047160.540,2590169979.449,0.343
2022-05-14,0.530,17889561170.318,1791950376.754,0.368
2022-05-15,0.541,18236404472.773,975136542.412,0.368
2022-05-16,0.598,20211047769.939,922868708.542,0.387
2022-05-17,0.557,18840988244.350,1094571216.410,0.390
2022-05-18,0.579,19627472575.984,826573979.047,0.393
2022-05-19,0.507,17162201162.922,806419307.024,0.406
2022-05-20,0.535,18099222175.634,830096519.468,0.413
2022-05-21,0.518,17533911904.775,634853511.547,0.413
2022-05-22,0.529,17907559108.187,356628251.044,0.415
2022-05-23,0.543,18382284485.758,421346255.981,0.417
2022-05-24,0.514,17359814467.102,640897589.897,0.418
2022-05-25,0.521,17625461349.811,548214539.057,0.418
2022-05-26,0.514,17398748801.043,462766230.338,0.413
2022-05-27,0.483,16364002617.040,744867891.198,0.415
2022-05-28,0.456,15376990672.242,806316121.133,0.416
2022-05-29,0.466,15820886950.500,379559254.685,0.417
2022-05-30,0.482,16291452374.037,374779227.120,0.417
2022-05-31,0.571,19316903359.667,1005116302.312,0.459
2022-06-01,0.631,21403006491.157,2809963269.405,0.473
2022-06-02,0.554,18744362732.218,1272220535.928,0.487
2022-06-03,0.587,19880524128.354,1148916329.802,0.461
2022-06-04,0.560,18946974767.651,827381308.887,0.450
2022-06-05,0.567,19061063639.607,492620235.770,0.451
2022-06-06,0.568,19252585858.212,417600832.845,0.450
2022-06-07,0.608,20641927010.033,1318274801.681,0.456
2022-06-08,0.617,20863737286.426,1346099448.552,0.423
2022-06-09,0.643,21733626216.687,1579935267.148,0.425
2022-06-10,0.633,21414878398.515,858777542.379,0.381
2022-06-11,0.575,19451246646.810,1027706322.645,0.384
2022-06-12,0.554,18703983406.592,1073933689.768,0.370
2022-06-13,0.502,17023647989.452,1293077699.834,0.382
2022-06-14,0.461,15528588225.305,2259176775.527,0.375
2022-06-15,0.485,16414271850.936,2064049915.314,0.374
2022-06-16,0.533,17959119805.413,2198550476.915,0.385
2022-06-17,0.476,16118020967.696,1166873169.033,0.379
2022-06-18,0.488,16517893641.592,818801818.742,0.376
2022-06-19,0.458,15431066872.748,1177664753.381,0.379
2022-06-20,0.484,16276345714.246,1022208856.683,0.383
2022-06-21,0.493,16715183294.157,1017220562.483,0.383
2022-06-22,0.480,16226255962.939,953739373.138,0.380
2022-06-23,0.459,15527121221.562,780350426.464,0.382
2022-06-24,0.480,16255800327.530,696825811.828,0.385
2022-06-25,0.503,17038833814.010,926847204.882,0.382
2022-06-26,0.498,16869524880.157,625318461.190,0.377
2022-06-27,0.491,16623658889.638,810306470.164,0.377
2022-06-28,0.487,16456993692.489,677084429.925,0.376
2022-06-29,0.470,15864801948.935,683911729.444,0.327
2022-06-30,0.465,15747671034.553,724334193.776,0.307
2022-07-01,0.455,15248112249.017,824504186.018,0.284
2022-07-02,0.451,15336638274.550,772454995.632,0.276
2022-07-03,0.457,15484756834.589,486237372.882,0.274
2022-07-04,0.457,15446861108.260,435385002.465,0.273
2022-07-05,0.469,15856014567.493,793591269.225,0.275
2022-07-06,0.457,15459445603.817,748809018.003,0.264
2022-07-07,0.463,15639819200.682,622876393.916,0.264
2022-07-08,0.478,16218380750.272,631266505.708,0.262
2022-07-09,0.471,15950017978.734,839958170.817,0.262
2022-07-10,0.479,16212837851.515,658153260.028,0.249
2022-07-11,0.463,15681229639.081,607755140.199,0.248
2022-07-12,0.436,14760113239.830,716352185.974,0.238
2022-07-13,0.421,14313569195.362,582880645.436,0.227
2022-07-14,0.438,14797283957.644,895826599.113,0.224
2022-07-15,0.441,14943454279.187,735765607.561,0.199
2022-07-16,0.442,14953534950.342,675020078.900,0.170
2022-07-17,0.457,15444621245.206,592906148.181,0.171
2022-07-18,0.448,15219619231.248,635834402.534,0.160
2022-07-19,0.492,16593812798.034,1487025377.001,0.179
2022-07-20,0.515,17440738301.275,1476504248.755,0.184
2022-07-21,0.492,16685743726.369,1464714071.122,0.188
2022-07-22,0.500,16943428134.749,946813840.549,0.183
2022-07-23,0.484,16342041083.861,778656829.781,0.181
2022-07-24,0.519,17526372893.155,845507411.098,0.189
2022-07-25,0.515,17504344263.581,914299114.440,0.189
2022-07-26,0.478,16303401122.606,734819368.076,0.202
2022-07-27,0.468,15833042011.240,775020107.215,0.203
2022-07-28,0.509,17200487924.598,1020763453.690,0.219
2022-07-29,0.514,17351452032.081,1228761150.623,0.218
2022-07-30,0.526,17944907096.331,1414352057.290,0.217
2022-07-31,0.526,17764182816.831,1135684896.641,0.217
2022-08-01,0.518,17550498086.425,750223549.188,0.218
2022-08-02,0.514,17347867527.219,661301555.269,0.218
2022-08-03,0.500,16978007491.093,719111180.484,0.219
2022-08-04,0.503,16997573338.704,557951652.217,0.217
2022-08-05,0.502,16952714475.159,504318910.118,0.217
2022-08-06,0.517,17481580237.735,545010350.801,0.216
2022-08-07,0.513,17363035060.461,372928511.467,0.216
2022-08-08,0.529,17891440238.040,484163038.007,0.217
2022-08-09,0.537,18177212772.199,751185478.177,0.214
2022-08-10,0.516,17443295978.718,620444997.527,0.209
2022-08-11,0.538,18170907378.943,752169685.117,0.207
2022-08-12,0.532,17990239681.066,729375747.156,0.205
2022-08-13,0.542,18303954512.762,522563815.806,0.206
2022-08-14,0.562,18995496380.340,881421106.569,0.208
2022-08-15,0.572,19376950921.316,1095775521.381,0.207
2022-08-16,0.552,18697412375.465,823679937.825,0.209
2022-08-17,0.560,18927844549.395,680713342.754,0.188
2022-08-18,0.539,18212548966.163,996531852.838,0.187
2022-08-19,0.514,17412399056.991,574175563.341,0.187
2022-08-20,0.453,15264620469.324,1131869911.178,0.223
2022-08-21,0.452,15287373242.702,712605130.573,0.221
2022-08-22,0.465,15737082239.767,572942227.188,0.210
2022-08-23,0.461,15558968017.803,652365390.960,0.210
2022-08-24,0.466,15758641592.153,496523434.941,0.198
2022-08-25,0.458,15498632416.572,419728029.650,0.198
2022-08-26,0.466,15769622061.037,455105017.351,0.176
2022-08-27,0.432,14532909604.998,1067566966.684,0.189
2022-08-28,0.452,15255653329.041,611619788.938,0.193
2022-08-29,0.432,14635063104.050,422733249.414,0.197
2022-08-30,0.452,15311579937.340,495542633.830,0.204
2022-08-31,0.453,15340224310.072,545010438.783,0.204
2022-09-01,0.447,15116206759.449,442697001.130,0.203
2022-09-02,0.459,15490616058.460,488499192.283,0.205
2022-09-03,0.455,15371731935.341,445202474.122,0.205
2022-09-04,0.480,16272187678.985,669578779.885,0.211
2022-09-05,0.503,16979205843.876,771344282.135,0.216
2022-09-06,0.500,16869479136.035,563073797.677,0.213
2022-09-07,0.464,15710782585.776,840012624.931,0.224
2022-09-08,0.480,16275716122.456,596467887.437,0.224
2022-09-09,0.480,16225891068.957,546946753.377,0.219
2022-09-10,0.502,16883909775.079,735761266.585,0.224
2022-09-11,0.513,17349135568.210,846515848.167,0.224
2022-09-12,0.509,17203617072.332,602005606.886,0.221
2022-09-13,0.501,16929934732.474,736124582.716,0.220
2022-09-14,0.466,15757149494.533,871818623.872,0.228
2022-09-15,0.482,16255726044.604,626860025.974,0.231
2022-09-16,0.467,15787367090.023,563333171.396,0.230
2022-09-17,0.474,16036352648.169,471827719.713,0.227
2022-09-18,0.488,16481081019.233,442079343.123,0.193
2022-09-19,0.449,15177820354.668,558733055.794,0.210
2022-09-20,0.455,15380850389.892,652710345.441,0.209
2022-09-21,0.442,14971439823.900,458720063.432,0.210
2022-09-22,0.442,14927028910.267,1000019241.033,0.210
2022-09-23,0.460,15552763941.808,639659167.830,0.214
2022-09-24,0.463,15705053312.775,840576833.518,0.213
2022-09-25,0.453,15316824192.490,495364665.529,0.201
2022-09-26,0.447,15119251766.601,447022381.277,0.197
2022-09-27,0.447,15075736600.032,527803459.193,0.191
2022-09-28,0.443,14974356860.256,575411543.575,0.186
2022-09-29,0.438,14823431642.065,507181125.798,0.186
2022-09-30,0.438,14806691717.483,451700955.310,0.186
2022-10-01,0.434,14696613225.454,476695048.215,0.184
2022-10-02,0.431,14572943700.776,275605662.643,0.184
2022-10-03,0.420,14166555661.599,349880389.833,0.175
2022-10-04,0.428,14489425802.196,396923709.158,0.169
2022-10-05,0.436,14750681909.150,389554924.536,0.171
2022-10-06,0.431,14592010193.096,386899877.849,0.156
2022-10-07,0.429,14516473487.048,373891185.470,0.152
2022-10-08,0.425,14372895277.920,376520586.220,0.152
2022-10-09,0.422,14276638995.590,256034560.830,0.143
2022-10-10,0.423,14290398884.442,244792009.015,0.141
2022-10-11,0.402,13653344259.454,433727773.126,0.147
2022-10-12,0.391,13198595290.311,562570768.276,0.148
2022-10-13,0.381,12901537611.637,400079678.543,0.135
2022-10-14,0.379,12791915350.829,858230070.840,0.127
2022-10-15,0.367,12392689792.863,487794378.250,0.127
2022-10-16,0.364,12309037704.760,311812753.176,0.124
2022-10-17,0.370,12515578717.089,297264807.450,0.121
2022-10-18,0.373,12609605254.111,321996860.081,0.098
2022-10-19,0.363,12256641766.956,380762928.321,0.098
2022-10-20,0.350,11852415892.098,415923322.688,0.100
2022-10-21,0.340,11498614666.318,471611618.831,0.101
2022-10-22,0.349,12240818816.613,499292036.859,0.095
2022-10-23,0.352,12322276862.645,337935170.328,0.095
2022-10-24,0.362,12679018038.413,384355315.394,0.102
2022-10-25,0.357,12514592960.487,376006394.130,0.102
2022-10-26,0.403,14125111627.503,1142066696.381,0.170
2022-10-27,0.403,14116657054.038,744946954.665,0.170
2022-10-28,0.389,13643453921.010,680572977.991,0.173
2022-10-29,0.404,14152659906.888,600688333.606,0.178
2022-10-30,0.418,14641239556.104,834938838.578,0.182
2022-10-31,0.405,14192539385.427,546408379.827,0.184
2022-11-01,0.406,14239209401.858,541574807.846,0.183
2022-11-02,0.401,14046284574.960,424389249.786,0.182
2022-11-03,0.386,13531395048.585,689133409.863,0.184
2022-11-04,0.389,13636465621.526,416914850.666,0.184
2022-11-05,0.422,14770772848.808,899389018.322,0.203
2022-11-06,0.427,14968764185.777,682987248.034,0.203
2022-11-07,0.404,14171602326.782,472977370.276,0.210
2022-11-08,0.404,14151650831.071,550073849.868,0.210
2022-11-09,0.372,13126700296.842,1313554146.639,0.219
2022-11-10,0.316,11086726499.360,1208738101.733,0.265
2022-11-11,0.370,12938175177.245,1161366328.860,0.317
2022-11-12,0.356,12444528721.080,594772825.454,0.319
2022-11-13,0.340,11909550599.847,393108578.402,0.321
2022-11-14,0.330,11537810805.968,389879990.749,0.322
2022-11-15,0.333,11680062072.097,500083635.939,0.322
2022-11-16,0.338,11858620450.334,318852397.641,0.322
2022-11-17,0.333,11685096496.963,288997279.337,0.321
2022-11-18,0.326,11413410277.380,243926480.640,0.320
2022-11-19,0.327,11463611476.638,230764123.879,0.319
2022-11-20,0.329,11538888613.659,159093236.669,0.318
2022-11-21,0.313,10999857007.736,243968944.425,0.321
2022-11-22,0.306,10711858132.644,410358624.149,0.320
2022-11-23,0.312,10978554936.153,310040647.748,0.321
2022-11-24,0.319,11202669269.721,330445669.430,0.293
2022-11-25,0.317,11115483394.813,229337223.032,0.293
2022-11-26,0.316,11085465954.127,229728299.942,0.291
2022-11-27,0.314,11008659410.722,216285094.404,0.287
2022-11-28,0.314,11002188040.756,178897464.439,0.284
2022-11-29,0.307,10761215051.144,297400876.257,0.283
2022-11-30,0.310,10871692878.157,186459858.882,0.284
2022-12-01,0.320,11241301722.291,280053878.809,0.287
2022-12-02,0.315,11049222186.199,203650152.053,0.285
2022-12-03,0.320,11217744518.449,185173347.555,0.286
2022-12-04,0.321,11266463422.231,229698667.918,0.271
2022-12-05,0.324,11337246348.083,175131072.827,0.271
2022-12-06,0.320,11229740361.425,205247917.131,0.266
2022-12-07,0.319,11171270420.656,159871857.697,0.266
2022-12-08,0.311,10911580962.250,217458742.303,0.257
2022-12-09,0.315,11042204197.992,170856072.860,0.207
2022-12-10,0.312,10947127564.142,161879381.563,0.110
2022-12-11,0.313,10955129108.923,89086469.115,0.105
2022-12-12,0.308,10795338642.164,117231304.427,0.097
2022-12-13,0.307,10765213994.413,182275972.191,0.093
2022-12-14,0.312,10947773351.028,322716718.245,0.095
2022-12-15,0.308,10807853982.689,266724848.780,0.093
2022-12-16,0.300,10507439028.030,231166876.278,0.096
2022-12-17,0.264,9209359368.259,450953840.638,0.148
2022-12-18,0.267,9371061912.524,357667134.615,0.149
2022-12-19,0.267,9380446763.925,200137566.985,0.148
2022-12-20,0.253,8873184620.700,234453354.994,0.149
2022-12-21,0.259,9090926650.088,193006846.682,0.152
2022-12-22,0.253,8877957164.939,215629099.997,0.150
2022-12-23,0.257,8992871450.407,181065917.588,0.148
2022-12-24,0.260,9102643325.101,184364462.246,0.150
2022-12-25,0.260,9108089569.825,89276162.845,0.150
2022-12-26,0.260,9092589291.554,115170654.412,0.150
2022-12-27,0.265,9291688438.038,155086399.886,0.152
2022-12-28,0.260,9120634176.327,147957477.732,0.152
2022-12-29,0.248,8706852770.635,219098207.213,0.157
2022-12-30,0.244,8562205774.728,228559837.822,0.151
2022-12-31,0.246,8607991177.832,171616881.249,0.152
2023-01-01,0.246,8639667066.713,155399786.834,0.150
2023-01-02,0.250,8760815157.937,118008081.886,0.152
2023-01-03,0.254,8909442495.773,166467580.330,0.153
2023-01-04,0.253,8866077129.566,158429114.056,0.153
2023-01-05,0.268,9386328191.022,308444828.854,0.166
2023-01-06,0.269,9439944979.112,186258828.280,0.165
2023-01-07,0.279,9774060225.656,353554254.368,0.169
2023-01-08,0.277,9715964551.298,173174628.343,0.169
2023-01-09,0.294,10300606515.152,413304042.364,0.180
2023-01-10,0.317,11122330043.385,974414951.912,0.197
2023-01-11,0.323,11292662260.684,445919255.685,0.198
2023-01-12,0.323,11308683137.518,354859513.340,0.197
2023-01-13,0.330,11570628015.204,562673087.872,0.197
2023-01-14,0.345,12093797768.198,410767751.678,0.199
2023-01-15,0.352,12362646517.736,835035759.775,0.154
2023-01-16,0.350,12260892656.877,390932534.539,0.155
2023-01-17,0.350,12264237310.305,445014768.501,0.154
2023-01-18,0.347,12137020401.335,300478175.281,0.142
2023-01-19,0.328,11479445708.996,452576275.471,0.156
2023-01-20,0.340,11908339088.064,245283868.602,0.154
2023-01-21,0.364,12706691031.137,363818582.113,0.166
2023-01-22,0.369,12927454159.662,618878365.286,0.166
2023-01-23,0.378,13229237078.193,603642881.081,0.165
2023-01-24,0.376,13188812335.300,507459192.983,0.166
2023-01-25,0.359,12577247529.525,351284235.074,0.176
2023-01-26,0.374,13107855671.303,389497975.615,0.176
2023-01-27,0.381,13350884665.905,462182515.743,0.164
2023-01-28,0.390,13626543158.561,360808198.597,0.161
2023-01-29,0.383,13394216456.283,366609117.204,0.165
2023-01-30,0.397,13886339439.642,334441514.123,0.166
2023-01-31,0.373,13050686924.400,406195562.768,0.182
2023-02-01,0.392,13739947311.515,485110346.306,0.186
2023-02-02,0.398,13941650401.959,506205683.866,0.185
2023-02-03,0.399,14004431006.110,573959330.999,0.180
2023-02-04,0.405,14195163826.610,390999633.453,0.180
2023-02-05,0.400,14050882551.242,263084740.452,0.180
2023-02-06,0.393,13784689201.478,350978984.615,0.182
2023-02-07,0.383,13413615316.698,341533271.403,0.180
2023-02-08,0.400,13995112011.823,366338560.602,0.168
2023-02-09,0.395,13838767400.638,342730685.961,0.169
2023-02-10,0.363,12700635423.238,490910349.175,0.191
2023-02-11,0.359,12591878338.215,360263656.777,0.191
2023-02-12,0.370,12978050863.777,224862637.000,0.187
2023-02-13,0.364,12779268330.278,233568066.531,0.188
2023-02-14,0.360,12621979856.388,372826401.506,0.188
2023-02-15,0.387,13575572016.583,498029508.587,0.202
2023-02-16,0.413,14353519091.990,484645105.675,0.211
2023-02-17,0.391,13639995276.218,565088424.049,0.211
2023-02-18,0.405,14191016122.507,417077588.791,0.211
2023-02-19,0.407,14237828858.494,322186852.735,0.200
2023-02-20,0.399,14043747857.232,342488595.379,0.201
2023-02-21,0.403,14132819917.786,382673397.114,0.200
2023-02-22,0.392,13736559470.466,393877647.471,0.202
2023-02-23,0.389,13650328636.800,394239750.172,0.196
2023-02-24,0.384,13422878914.715,290508904.523,0.193
2023-02-25,0.366,12831951055.730,391515903.654,0.198
2023-02-26,0.363,12705604283.915,295147832.665,0.196
2023-02-27,0.369,12940252749.382,238357219.734,0.196
2023-02-28,0.365,12807607550.168,252916442.784,0.193
2023-03-01,0.353,12341133082.020,238422456.276,0.187
2023-03-02,0.361,12657714408.580,229268366.116,0.181
2023-03-03,0.350,12275830909.823,246329386.293,0.182
2023-03-04,0.344,12041249033.671,412463637.788,0.182
2023-03-05,0.337,11812934508.251,170389737.093,0.182
2023-03-06,0.338,11830384853.656,165818600.971,0.182
2023-03-07,0.331,11606828343.000,219304840.316,0.182
2023-03-08,0.331,11581376193.203,269091570.570,0.181
2023-03-09,0.318,11172310270.031,288851784.328,0.177
2023-03-10,0.310,10838510891.387,443854133.991,0.178
2023-03-11,0.316,11089276348.221,468493562.079,0.162
2023-03-12,0.306,10679679301.253,434989029.764,0.164
2023-03-13,0.331,11581630428.392,380024634.186,0.183
2023-03-14,0.344,12065878442.195,662927956.139,0.187
2023-03-15,0.344,12090327310.891,596424616.098,0.187
2023-03-16,0.326,11397464259.210,599759982.207,0.177
2023-03-17,0.327,11454977425.587,364685850.289,0.161
2023-03-18,0.350,12259836658.816,451127452.513,0.172
2023-03-19,0.339,11885994889.751,405181332.252,0.169
2023-03-20,0.349,12284106876.322,316033206.949,0.172
2023-03-21,0.335,11740413064.048,364629687.488,0.175
2023-03-22,0.373,13061409181.134,659905518.257,0.212
2023-03-23,0.363,12707537391.713,922448613.198,0.212
2023-03-24,0.374,13090883001.253,413474704.383,0.215
2023-03-25,0.362,12706876812.148,353544632.983,0.216
2023-03-26,0.355,12433136118.864,266325927.983,0.212
2023-03-27,0.357,12535421606.297,272202713.069,0.212
2023-03-28,0.347,12138644788.450,336956582.741,0.213
2023-03-29,0.369,12941771031.311,368290970.548,0.223
2023-03-30,0.383,13413184620.042,537119162.843,0.222
2023-03-31,0.377,13226069415.324,429889697.113,0.222
2023-04-01,0.399,14009040303.901,716335255.950,0.227
2023-04-02,0.394,13824277589.688,388714587.151,0.226
2023-04-03,0.382,13389440672.101,320100355.862,0.228
2023-04-04,0.388,13631038603.440,683769265.035,0.228
2023-04-05,0.390,13665129449.302,400460060.608,0.226
2023-04-06,0.393,13768988507.453,309234324.882,0.226
2023-04-07,0.384,13463680142.900,290787654.988,0.223
2023-04-08,0.384,13475498915.163,219082583.957,0.221
2023-04-09,0.386,13547039830.257,227489857.304,0.221
2023-04-10,0.390,13668842180.424,222258531.301,0.217
2023-04-11,0.397,13914326446.557,274331218.281,0.204
2023-04-12,0.402,14074149361.991,437318682.905,0.201
2023-04-13,0.405,14231712048.483,414553548.755,0.201
2023-04-14,0.426,14937732271.414,500970494.350,0.196
2023-04-15,0.439,15375843757.427,684812256.729,0.197
2023-04-16,0.454,15952653141.761,559309012.459,0.188
2023-04-17,0.452,15832624300.028,395915101.319,0.184
2023-04-18,0.435,15217409658.805,484945099.340,0.189
2023-04-19,0.444,15556085792.819,375002798.610,0.183
2023-04-20,0.415,14563917112.897,593641384.510,0.163
2023-04-21,0.401,14034051781.959,460777651.501,0.165
2023-04-22,0.383,13415730445.437,439360411.655,0.170
2023-04-23,0.397,13906111784.034,267477971.668,0.170
2023-04-24,0.389,13614994074.372,242425244.107,0.170
2023-04-25,0.384,13466477502.821,290722439.343,0.170
2023-04-26,0.395,13820436004.544,294682478.975,0.169
2023-04-27,0.401,14062027692.558,520144169.288,0.158
2023-04-28,0.410,14369501448.188,425245708.942,0.156
2023-04-29,0.405,14192467314.166,245848710.074,0.155
2023-04-30,0.403,14118334309.360,159646974.984,0.144
2023-05-01,0.398,13971464374.618,237510774.960,0.144
2023-05-02,0.387,13567718828.486,287299857.226,0.143
2023-05-03,0.392,13728305157.127,208588929.092,0.143
2023-05-04,0.394,13798775976.601,278479196.388,0.143
2023-05-05,0.388,13587602980.828,188639696.576,0.144
2023-05-06,0.395,13810441154.246,253186602.398,0.143
2023-05-07,0.380,13306507398.743,264020888.902,0.148
2023-05-08,0.378,13232806523.751,180336987.857,0.148
2023-05-09,0.366,12810565343.838,382957668.962,0.151
2023-05-10,0.364,12739370020.744,237308697.163,0.149
2023-05-11,0.371,12975441604.401,365559449.686,0.150
2023-05-12,0.361,12633292676.034,272231849.732,0.152
2023-05-13,0.371,12992449827.737,285317964.130,0.145
2023-05-14,0.365,12829453677.492,139616346.261,0.141
2023-05-15,0.371,12996323481.304,130253982.128,0.136
2023-05-16,0.368,12899094797.339,187955307.464,0.136
2023-05-17,0.368,12903680934.507,181513998.133,0.132
2023-05-18,0.375,13148583717.161,232388388.703,0.132
2023-05-19,0.373,13082316162.328,213667302.724,0.117
2023-05-20,0.369,12926880990.809,140897222.953,0.113
2023-05-21,0.366,12846035787.712,124054022.426,0.105
2023-05-22,0.361,12666778954.792,121023033.068,0.098
2023-05-23,0.368,12907417375.046,194126381.104,0.099
2023-05-24,0.371,12982680041.229,152275359.673,0.098
2023-05-25,0.364,12789035655.357,189249483.856,0.095
2023-05-26,0.359,12565006577.646,174444983.835,0.094
2023-05-27,0.363,12719159679.891,191311920.340,0.091
2023-05-28,0.367,12857478682.071,131051761.521,0.092
2023-05-29,0.383,13438800647.832,237778137.265,0.103
2023-05-30,0.379,13294507213.126,203132546.891,0.104
2023-05-31,0.378,13257325917.921,199866301.765,0.100
2023-06-01,0.375,13129990737.885,200489170.962,0.099
2023-06-02,0.365,12797981310.850,248374441.042,0.102
2023-06-03,0.378,13262204823.135,215323705.267,0.108
2023-06-04,0.376,13175759868.488,116838544.573,0.107
2023-06-05,0.379,13270626361.919,146495299.107,0.101
2023-06-06,0.352,12359885714.547,311589965.210,0.123
2023-06-07,0.354,12399325222.326,282365546.143,0.119
2023-06-08,0.322,11295255695.124,412340334.795,0.149
2023-06-09,0.323,11320542141.367,266354696.856,0.147
2023-06-10,0.295,10317921990.291,551200071.237,0.167
2023-06-11,0.276,9716786435.293,1399405888.824,0.172
2023-06-12,0.273,9545651607.422,536957961.806,0.172
2023-06-13,0.276,9659267109.117,460654747.490,0.172
2023-06-14,0.275,9626181098.956,337639817.644,0.172
2023-06-15,0.263,9220131350.383,263220414.305,0.175
2023-06-16,0.262,9167328677.191,279473081.566,0.172
2023-06-17,0.263,9227182603.080,189310965.399,0.173
2023-06-18,0.267,9359198036.222,187039705.874,0.175
2023-06-19,0.261,9151703555.119,142964016.463,0.175
2023-06-20,0.263,9218553307.246,131662710.394,0.176
2023-06-21,0.270,9440263488.262,186826959.443,0.177
2023-06-22,0.287,10077394526.969,295593998.376,0.192
2023-06-23,0.290,10184721281.675,286027475.659,0.192
2023-06-24,0.296,10372780075.385,206656706.081,0.194
2023-06-25,0.290,10142648581.270,176469156.752,0.193
2023-06-26,0.292,10231056021.848,187472201.849,0.193
2023-06-27,0.281,9810691801.662,182777350.245,0.188
2023-06-28,0.286,10017483018.002,170343328.137,0.190
2023-06-29,0.267,9356849697.301,233130564.113,0.199
2023-06-30,0.276,9671039073.215,180074752.080,0.204
2023-07-01,0.287,10050094320.538,425857201.366,0.209
2023-07-02,0.292,10225246937.051,187193676.004,0.206
2023-07-03,0.292,10211321938.636,175401361.301,0.206
2023-07-04,0.296,10366764520.148,171795458.121,0.207
2023-07-05,0.293,10297363466.879,212363482.906,0.196
2023-07-06,0.284,9968829524.702,197079188.863,0.197
2023-07-07,0.280,9826837407.864,247352215.396,0.178
2023-07-08,0.284,9958793816.069,178295012.662,0.179
2023-07-09,0.291,10178691722.038,175732069.293,0.159
2023-07-10,0.284,9966151770.117,152531371.994,0.147
2023-07-11,0.288,10076045454.928,218839799.425,0.146
2023-07-12,0.293,10258583229.903,177982818.967,0.147
2023-07-13,0.289,10116899370.894,157297287.374,0.148
2023-07-14,0.357,12496903000.204,1061529850.449,0.271
2023-07-15,0.329,11514588242.707,711521604.980,0.286
2023-07-16,0.326,11426902883.375,238740937.744,0.286
2023-07-17,0.315,11010347100.220,273772997.969,0.289
2023-07-18,0.313,10949913811.167,254013075.597,0.288
2023-07-19,0.307,10734285206.644,267786761.267,0.289
2023-07-20,0.324,11355846356.487,383394441.464,0.293
2023-07-21,0.316,11077210855.919,336406743.869,0.289
2023-07-22,0.313,10970363265.282,205649259.847,0.289
2023-07-23,0.308,10797046324.558,161693157.565,0.289
2023-07-24,0.317,11111458164.704,149736321.137,0.289
2023-07-25,0.305,10689650364.070,220955020.108,0.292
2023-07-26,0.304,10647212849.155,165980268.460,0.289
2023-07-27,0.307,10741775967.626,194346560.464,0.288
2023-07-28,0.307,10776202149.187,146593216.053,0.279
2023-07-29,0.310,10866387593.278,127820015.004,0.277
2023-07-30,0.313,10959012408.068,142844606.320,0.275
2023-07-31,0.315,11028996499.906,170944684.283,0.275
2023-08-01,0.307,10781568926.082,181518352.273,0.276
2023-08-02,0.309,10825594362.709,242542187.948,0.276
2023-08-03,0.299,10481916364.382,208213921.703,0.278
2023-08-04,0.292,10262424186.567,292519752.499,0.277
2023-08-05,0.293,10282386058.274,197170877.961,0.277
2023-08-06,0.294,10280822652.878,157529534.712,0.277
2023-08-07,0.292,10217852028.842,150759078.229,0.276
2023-08-08,0.290,10165410298.224,239590650.868,0.275
2023-08-09,0.298,10441947848.684,312662208.209,0.276
2023-08-10,0.301,10562679849.631,195518674.008,0.276
2023-08-11,0.296,10375263805.248,179477802.605,0.276
2023-08-12,0.293,10278658176.642,124610584.574,0.132
2023-08-13,0.292,10217585439.953,105607968.605,0.109
2023-08-14,0.289,10135047904.827,125106297.155,0.109
2023-08-15,0.290,10181963472.170,129874470.395,0.104
2023-08-16,0.282,9874705133.518,174122704.035,0.108
2023-08-17,0.275,9638400796.566,234798832.866,0.109
2023-08-18,0.254,8918502746.086,340643581.743,0.113
2023-08-19,0.264,9235485828.738,265109511.756,0.120
2023-08-20,0.268,9404358467.172,141040323.325,0.122
2023-08-21,0.270,9483518128.254,141547595.074,0.122
2023-08-22,0.263,9220418595.578,175576119.875,0.119
2023-08-23,0.258,9046020353.011,198152460.852,0.116
2023-08-24,0.268,9400067211.709,181484986.637,0.124