Fecha,Precio_Cierre,Volumen_24h,Cap_Mercado,Volatilidad_30d
20/11/29,576,30,471.629.262,24,271.799.943.830,81,0.0
20/11/30,616,66,895.373.784,83,552.141.198.153,30,0.0
20/12/01,585,26,1.300.668.283,32,761.229.119.495,68,0.0
20/12/02,596,89,632.858.653,21,377.747.001.511,55,0.0
20/12/03,615,85,568.024.618,94,349.817.961.574,84,0.0
20/12/04,567,24,624.543.865,90,354.266.262.493,61,0.0
20/12/05,596,80,410.382.624,74,244.916.350.446,34,0.0
20/12/06,601,54,359.236.400,29,216.095.064.233,45,0.0
20/12/07,591,28,295.598.087,03,174.781.236.897,91,0.0
20/12/08,554,94,461.781.203,16,256.260.860.882,57,0.0
20/12/09,573,09,555.142.155,88,318.146.418.114,79,0.0
20/12/10,558,99,341.352.126,27,190.812.425.062,02,0.0
20/12/11,544,43,419.607.430,45,228.446.873.358,45,0.0
20/12/12,568,04,320.867.352,46,182.265.490.892,26,0.0
20/12/13,590,70,383.072.560,35,226.280.961.396,81,0.0
20/12/14,586,29,288.110.223,95,168.916.143.201,10,0.0
20/12/15,588,64,334.543.178,37,196.925.496.515,36,0.0
20/12/16,637,18,725.009.244,41,461.961.390.351,72,0.0
20/12/17,642,70,1.307.445.033,12,840.294.922.787,40,0.0
20/12/18,653,85,646.217.791,23,422.529.502.795,53,0.0
20/12/19,658,03,564.029.933,26,371.148.616.982,32,0.0
20/12/20,638,18,533.109.285,65,340.219.683.917,36,0.0
20/12/21,607,58,524.208.673,91,318.498.706.093,40,0.0
20/12/22,636,45,563.872.004,63,358.876.337.348,99,0.0
20/12/23,585,56,733.443.630,37,429.475.252.196,89,0.0
20/12/24,612,31,519.843.556,98,318.305.408.375,44,0.0
20/12/25,626,82,494.089.140,86,309.704.955.272,13,0.0
20/12/26,637,44,607.664.782,01,387.349.838.645,02,0.0
20/12/27,685,11,1.247.547.956,82,854.707.580.699,65,0.0
20/12/28,730,41,1.180.438.285,49,862.203.928.103,59,0.045
20/12/29,732,00,794.643.540,49,581.679.071.638,77,0.043
20/12/30,752,17,743.546.676,75,559.273.503.854,40,0.042
20/12/31,736,42,638.503.822,39,470.206.984.887,44,0.042
21/01/01,728,91,496.072.043,78,361.591.873.429,79,0.042
21/01/02,774,56,1.024.472.182,61,793.515.173.764,02,0.04
21/01/03,978,28,2.522.411.859,73,2.467.625.074.138,24,0.056
21/01/04,1.041,43,4.303.634.203,22,4.481.933.768.258,99,0.057
21/01/05,1.099,56,2.857.050.280,01,3.141.498.205.885,75,0.057
21/01/06,1.208,42,2.725.262.121,29,3.293.261.252.607,47,0.056
21/01/07,1.224,87,2.406.219.891,37,2.947.306.558.340,58,0.056
21/01/08,1.216,93,2.543.427.452,58,3.095.173.169.868,33,0.056
21/01/09,1.276,00,1.780.137.376,42,2.271.455.292.307,42,0.055
21/01/10,1.254,25,2.517.791.852,41,3.157.940.430.882,44,0.055
21/01/11,1.087,01,4.323.564.508,70,4.699.757.856.601,59,0.064
21/01/12,1.050,16,2.491.067.092,51,2.616.019.017.870,44,0.064
21/01/13,1.129,89,1.664.178.969,07,1.880.339.175.366,80,0.065
21/01/14,1.231,62,1.825.860.914,17,2.248.766.819.114,73,0.065
21/01/15,1.168,53,2.302.781.118,96,2.690.868.820.936,86,0.066
21/01/16,1.227,83,1.927.453.174,61,2.366.584.831.383,60,0.067
21/01/17,1.232,45,1.606.424.364,50,1.979.837.708.024,38,0.067
21/01/18,1.258,45,1.223.628.040,74,1.539.874.707.865,81,0.066
21/01/19,1.365,36,3.120.980.923,93,4.261.262.514.297,49,0.065
21/01/20,1.376,99,2.931.656.296,47,4.036.861.403.672,10,0.065
21/01/21,1.110,96,2.857.288.905,58,3.174.333.682.539,97,0.076
21/01/22,1.232,62,2.360.267.831,32,2.909.313.334.238,64,0.078
21/01/23,1.233,60,1.250.575.691,76,1.542.710.173.358,50,0.078
21/01/24,1.392,51,1.996.765.627,54,2.780.516.104.006,45,0.08
21/01/25,1.317,88,2.644.267.236,90,3.484.826.906.162,07,0.081
21/01/26,1.365,97,2.216.751.668,39,3.028.016.276.474,39,0.08
21/01/27,1.239,03,2.554.649.901,07,3.165.287.866.928,77,0.083
21/01/28,1.329,69,1.790.490.878,19,2.380.797.815.825,51,0.084
21/01/29,1.379,50,3.077.996.801,23,4.246.096.587.299,22,0.083
21/01/30,1.378,05,1.414.231.402,54,1.948.881.584.275,60,0.083
21/01/31,1.312,55,1.276.842.259,97,1.675.919.308.325,39,0.084
21/02/01,1.374,17,1.449.463.766,72,1.991.809.624.318,84,0.074
21/02/02,1.511,87,2.821.617.332,40,4.265.918.596.335,26,0.075
21/02/03,1.664,49,2.418.887.041,59,4.026.213.291.852,08,0.076
21/02/04,1.595,67,2.693.099.602,28,4.297.298.242.363,12,0.075
21/02/05,1.719,19,2.011.685.911,17,3.458.470.301.619,00,0.076
21/02/06,1.676,35,1.940.057.857,94,3.252.215.990.164,25,0.076
21/02/07,1.611,62,2.044.371.589,02,3.294.750.140.301,69,0.076
21/02/08,1.750,15,2.255.426.926,02,3.947.335.434.573,86,0.077
21/02/09,1.769,13,2.080.818.891,70,3.681.239.125.871,28,0.072
21/02/10,1.740,78,2.149.076.144,41,3.741.068.770.661,96,0.071
21/02/11,1.785,62,1.301.681.871,56,2.324.309.183.500,80,0.071
21/02/12,1.840,26,1.635.426.867,77,3.009.610.647.689,95,0.069
21/02/13,1.814,96,1.395.594.093,28,2.532.947.455.546,72,0.068
21/02/14,1.800,42,1.230.043.295,03,2.214.594.549.245,63,0.068
21/02/15,1.779,25,1.860.338.371,90,3.310.007.048.198,46,0.068
21/02/16,1.781,99,1.455.884.891,92,2.594.372.318.560,33,0.068
21/02/17,1.849,88,1.437.546.812,97,2.659.289.098.380,33,0.067
21/02/18,1.939,61,1.787.383.532,10,3.466.826.972.701,09,0.068
21/02/19,1.955,00,1.533.991.632,13,2.998.953.640.813,26,0.052
21/02/20,1.913,00,2.493.836.246,49,4.770.708.739.529,91,0.05
21/02/21,1.933,53,1.467.970.937,29,2.838.365.846.368,81,0.05
21/02/22,1.777,58,3.200.483.176,98,5.689.114.885.735,37,0.049
21/02/23,1.577,89,3.931.407.907,53,6.203.329.223.219,26,0.054
21/02/24,1.623,39,2.261.264.845,47,3.670.914.737.479,55,0.053
21/02/25,1.481,75,1.650.582.276,87,2.445.750.288.754,88,0.053
21/02/26,1.444,59,2.004.016.547,11,2.894.982.263.791,36,0.052
21/02/27,1.458,13,1.375.946.816,33,2.006.309.331.298,97,0.051
21/02/28,1.419,18,1.929.140.046,65,2.737.796.971.399,44,0.052
21/03/01,1.569,86,1.642.627.276,31,2.578.694.855.988,89,0.054
21/03/02,1.486,78,1.627.312.282,62,2.419.455.355.559,01,0.054
21/03/03,1.567,69,1.676.300.215,05,2.627.919.084.125,20,0.053
21/03/04,1.539,23,1.476.463.517,99,2.272.616.940.790,34,0.049
21/03/05,1.528,31,1.355.798.089,27,2.072.079.777.816,36,0.049
21/03/06,1.650,35,1.611.851.701,82,2.660.119.456.105,27,0.049
21/03/07,1.726,16,1.414.988.218,19,2.442.496.062.716,96,0.05
21/03/08,1.833,18,1.995.142.128,65,3.657.454.647.395,19,0.05
21/03/09,1.870,51,1.570.286.249,45,2.937.236.132.460,40,0.048
21/03/10,1.795,12,1.706.230.875,27,3.062.889.168.810,49,0.049
21/03/11,1.825,78,1.627.027.458,09,2.970.594.192.429,36,0.049
21/03/12,1.766,10,1.542.873.062,42,2.724.868.115.540,14,0.049
21/03/13,1.922,35,1.718.553.131,96,3.303.660.613.226,14,0.051
21/03/14,1.848,10,1.200.354.205,60,2.218.374.607.375,56,0.051
21/03/15,1.793,48,1.842.608.872,76,3.304.682.161.123,09,0.052
21/03/16,1.805,12,1.360.127.229,79,2.455.192.865.038,37,0.052
21/03/17,1.823,58,1.177.718.486,96,2.147.663.878.458,93,0.052
21/03/18,1.776,08,1.092.346.826,55,1.940.095.351.705,48,0.051
21/03/19,1.809,10,901.801.564,20,1.631.449.209.798,43,0.051
21/03/20,1.806,10,828.404.987,65,1.496.182.248.199,68,0.051
21/03/21,1.782,98,830.951.276,51,1.481.569.506.997,29,0.051
21/03/22,1.680,97,1.019.780.398,78,1.714.220.256.940,90,0.052
21/03/23,1.668,08,975.522.491,06,1.627.249.556.894,11,0.049
21/03/24,1.581,84,1.251.031.751,16,1.978.932.065.249,21,0.045
21/03/25,1.585,74,1.115.502.879,63,1.768.897.536.343,13,0.045
21/03/26,1.698,84,844.707.873,91,1.435.023.524.521,37,0.043
21/03/27,1.712,63,753.555.521,64,1.290.561.793.034,29,0.043
21/03/28,1.687,01,592.836.644,60,1.000.121.347.805,53,0.043
21/03/29,1.816,74,1.148.231.088,81,2.086.037.348.287,56,0.044
21/03/30,1.840,46,1.039.262.033,39,1.912.720.201.966,99,0.041
21/03/31,1.919,37,1.387.448.329,86,2.663.026.700.886,97,0.04
21/04/01,1.968,05,1.438.751.530,79,2.831.534.950.165,81,0.039
21/04/02,2.133,69,1.719.752.062,52,3.669.417.778.271,32,0.041
21/04/03,2.008,52,1.601.516.390,60,3.216.677.700.842,12,0.043
21/04/04,2.075,69,1.050.448.906,44,2.180.406.290.613,43,0.041
21/04/05,2.107,38,1.419.084.945,81,2.990.551.233.109,06,0.041
21/04/06,2.112,21,1.420.490.813,04,3.000.374.900.209,22,0.039
21/04/07,1.963,47,1.798.606.574,05,3.531.510.049.956,94,0.042
21/04/08,2.080,46,1.015.796.231,01,2.113.323.426.770,98,0.042
21/04/09,2.066,87,885.134.116,02,1.829.457.150.384,26,0.042
21/04/10,2.133,49,1.405.364.881,86,2.998.331.921.795,89,0.042
21/04/11,2.151,36,839.653.140,94,1.806.396.181.293,95,0.039
21/04/12,2.137,69,1.244.982.956,77,2.661.387.616.857,73,0.038
21/04/13,2.299,19,1.745.821.661,50,4.013.975.705.896,40,0.04
21/04/14,2.432,60,2.294.753.430,63,5.582.217.195.344,23,0.04
21/04/15,2.514,04,1.680.063.463,60,4.223.746.750.031,76,0.041
21/04/16,2.422,67,2.418.566.593,05,5.859.388.727.978,08,0.041
21/04/17,2.317,60,1.504.895.144,91,3.487.744.987.848,59,0.042
21/04/18,2.235,64,3.190.809.322,51,7.133.500.953.777,29,0.043
21/04/19,2.161,12,1.800.575.928,11,3.891.260.649.751,67,0.043
21/04/20,2.330,03,2.181.209.665,23,5.082.283.956.266,39,0.043
21/04/21,2.357,06,2.771.995.884,04,6.533.760.618.426,24,0.043
21/04/22,2.397,94,5.508.778.905,78,13.209.721.289.329,49,0.041
21/04/23,2.367,39,5.719.925.451,75,13.541.294.315.207,92,0.042
21/04/24,2.213,35,2.246.912.953,27,4.973.204.785.124,10,0.043
21/04/25,2.320,49,1.948.978.895,47,4.522.586.037.137,94,0.043
21/04/26,2.532,60,2.652.330.344,66,6.717.291.830.891,04,0.045
21/04/27,2.666,13,1.995.139.023,61,5.319.300.005.030,22,0.045
21/04/28,2.748,24,2.673.547.154,20,7.347.549.231.061,00,0.045
21/04/29,2.757,04,2.366.133.509,25,6.523.524.730.355,86,0.044
21/04/30,2.772,42,1.917.297.701,10,5.315.554.492.482,34,0.044
21/05/01,2.944,77,1.979.833.188,07,5.830.153.377.218,77,0.043
21/05/02,2.949,56,1.672.310.882,24,4.932.581.285.833,68,0.041
21/05/03,3.431,04,4.243.786.480,42,14.560.601.165.763,60,0.048
21/05/04,3.239,01,6.103.102.520,71,19.768.010.095.603,16,0.05
21/05/05,3.524,26,3.955.994.776,90,13.941.954.152.441,68,0.052
21/05/06,3.489,73,3.213.427.394,78,11.213.993.982.376,07,0.049
21/05/07,3.479,53,2.641.740.668,47,9.192.015.908.160,19,0.049
21/05/08,3.910,26,4.170.897.763,92,16.309.294.690.355,18,0.052
21/05/09,3.923,95,3.885.039.042,66,15.244.698.951.460,25,0.052
21/05/10,3.945,88,6.079.977.785,41,23.990.862.743.899,09,0.052
21/05/11,4.173,45,4.350.260.231,59,18.155.593.563.524,22,0.052
21/05/12,3.823,21,6.673.102.683,97,25.512.672.912.397,16,0.055
21/05/13,3.717,91,7.846.531.159,42,29.172.696.662.918,05,0.055
21/05/14,4.075,01,4.569.415.542,25,18.620.414.028.815,57,0.057
21/05/15,3.646,68,4.030.586.492,96,14.698.259.152.165,38,0.06
21/05/16,3.582,10,4.788.918.304,50,17.154.384.258.542,27,0.06
21/05/17,3.282,51,6.401.071.580,73,21.011.581.474.477,88,0.062
21/05/18,3.375,07,4.392.873.871,82,14.826.256.818.571,72,0.061
21/05/19,2.438,92,11.641.524.166,99,28.392.746.121.349,05,0.086
21/05/20,2.768,62,7.750.201.898,67,21.457.363.980.688,65,0.089
21/05/21,2.430,98,6.898.701.128,84,16.770.604.470.190,21,0.093
21/05/22,2.294,87,3.934.313.840,47,9.028.738.803.081,06,0.093
21/05/23,2.096,39,5.907.260.139,54,12.383.921.083.940,66,0.094
21/05/24,2.648,43,5.180.244.966,72,13.719.516.177.213,51,0.103
21/05/25,2.705,11,5.442.737.549,40,14.723.203.772.260,84,0.102
21/05/26,2.884,94,4.416.389.128,58,12.741.017.652.609,86,0.102
21/05/27,2.742,23,3.033.719.144,34,8.319.155.649.184,06,0.102
21/05/28,2.412,10,3.934.662.309,04,9.490.798.955.646,05,0.105
21/05/29,2.278,74,3.288.804.154,83,7.494.329.579.781,58,0.105
21/05/30,2.385,98,2.726.606.138,63,6.505.627.714.652,50,0.105
21/05/31,2.706,15,3.277.131.772,13,8.868.410.145.160,62,0.108
21/06/01,2.634,57,3.081.355.010,95,8.118.045.471.207,64,0.104
21/06/02,2.706,22,2.616.566.301,63,7.081.004.056.793,86,0.104
21/06/03,2.857,25,2.874.856.613,49,8.214.184.058.895,00,0.103
21/06/04,2.689,51,3.175.186.750,49,8.539.696.517.312,72,0.103
21/06/05,2.627,73,2.575.726.370,43,6.768.313.455.372,28,0.103
21/06/06,2.711,92,1.814.112.037,53,4.919.726.716.827,88,0.101
21/06/07,2.592,05,3.149.245.176,91,8.163.000.960.812,84,0.101
21/06/08,2.507,23,4.201.646.662,88,10.534.494.562.576,97,0.101
21/06/09,2.610,18,3.223.323.188,07,8.413.453.719.037,54,0.101
21/06/10,2.471,09,1.874.571.746,44,4.632.235.496.899,16,0.1
21/06/11,2.354,01,1.424.975.261,81,3.354.406.016.047,99,0.1
21/06/12,2.370,74,1.807.036.944,00,4.284.014.764.615,30,0.098
21/06/13,2.509,33,1.724.097.564,33,4.326.329.741.111,01,0.098
21/06/14,2.580,77,1.730.260.219,13,4.465.403.665.733,96,0.098
21/06/15,2.543,54,1.548.303.436,06,3.938.171.721.763,09,0.097
21/06/16,2.367,89,1.533.734.359,41,3.631.714.252.310,46,0.097
21/06/17,2.373,28,1.338.389.545,00,3.176.373.139.361,12,0.077
21/06/18,2.234,09,1.758.827.532,88,3.929.379.002.939,35,0.074
21/06/19,2.164,67,1.104.923.869,42,2.391.795.552.414,36,0.071
21/06/20,2.243,47,1.599.009.750,53,3.587.330.405.014,59,0.07
21/06/21,1.885,49,3.252.129.521,68,6.131.857.691.827,72,0.075
21/06/22,1.879,28,3.158.928.001,13,5.936.510.213.965,74,0.06
21/06/23,1.968,14,1.817.518.228,91,3.577.130.327.047,07,0.061
21/06/24,1.989,52,1.377.799.766,50,2.741.160.191.446,00,0.06
21/06/25,1.808,82,1.612.556.879,11,2.916.825.134.066,83,0.061
21/06/26,1.829,64,1.478.550.576,56,2.705.215.276.905,74,0.057
21/06/27,1.982,28,1.299.521.992,07,2.576.016.454.444,09,0.059
21/06/28,2.084,41,2.138.998.047,88,4.458.548.920.976,61,0.059
21/06/29,2.165,33,1.804.733.069,98,3.907.842.658.426,27,0.054
21/06/30,2.275,68,1.973.676.680,87,4.491.456.549.129,36,0.055
21/07/01,2.106,41,1.688.043.308,13,3.555.711.304.672,34,0.056
21/07/02,2.154,13,1.397.269.246,27,3.009.899.601.459,96,0.055
21/07/03,2.226,99,1.248.888.441,25,2.781.262.069.786,36,0.055
21/07/04,2.322,69,1.365.904.900,35,3.172.573.652.993,73,0.056
21/07/05,2.196,53,1.753.862.827,38,3.852.412.316.223,02,0.056
21/07/06,2.322,50,1.803.108.194,47,4.187.718.781.652,88,0.057
21/07/07,2.316,57,1.570.553.094,64,3.638.296.182.444,56,0.056
21/07/08,2.116,33,1.926.184.139,31,4.076.441.279.545,61,0.058
21/07/09,2.146,99,1.568.646.237,31,3.367.867.785.044,33,0.057
21/07/10,2.110,69,1.058.023.794,51,2.233.160.242.837,32,0.057
21/07/11,2.140,45,727.911.535,27,1.558.058.245.666,53,0.057
21/07/12,2.031,58,1.126.108.847,37,2.287.780.212.142,73,0.056
21/07/13,1.940,15,1.287.490.852,46,2.497.925.377.403,17,0.056
21/07/14,1.994,58,1.342.931.974,35,2.678.585.257.398,32,0.057
21/07/15,1.919,51,1.251.834.409,94,2.402.908.668.227,33,0.056
21/07/16,1.876,26,1.097.832.472,32,2.059.819.154.519,13,0.056
21/07/17,1.899,59,810.628.641,26,1.539.862.060.647,10,0.055
21/07/18,1.891,64,1.038.104.997,52,1.963.720.937.512,55,0.055
21/07/19,1.818,73,1.011.627.398,92,1.839.877.099.244,83,0.055
21/07/20,1.786,03,1.386.498.470,34,2.476.327.862.981,65,0.045
21/07/21,1.995,50,2.138.345.813,79,4.267.069.071.408,86,0.049
21/07/22,2.024,56,1.536.669.128,52,3.111.078.850.837,37,0.049
21/07/23,2.124,25,1.455.496.732,05,3.091.838.933.060,73,0.049
21/07/24,2.184,75,1.360.667.031,98,2.972.717.298.124,88,0.046
21/07/25,2.189,79,1.154.562.327,65,2.528.249.039.473,33,0.046
21/07/26,2.228,08,3.222.622.416,26,7.180.260.553.213,28,0.044
21/07/27,2.299,49,2.025.582.065,41,4.657.805.703.598,37,0.043
21/07/28,2.300,90,1.649.860.557,29,3.796.164.156.276,50,0.043
21/07/29,2.382,92,1.157.988.358,95,2.759.393.620.300,30,0.042
21/07/30,2.461,81,1.824.191.451,56,4.490.812.757.361,55,0.04
21/07/31,2.531,05,1.253.810.139,14,3.173.456.152.666,17,0.04
21/08/01,2.555,69,2.217.485.596,78,5.667.205.764.830,73,0.04
21/08/02,2.606,93,1.887.684.672,47,4.921.061.803.204,95,0.039
21/08/03,2.509,04,1.986.976.146,00,4.985.402.629.370,25,0.038
21/08/04,2.724,78,2.498.364.633,89,6.807.493.987.143,48,0.04
21/08/05,2.826,99,3.553.456.266,77,10.045.585.331.601,69,0.04
21/08/06,2.891,58,2.334.160.884,13,6.749.412.929.320,85,0.036
21/08/07,3.160,31,3.673.732.670,32,11.610.134.095.330,64,0.039
21/08/08,3.011,85,2.979.960.615,13,8.975.194.378.679,37,0.04
21/08/09,3.160,52,3.453.771.928,06,10.915.715.254.073,25,0.04
21/08/10,3.141,66,2.763.516.346,67,8.682.028.765.672,32,0.039
21/08/11,3.160,50,2.351.996.141,80,7.433.483.806.150,11,0.037
21/08/12,3.045,96,2.283.938.414,77,6.956.785.053.858,20,0.038
21/08/13,3.322,32,1.867.199.038,71,6.203.432.710.279,62,0.039
21/08/14,3.263,16,1.587.713.825,69,5.180.964.247.426,11,0.039
21/08/15,3.307,09,1.813.755.247,63,5.998.251.841.869,44,0.039
21/08/16,3.146,53,2.062.860.388,40,6.490.852.097.897,93,0.041
21/08/17,3.011,72,2.535.149.204,54,7.635.159.562.289,98,0.041
21/08/18,3.014,55,1.902.429.362,96,5.734.968.436.121,99,0.04
21/08/19,3.184,12,1.931.520.693,61,6.150.193.670.938,73,0.037
21/08/20,3.284,82,1.809.283.029,22,5.943.169.080.035,56,0.037
21/08/21,3.223,43,1.375.973.641,16,4.435.354.714.134,58,0.037
21/08/22,3.238,00,1.304.347.038,57,4.223.475.710.894,05,0.037
21/08/23,3.321,28,2.000.534.992,15,6.644.336.858.722,47,0.037
21/08/24,3.170,62,1.758.604.481,60,5.575.866.541.450,11,0.039
21/08/25,3.226,87,1.534.476.278,25,4.951.555.468.006,90,0.039
21/08/26,3.093,20,1.382.397.989,45,4.276.033.460.968,19,0.04
21/08/27,3.273,45,1.434.311.977,25,4.695.148.541.913,48,0.041
21/08/28,3.244,48,850.631.439,05,2.759.856.691.379,58,0.041
21/08/29,3.223,47,1.078.681.950,90,3.477.098.908.274,35,0.041
21/08/30,3.229,64,2.027.490.192,50,6.548.063.425.297,26,0.041
21/08/31,3.429,20,2.895.209.449,71,9.928.252.244.937,87,0.042
21/09/01,3.826,82,3.038.498.667,85,11.627.787.472.117,96,0.044
21/09/02,3.785,82,1.981.758.437,09,7.502.580.726.288,00,0.043
21/09/03,3.938,11,2.557.662.974,33,10.072.358.135.838,78,0.043
21/09/04,3.885,52,1.422.981.232,23,5.529.022.037.468,73,0.043
21/09/05,3.950,29,1.432.553.302,48,5.659.000.985.241,24,0.04
21/09/06,3.926,77,1.562.560.096,38,6.135.814.109.645,48,0.039
21/09/07,3.434,57,4.298.119.218,28,14.762.191.323.537,40,0.046
21/09/08,3.499,00,2.665.272.033,98,9.325.786.846.896,40,0.046
21/09/09,3.424,93,2.194.182.935,34,7.514.922.960.729,36,0.046
21/09/10,3.208,86,2.107.283.581,31,6.761.977.992.707,36,0.048
21/09/11,3.267,21,1.355.587.141,45,4.428.987.864.429,25,0.045
21/09/12,3.404,21,1.379.322.044,70,4.695.501.897.780,12,0.045
21/09/13,3.285,35,2.103.663.103,07,6.911.269.575.663,63,0.046
21/09/14,3.434,37,1.249.733.657,13,4.292.047.780.044,78,0.046
21/09/15,3.613,55,1.486.156.273,79,5.370.300.003.160,63,0.045
21/09/16,3.567,98,1.680.487.713,22,5.995.946.551.030,63,0.046
21/09/17,3.399,81,1.383.268.101,52,4.702.848.724.221,52,0.046
21/09/18,3.435,64,1.090.387.917,43,3.746.180.344.638,14,0.045
21/09/19,3.328,62,1.052.980.779,85,3.504.972.883.421,24,0.046
21/09/20,2.977,28,2.834.781.758,89,8.439.939.035.115,81,0.05
21/09/21,2.765,90,2.827.179.157,43,7.819.694.831.549,37,0.051
21/09/22,3.076,92,1.993.084.668,61,6.132.562.078.552,97,0.055
21/09/23,3.152,50,1.428.616.217,72,4.503.712.626.356,38,0.055
21/09/24,2.928,53,2.715.718.192,37,7.953.062.197.904,17,0.056
21/09/25,2.921,73,1.428.143.403,48,4.172.649.426.244,10,0.055
21/09/26,3.059,37,2.062.409.598,89,6.309.674.054.571,02,0.056
21/09/27,2.925,59,1.564.096.695,37,4.575.905.651.016,20,0.056
21/09/28,2.804,91,1.477.983.245,67,4.145.609.985.611,40,0.057
21/09/29,2.850,45,1.180.681.056,16,3.365.472.316.537,87,0.055
21/09/30,3.000,61,1.514.341.937,31,4.543.949.560.503,11,0.052
21/10/01,3.309,91,2.063.112.280,67,6.828.715.968.905,13,0.056
21/10/02,3.387,76,1.417.055.615,82,4.800.644.333.038,97,0.055
21/10/03,3.417,73,1.231.536.168,32,4.209.058.108.536,47,0.055
21/10/04,3.386,31,1.631.562.261,55,5.524.975.601.926,23,0.055
21/10/05,3.515,27,1.355.905.889,61,4.766.375.296.572,67,0.056
21/10/06,3.574,89,2.172.519.696,56,7.766.518.938.046,05,0.05
21/10/07,3.587,47,1.736.906.584,28,6.231.100.263.892,94,0.05
21/10/08,3.563,13,1.455.713.871,29,5.186.897.766.203,42,0.05
21/10/09,3.574,82,1.299.757.023,50,4.646.397.402.745,28,0.048
21/10/10,3.414,22,2.049.128.230,34,6.996.174.586.605,98,0.049
21/10/11,3.542,12,1.743.391.083,66,6.175.300.425.249,54,0.049
21/10/12,3.491,46,1.425.455.761,41,4.976.921.772.720,75,0.048
21/10/13,3.607,42,1.376.610.269,52,4.966.011.418.458,88,0.048
21/10/14,3.790,82,1.792.792.932,94,6.796.155.306.063,49,0.048
21/10/15,3.868,99,1.924.965.953,86,7.447.674.025.818,99,0.048
21/10/16,3.829,96,1.452.752.901,40,5.563.985.502.236,94,0.047
21/10/17,3.846,85,1.406.207.658,84,5.409.469.932.411,61,0.047
21/10/18,3.744,96,1.520.728.621,31,5.695.067.857.662,33,0.047
21/10/19,3.877,03,1.300.066.269,93,5.040.395.930.518,89,0.042
21/10/20,4.161,15,2.149.449.047,37,8.944.179.903.452,48,0.04
21/10/21,4.052,99,3.335.123.441,00,13.517.221.955.131,34,0.037
21/10/22,3.972,20,1.872.218.697,85,7.436.827.111.604,13,0.037
21/10/23,4.167,12,1.323.345.505,76,5.514.539.523.952,26,0.035
21/10/24,4.082,33,1.421.627.004,33,5.803.550.568.606,10,0.035
21/10/25,4.220,37,1.445.430.078,54,6.100.249.740.588,46,0.035
21/10/26,4.131,52,1.739.912.498,47,7.188.483.285.678,42,0.034
21/10/27,3.922,00,2.874.313.313,40,11.273.056.815.147,18,0.034
21/10/28,4.286,02,2.587.268.364,26,11.089.083.954.591,81,0.037
21/10/29,4.418,89,2.440.933.126,05,10.786.214.981.365,14,0.036
21/10/30,4.322,68,1.469.664.811,94,6.352.890.689.263,12,0.033
21/10/31,4.287,21,1.764.886.607,69,7.566.439.513.344,46,0.033
21/11/01,4.319,43,1.794.319.887,30,7.750.439.150.810,43,0.033
21/11/02,4.589,89,2.083.371.519,81,9.562.446.105.046,16,0.034
21/11/03,4.603,35,2.051.737.308,01,9.444.864.936.839,92,0.034
21/11/04,4.532,32,1.663.942.873,79,7.541.521.565.749,65,0.034
21/11/05,4.474,24,1.375.503.505,23,6.154.332.803.231,09,0.035
21/11/06,4.518,00,1.429.791.261,32,6.459.796.918.641,61,0.034
21/11/07,4.612,59,1.115.635.571,37,5.145.969.480.123,32,0.035
21/11/08,4.807,98,1.850.800.839,69,8.898.613.421.226,46,0.033
21/11/09,4.732,33,1.489.567.265,67,7.049.123.858.346,65,0.033
21/11/10,4.628,78,2.600.175.501,16,12.035.640.356.261,65,0.034
21/11/11,4.719,00,1.425.610.198,74,6.727.454.527.865,47,0.033
21/11/12,4.665,46,2.146.130.116,87,10.012.684.215.060,55,0.033
21/11/13,4.644,28,1.026.142.451,55,4.765.692.864.867,23,0.033
21/11/14,4.626,50,1.126.786.539,41,5.213.077.924.560,83,0.033
21/11/15,4.563,78,1.752.738.875,79,7.999.114.626.561,65,0.033
21/11/16,4.209,76,3.163.788.841,07,13.318.791.711.566,09,0.036
21/11/17,4.287,80,1.980.248.927,71,8.490.911.352.240,22,0.036
21/11/18,3.996,90,2.387.588.164,85,9.542.951.136.089,40,0.036
21/11/19,4.294,76,1.740.904.041,28,7.476.765.040.344,86,0.038
21/11/20,4.412,17,1.577.172.914,22,6.958.755.016.916,74,0.038
21/11/21,4.258,31,1.479.842.945,95,6.301.630.015.170,04,0.038
21/11/22,4.085,97,2.167.112.891,87,8.854.758.262.776,63,0.038
21/11/23,4.339,44,2.125.825.553,22,9.224.892.438.675,08,0.039
21/11/24,4.269,36,1.913.428.104,74,8.169.113.413.240,87,0.039
21/11/25,4.524,85,1.962.939.107,45,8.882.005.020.334,93,0.039
21/11/26,4.041,20,2.994.490.664,02,12.101.335.671.445,07,0.041
21/11/27,4.095,29,1.133.169.071,35,4.640.655.966.210,54,0.041
21/11/28,4.294,78,1.421.535.999,75,6.105.184.381.015,23,0.042
21/11/29,4.444,53,1.772.611.136,39,7.878.423.374.030,35,0.042
21/11/30,4.630,26,3.391.424.543,47,15.703.177.406.658,44,0.043
21/12/01,4.582,95,2.382.156.066,74,10.917.302.146.053,58,0.042
21/12/02,4.511,21,2.047.468.326,80,9.236.559.590.555,41,0.042
21/12/03,4.215,73,2.972.156.867,64,12.529.810.871.605,07,0.043
21/12/04,4.117,25,4.370.074.804,51,17.992.690.488.882,10,0.044
21/12/05,4.196,44,2.224.220.852,28,9.333.809.353.338,51,0.044
21/12/06,4.347,59,2.991.267.298,82,13.004.803.795.684,37,0.044
21/12/07,4.306,40,1.830.621.575,43,7.883.388.752.418,59,0.043
21/12/08,4.436,91,1.868.281.437,57,8.289.396.593.148,25,0.044
21/12/09,4.105,64,1.970.732.612,69,8.091.118.643.983,00,0.046
21/12/10,3.897,94,2.287.155.262,16,8.915.193.982.569,58,0.046
21/12/11,4.089,37,1.711.893.271,97,7.000.564.989.615,84,0.047
21/12/12,4.130,00,1.061.361.793,04,4.383.424.205.260,45,0.047
21/12/13,3.781,93,2.068.534.029,55,7.823.050.902.380,21,0.05
21/12/14,3.858,99,1.499.985.094,81,5.788.427.481.035,09,0.05
21/12/15,4.019,08,2.102.151.850,11,8.448.716.457.758,53,0.049
21/12/16,3.958,11,1.489.983.161,89,5.897.517.252.903,66,0.048
21/12/17,3.875,42,1.789.265.513,24,6.934.155.355.332,09,0.047
21/12/18,3.959,93,1.326.617.546,28,5.253.312.620.027,05,0.045
21/12/19,3.924,14,1.208.752.533,60,4.743.314.167.181,74,0.045
21/12/20,3.944,73,1.416.566.980,69,5.587.974.265.741,21,0.044
21/12/21,4.014,15,1.364.232.642,49,5.476.234.461.843,64,0.044
21/12/22,3.979,51,1.215.914.916,53,4.838.745.569.464,13,0.042
21/12/23,4.111,41,1.525.274.496,51,6.271.028.817.679,93,0.043
21/12/24,4.046,36,943.702.137,85,3.818.558.582.530,65,0.041
21/12/25,4.094,83,846.912.042,13,3.467.960.837.471,43,0.036
21/12/26,4.063,56,767.315.615,27,3.118.033.041.581,95,0.036
21/12/27,4.037,23,905.682.624,78,3.656.449.063.227,54,0.035
21/12/28,3.792,75,1.393.962.041,50,5.286.949.532.905,49,0.036
21/12/29,3.630,19,1.136.202.240,43,4.124.630.011.190,98,0.035
21/12/30,3.709,27,921.537.785,39,3.418.232.461.202,00,0.036
21/12/31,3.676,23,1.001.765.030,14,3.682.718.656.744,74,0.036
22/01/01,3.765,54,574.718.328,45,2.164.124.854.521,95,0.034
22/01/02,3.828,27,585.374.957,73,2.240.973.389.430,79,0.034
22/01/03,3.765,89,892.944.105,55,3.362.729.277.660,96,0.034
22/01/04,3.785,11,1.098.182.607,93,4.156.741.971.085,74,0.033
22/01/05,3.540,63,1.464.819.255,09,5.186.382.999.161,74,0.035
22/01/06,3.406,81,1.698.727.637,37,5.787.242.302.251,54,0.035
22/01/07,3.199,24,2.149.562.773,33,6.876.967.206.945,89,0.034
22/01/08,3.080,95,1.252.795.163,49,3.859.799.258.943,02,0.033
22/01/09,3.151,97,864.505.480,88,2.724.895.340.574,81,0.032
22/01/10,3.082,68,1.616.550.523,10,4.983.307.966.541,28,0.032
22/01/11,3.239,72,1.145.852.583,62,3.712.241.532.215,04,0.03
22/01/12,3.371,26,1.226.038.697,47,4.133.295.219.242,50,0.031
22/01/13,3.240,61,1.116.293.607,69,3.617.472.228.009,56,0.031
22/01/14,3.307,42,931.347.172,76,3.080.356.266.139,41,0.031
22/01/15,3.326,04,675.484.534,66,2.246.688.581.650,40,0.031
22/01/16,3.346,88,701.885.138,83,2.349.125.333.459,87,0.031
22/01/17,3.209,67,922.568.646,92,2.961.140.908.971,79,0.031
22/01/18,3.159,85,943.140.782,39,2.980.183.401.234,80,0.031
22/01/19,3.084,02,1.035.249.881,47,3.192.731.339.462,19,0.031
22/01/20,3.001,48,1.124.982.397,81,3.376.612.167.379,16,0.031
22/01/21,2.568,15,2.828.122.722,88,7.263.043.370.772,40,0.04
22/01/22,2.412,18,2.652.383.042,00,6.398.025.326.249,59,0.041
22/01/23,2.539,01,1.431.696.375,62,3.635.091.414.650,41,0.042
22/01/24,2.439,29,2.592.832.133,20,6.324.669.494.193,92,0.043
22/01/25,2.458,83,1.237.051.148,43,3.041.698.475.296,35,0.043
22/01/26,2.462,99,2.058.599.145,34,5.070.309.108.985,82,0.042
22/01/27,2.424,25,1.448.742.950,46,3.512.115.097.649,15,0.042
22/01/28,2.544,99,1.183.543.182,41,3.012.105.563.797,16,0.043
22/01/29,2.601,43,966.725.225,78,2.514.868.004.108,66,0.043
22/01/30,2.601,68,755.039.834,57,1.964.372.036.791,38,0.043
22/01/31,2.686,94,1.154.488.527,58,3.102.041.404.294,27,0.043
22/02/01,2.787,23,1.075.341.490,80,2.997.224.063.411,85,0.044
22/02/02,2.680,67,1.215.958.780,12,3.259.584.223.111,29,0.044
22/02/03,2.695,46,1.068.724.165,62,2.880.703.239.467,00,0.043
22/02/04,2.994,99,1.889.746.043,72,5.659.770.503.466,13,0.048
22/02/05,3.012,65,1.073.972.573,35,3.235.503.473.098,88,0.046
22/02/06,3.054,99,749.957.614,97,2.291.113.014.152,95,0.046
22/02/07,3.139,77,1.410.603.197,76,4.428.969.602.221,12,0.046
22/02/08,3.116,69,1.602.652.876,88,4.994.972.194.847,79,0.046
22/02/09,3.243,94,1.171.445.663,96,3.800.099.447.160,10,0.046
22/02/10,3.072,49,1.839.815.885,64,5.652.815.910.456,64,0.046
22/02/11,2.927,54,1.404.238.408,52,4.110.964.110.472,32,0.046
22/02/12,2.918,88,981.432.045,70,2.864.682.369.562,61,0.046
22/02/13,2.871,13,705.260.941,48,2.024.895.846.920,19,0.046
22/02/14,2.929,75,1.107.566.192,89,3.244.892.053.618,48,0.046
22/02/15,3.183,52,1.381.094.746,21,4.396.742.746.457,04,0.048
22/02/16,3.122,30,999.219.896,17,3.119.864.281.807,80,0.048
22/02/17,2.891,87,1.467.352.492,89,4.243.392.653.607,72,0.05
22/02/18,2.779,48,1.428.246.802,95,3.969.783.423.872,32,0.05
22/02/19,2.763,63,812.399.991,55,2.245.172.988.659,85,0.041
22/02/20,2.621,99,1.023.095.361,86,2.682.545.807.837,33,0.041
22/02/21,2.568,02,2.030.019.705,15,5.213.131.203.212,21,0.04
22/02/22,2.636,29,1.787.436.157,61,4.712.200.067.941,10,0.039
22/02/23,2.579,71,1.347.740.672,09,3.476.780.089.185,28,0.04
22/02/24,2.596,20,3.417.715.584,19,8.873.073.199.666,35,0.04
22/02/25,2.768,49,1.818.778.014,60,5.035.268.745.649,95,0.041
22/02/26,2.779,47,1.169.315.477,81,3.250.077.291.107,17,0.04
22/02/27,2.616,79,1.757.950.720,80,4.600.187.866.692,13,0.042
22/02/28,2.920,95,2.004.492.152,84,5.855.021.353.832,96,0.046
22/03/01,2.976,33,1.983.738.648,09,5.904.260.850.474,55,0.046
22/03/02,2.947,30,1.828.572.588,46,5.389.351.989.971,86,0.046
22/03/03,2.833,99,1.282.099.960,46,3.633.458.466.939,36,0.046
22/03/04,2.622,10,1.499.282.207,48,3.931.267.876.240,63,0.048
22/03/05,2.665,15,709.708.518,86,1.891.479.659.046,30,0.044
22/03/06,2.551,29,881.200.532,29,2.248.198.106.014,70,0.044
22/03/07,2.491,12,1.575.658.962,14,3.925.155.553.755,34,0.044
22/03/08,2.575,97,1.438.848.034,01,3.706.429.370.165,40,0.044
22/03/09,2.726,98,1.524.779.168,02,4.158.042.295.613,05,0.046
22/03/10,2.606,70,1.460.470.256,48,3.807.007.817.555,30,0.046
22/03/11,2.556,86,1.281.060.913,84,3.275.493.408.149,48,0.045
22/03/12,2.568,80,567.134.036,90,1.456.853.913.980,18,0.044
22/03/13,2.515,65,811.775.081,56,2.042.141.983.921,37,0.044
22/03/14,2.589,41,991.479.973,09,2.567.348.157.122,85,0.045
22/03/15,2.617,73,1.189.436.494,54,3.113.623.594.840,51,0.045
22/03/16,2.773,81,1.792.497.068,36,4.972.046.293.191,29,0.043
22/03/17,2.811,92,1.058.301.299,03,2.975.858.588.779,00,0.043
22/03/18,2.938,92,1.590.887.965,76,4.675.492.460.335,35,0.042
22/03/19,2.950,84,961.244.629,51,2.836.479.102.546,59,0.041
22/03/20,2.861,38,1.089.196.046,05,3.116.603.782.254,23,0.041
22/03/21,2.890,03,1.305.282.353,59,3.772.305.160.332,69,0.04
22/03/22,2.969,64,1.692.559.175,07,5.026.291.428.643,16,0.04
22/03/23,3.036,00,1.350.911.495,42,4.101.367.300.084,99,0.04
22/03/24,3.110,76,1.768.485.489,45,5.501.333.921.149,46,0.04
22/03/25,3.102,14,1.532.535.177,92,4.754.138.676.823,60,0.04
22/03/26,3.145,00,646.551.585,68,2.033.404.736.970,67,0.038
22/03/27,3.295,65,1.072.163.952,32,3.533.477.129.470,28,0.039
22/03/28,3.332,92,1.766.636.914,05,5.888.059.503.580,14,0.037
22/03/29,3.400,51,1.590.016.971,39,5.406.868.611.376,51,0.032
22/03/30,3.385,79,1.206.555.998,57,4.085.145.234.391,22,0.032
22/03/31,3.281,51,1.526.047.563,60,5.007.740.340.437,29,0.032
22/04/01,3.455,21,1.780.259.682,53,6.151.171.057.684,63,0.032
22/04/02,3.443,77,1.740.311.567,81,5.993.232.767.864,77,0.028
22/04/03,3.521,91,1.334.671.716,89,4.700.593.666.439,94,0.028
22/04/04,3.519,50,1.564.866.359,69,5.507.547.152.917,40,0.027
22/04/05,3.406,99,1.383.264.215,87,4.712.767.350.841,39,0.027
22/04/06,3.168,51,2.411.228.209,99,7.640.000.695.625,86,0.031
22/04/07,3.227,19,1.470.465.124,58,4.745.470.345.400,01,0.029
22/04/08,3.192,39,1.634.901.495,65,5.219.243.185.683,17,0.028
22/04/09,3.258,57,683.630.508,16,2.227.657.864.971,79,0.028
22/04/10,3.203,04,756.032.282,61,2.421.601.642.504,38,0.028
22/04/11,2.979,74,2.127.486.125,62,6.339.355.507.961,14,0.031
22/04/12,3.027,66,1.750.871.209,72,5.301.042.726.820,87,0.031
22/04/13,3.118,28,1.285.303.924,98,4.007.937.523.182,93,0.031
22/04/14,3.021,98,1.249.759.777,27,3.776.749.051.718,70,0.03
22/04/15,3.040,56,755.644.733,73,2.297.583.151.603,06,0.03
22/04/16,3.059,30,536.234.354,30,1.640.501.760.101,86,0.029
22/04/17,2.988,06,742.151.590,62,2.217.593.481.873,77,0.03
22/04/18,3.055,56,1.508.168.472,87,4.608.299.258.954,40,0.029
22/04/19,3.101,77,1.106.468.538,12,3.432.010.917.475,47,0.029
22/04/20,3.076,04,1.285.353.922,30,3.953.800.079.162,80,0.029
22/04/21,2.983,58,1.736.496.193,47,5.180.975.312.925,08,0.029
22/04/22,2.962,39,1.350.044.345,25,3.999.357.867.926,08,0.029
22/04/23,2.933,03,554.261.385,85,1.625.665.272.544,11,0.029
22/04/24,2.921,00,643.702.920,89,1.880.256.231.922,79,0.029
22/04/25,3.006,62,1.789.151.245,68,5.379.297.918.275,89,0.028
22/04/26,2.809,67,1.544.470.478,05,4.339.452.368.052,60,0.03
22/04/27,2.888,96,1.401.317.315,55,4.048.349.671.938,04,0.03
22/04/28,2.936,93,1.567.476.627,91,4.603.569.132.803,85,0.031
22/04/29,2.817,13,1.503.869.186,33,4.236.595.000.894,35,0.031
22/04/30,2.726,66,1.028.113.961,63,2.803.317.214.625,43,0.029
22/05/01,2.824,81,1.230.927.404,41,3.477.136.041.240,54,0.031
22/05/02,2.856,54,1.476.062.750,22,4.216.432.288.502,52,0.03
22/05/03,2.781,70,1.046.307.600,94,2.910.513.853.531,75,0.03
22/05/04,2.940,64,1.572.901.182,25,4.625.336.132.572,79,0.032
22/05/05,2.747,97,2.055.752.498,22,5.649.146.192.524,18,0.032
22/05/06,2.692,85,1.918.267.933,17,5.165.607.803.824,18,0.032
22/05/07,2.635,34,987.464.053,43,2.602.303.518.567,70,0.032
22/05/08,2.519,71,1.930.282.594,66,4.863.752.356.588,40,0.032
22/05/09,2.228,55,3.725.676.633,14,8.302.856.660.775,90,0.038
22/05/10,2.342,05,3.650.912.006,06,8.550.618.463.799,26,0.038
22/05/11,2.084,99,4.605.757.120,00,9.602.957.537.624,84,0.043
22/05/12,1.960,22,4.485.518.775,57,8.792.603.614.255,44,0.043
22/05/13,2.009,69,2.355.144.482,31,4.733.110.314.661,76,0.043
22/05/14,2.056,48,1.136.170.835,75,2.336.512.600.294,56,0.044
22/05/15,2.145,29,1.067.795.595,55,2.290.731.213.182,68,0.045
22/05/16,2.023,66,1.672.324.751,61,3.384.216.706.848,44,0.045
22/05/17,2.090,72,1.175.068.276,04,2.456.738.746.078,71,0.046
22/05/18,1.915,11,1.262.292.139,41,2.417.428.299.113,53,0.047
22/05/19,2.019,55,1.461.787.984,39,2.952.153.923.876,90,0.049
22/05/20,1.959,08,1.151.839.844,61,2.256.546.402.774,58,0.049
22/05/21,1.975,07,470.714.672,58,929.694.428.381,95,0.049
22/05/22,2.043,19,715.445.185,63,1.461.790.448.822,94,0.05
22/05/23,1.973,32,1.296.599.784,11,2.558.606.285.986,48,0.05
22/05/24,1.979,41,1.047.864.199,93,2.074.152.875.988,13,0.05
22/05/25,1.942,63,1.034.922.798,42,2.010.472.075.899,86,0.049
22/05/26,1.792,23,2.157.585.473,52,3.866.889.413.198,53,0.049
22/05/27,1.727,27,2.284.866.824,04,3.946.581.919.155,38,0.049
22/05/28,1.792,22,988.074.924,55,1.770.847.641.278,95,0.05
22/05/29,1.813,64,776.046.677,06,1.407.469.295.379,34,0.05
22/05/30,1.998,78,1.557.925.971,05,3.113.951.272.410,61,0.053
22/05/31,1.941,90,1.477.853.073,77,2.869.842.883.949,60,0.053
22/06/01,1.817,95,1.954.005.475,23,3.552.284.253.695,14,0.054
22/06/02,1.834,08,1.434.781.730,18,2.631.504.475.697,25,0.053
22/06/03,1.775,12,1.319.239.612,46,2.341.808.620.875,16,0.052
22/06/04,1.804,58,689.062.742,98,1.243.468.844.729,17,0.052
22/06/05,1.806,23,670.583.716,96,1.211.228.427.078,14,0.052
22/06/06,1.859,84,1.509.754.495,65,2.807.901.801.184,58,0.052
22/06/07,1.813,33,2.491.786.694,53,4.518.431.566.799,50,0.048
22/06/08,1.791,88,1.696.874.614,38,3.040.595.684.023,03,0.047
22/06/09,1.788,81,963.245.550,84,1.723.063.273.803,75,0.042
22/06/10,1.662,91,1.648.304.410,45,2.740.981.887.175,28,0.043
22/06/11,1.532,89,1.914.818.053,83,2.935.205.446.541,23,0.045
22/06/12,1.434,84,2.311.178.755,27,3.316.171.725.210,85,0.045
22/06/13,1.209,82,4.611.744.120,82,5.579.380.272.247,39,0.052
22/06/14,1.208,90,3.217.818.700,12,3.890.021.026.580,14,0.052
22/06/15,1.237,52,3.493.040.697,14,4.322.707.723.521,79,0.052
22/06/16,1.068,50,1.649.596.819,73,1.762.594.201.886,03,0.056
22/06/17,1.086,94,1.329.091.114,65,1.444.642.296.157,77,0.054
22/06/18,995,13,2.263.399.396,75,2.252.376.641.691,53,0.056
22/06/19,1.128,53,2.092.850.317,95,2.361.844.369.317,69,0.062
22/06/20,1.128,24,1.910.020.862,81,2.154.961.938.260,91,0.061
22/06/21,1.125,85,1.500.605.189,57,1.689.456.352.680,24,0.061
22/06/22,1.050,19,1.420.433.701,92,1.491.725.269.419,31,0.062
22/06/23,1.144,72,1.415.452.039,24,1.620.296.258.360,55,0.065
22/06/24,1.225,02,1.589.113.478,23,1.946.695.793.099,75,0.065
22/06/25,1.242,36,1.048.516.642,22,1.302.635.135.627,77,0.065
22/06/26,1.197,79,1.094.067.725,45,1.310.463.380.870,92,0.065
22/06/27,1.192,51,1.047.407.117,88,1.249.043.462.140,30,0.065
22/06/28,1.144,05,1.314.982.778,27,1.504.406.047.476,82,0.061
22/06/29,1.100,21,1.449.586.742,87,1.594.849.830.375,48,0.061
22/06/30,1.071,01,1.481.000.138,96,1.586.165.958.831,07,0.061
22/07/01,1.059,73,1.669.000.120,55,1.768.689.497.750,50,0.061
22/07/02,1.067,01,752.813.687,03,803.259.732.195,44,0.061
22/07/03,1.074,26,686.056.543,20,737.003.102.092,88,0.061
22/07/04,1.151,00,1.266.934.953,33,1.458.242.131.278,71,0.063
22/07/05,1.132,50,1.578.654.373,51,1.787.826.078.000,10,0.062
22/07/06,1.186,57,1.388.074.909,87,1.647.048.045.810,37,0.063
22/07/07,1.237,49,1.208.160.386,34,1.495.086.396.489,80,0.064
22/07/08,1.214,04,1.466.331.923,65,1.780.185.608.588,79,0.064
22/07/09,1.217,02,702.039.918,55,854.396.621.669,95,0.063
22/07/10,1.168,36,1.200.593.502,22,1.402.725.424.248,79,0.062
22/07/11,1.096,40,1.370.709.630,80,1.502.846.039.204,85,0.062
22/07/12,1.038,58,1.347.752.238,27,1.399.748.519.627,26,0.054
22/07/13,1.115,00,2.158.672.347,76,2.406.919.667.750,26,0.056
22/07/14,1.193,42,1.816.929.082,73,2.168.359.505.915,08,0.057
22/07/15,1.231,25,1.794.058.728,78,2.208.934.809.815,94,0.051
22/07/16,1.355,85,1.936.527.899,33,2.625.641.352.300,47,0.053
22/07/17,1.338,65,1.687.064.377,70,2.258.388.729.205,99,0.05
22/07/18,1.581,04,2.980.357.374,79,4.712.064.223.842,23,0.054
22/07/19,1.542,32,2.856.463.586,86,4.405.580.919.287,32,0.054
22/07/20,1.521,58,2.109.332.407,43,3.209.518.004.492,56,0.054
22/07/21,1.575,45,1.897.833.301,00,2.989.941.474.056,93,0.052
22/07/22,1.535,27,1.865.036.182,28,2.863.334.099.576,19,0.051
22/07/23,1.548,67,1.310.964.570,19,2.030.251.500.915,34,0.05
22/07/24,1.597,70,1.616.289.077,63,2.582.345.059.327,65,0.05
22/07/25,1.440,79,2.151.224.738,82,3.099.463.091.439,66,0.054
22/07/26,1.449,12,1.684.928.509,40,2.441.663.601.541,12,0.054
22/07/27,1.635,74,2.305.847.817,81,3.771.767.509.505,48,0.057
22/07/28,1.724,52,2.644.280.824,31,4.560.115.167.140,43,0.056
22/07/29,1.721,68,2.061.258.807,23,3.548.828.063.226,21,0.056
22/07/30,1.697,00,1.257.726.968,67,2.134.362.665.825,95,0.056
22/07/31,1.678,12,1.186.613.538,12,1.991.279.910.592,73,0.056
22/08/01,1.630,28,1.328.136.208,96,2.165.233.898.742,42,0.057
22/08/02,1.630,91,1.745.550.411,00,2.846.835.620.802,29,0.056
22/08/03,1.618,16,1.276.328.467,02,2.065.303.672.196,73,0.056
22/08/04,1.607,96,1.190.650.505,15,1.914.518.386.259,30,0.055
22/08/05,1.736,81,1.688.798.692,31,2.933.122.456.786,30,0.056
22/08/06,1.690,60,899.479.880,99,1.520.660.686.796,98,0.056
22/08/07,1.700,19,745.750.151,38,1.267.916.949.878,31,0.056
22/08/08,1.777,05,1.379.905.145,70,2.452.160.439.171,55,0.056
22/08/09,1.702,76,1.406.671.817,09,2.395.224.503.260,80,0.055
22/08/10,1.853,57,2.346.974.815,07,4.350.282.107.963,84,0.055
22/08/11,1.880,19,2.093.718.964,80,3.936.589.460.428,50,0.054
22/08/12,1.958,28,1.363.895.150,81,2.670.888.595.928,43,0.053
22/08/13,1.983,55,1.382.235.354,29,2.741.732.937.006,87,0.053
22/08/14,1.935,31,1.122.186.881,22,2.171.779.493.101,52,0.052
22/08/15,1.899,06,1.824.203.092,00,3.464.271.123.885,29,0.052
22/08/16,1.876,67,1.173.013.843,34,2.201.359.889.377,21,0.043
22/08/17,1.834,25,1.781.033.503,42,3.266.860.703.654,42,0.043
22/08/18,1.846,39,1.126.844.899,61,2.080.595.154.186,75,0.043
22/08/19,1.609,01,2.447.147.973,01,3.937.485.560.046,21,0.05
22/08/20,1.576,04,1.468.671.141,09,2.314.684.465.203,68,0.05
22/08/21,1.618,13,1.255.041.865,22,2.030.820.893.375,62,0.05
22/08/22,1.624,66,1.483.442.567,24,2.410.089.801.286,07,0.049
22/08/23,1.665,41,1.528.222.432,85,2.545.116.921.895,77,0.046
22/08/24,1.656,56,1.228.169.659,89,2.034.536.731.783,06,0.046
22/08/25,1.695,11,1.023.691.864,19,1.735.270.315.907,85,0.04
22/08/26,1.508,18,1.862.598.061,32,2.809.133.144.118,88,0.044
22/08/27,1.491,06,1.125.859.038,15,1.678.723.377.430,70,0.044
22/08/28,1.426,76,805.616.000,74,1.149.420.685.214,70,0.045
22/08/29,1.551,80,1.230.281.044,88,1.909.150.125.445,05,0.048
22/08/30,1.524,59,1.551.625.838,94,2.365.593.237.786,98,0.048
22/08/31,1.554,10,1.497.596.316,30,2.327.414.435.163,37,0.048
22/09/01,1.586,16,1.133.222.116,03,1.797.471.591.566,54,0.048
22/09/02,1.575,35,1.471.855.448,36,2.318.687.480.573,81,0.048
22/09/03,1.557,46,500.057.144,52,778.819.000.301,34,0.046
22/09/04,1.579,28,463.177.013,88,731.486.194.474,07,0.046
22/09/05,1.617,80,797.702.531,40,1.290.523.155.297,38,0.046
22/09/06,1.559,01,1.650.513.284,85,2.573.166.716.218,44,0.045
22/09/07,1.630,00,1.326.011.621,85,2.161.398.943.621,62,0.046
22/09/08,1.635,37,1.050.551.822,41,1.718.040.933.811,67,0.043
22/09/09,1.718,23,1.425.281.242,16,2.448.960.988.708,93,0.044
22/09/10,1.774,12,713.890.164,18,1.266.526.818.079,46,0.043
22/09/11,1.766,11,720.937.620,96,1.273.255.141.759,67,0.043
22/09/12,1.716,37,1.093.457.780,48,1.876.778.130.690,18,0.043
22/09/13,1.574,40,1.871.967.439,65,2.947.225.536.984,26,0.046
22/09/14,1.638,39,1.222.499.363,05,2.002.930.731.421,54,0.047
22/09/15,1.472,75,2.095.367.507,33,3.085.952.496.423,69,0.05
22/09/16,1.433,90,1.006.033.555,20,1.442.551.514.797,67,0.05
22/09/17,1.468,83,608.805.593,71,894.231.920.215,40,0.044
22/09/18,1.334,51,1.118.416.540,56,1.492.538.057.543,66,0.047
22/09/19,1.375,98,1.293.086.590,94,1.779.261.287.403,59,0.047
22/09/20,1.322,93,889.324.871,24,1.176.514.551.904,48,0.048
22/09/21,1.245,78,1.582.450.799,94,1.971.385.557.546,10,0.048
22/09/22,1.326,46,1.165.151.398,83,1.545.526.724.492,17,0.05
22/09/23,1.327,25,1.273.403.019,69,1.690.124.157.886,90,0.05
22/09/24,1.317,13,687.931.980,01,906.095.848.828,73,0.045
22/09/25,1.294,63,674.560.079,18,873.305.715.311,83,0.045
22/09/26,1.336,17,1.048.795.559,36,1.401.369.162.548,52,0.045
22/09/27,1.328,02,1.170.630.640,63,1.554.620.903.364,97,0.042
22/09/28,1.337,20,1.199.743.172,39,1.604.296.570.113,62,0.042
22/09/29,1.335,70,1.022.673.511,09,1.365.985.008.758,52,0.042
22/09/30,1.328,72,991.505.362,27,1.317.433.004.949,16,0.041
22/10/01,1.311,79,332.930.112,03,436.734.391.653,82,0.042
22/10/02,1.276,72,482.595.051,28,616.138.753.872,39,0.042
22/10/03,1.323,09,631.178.676,54,835.106.195.137,50,0.042
22/10/04,1.361,49,641.511.283,40,873.411.197.233,94,0.042
22/10/05,1.352,20,649.745.323,37,878.585.626.258,41,0.042
22/10/06,1.352,06,783.638.743,16,1.059.526.599.071,10,0.041
22/10/07,1.331,10,659.508.723,35,877.872.061.656,58,0.041
22/10/08,1.315,48,269.448.439,34,354.454.032.982,13,0.039
22/10/09,1.323,13,245.547.831,32,324.891.702.055,13,0.039
22/10/10,1.290,03,515.800.751,34,665.398.443.249,10,0.039
22/10/11,1.280,11,550.448.836,81,704.635.060.487,95,0.039
22/10/12,1.294,44,478.797.824,54,619.775.056.000,12,0.036
22/10/13,1.287,08,1.183.462.907,93,1.523.211.439.538,73,0.035
22/10/14,1.296,27,883.059.208,71,1.144.683.160.480,30,0.03
22/10/15,1.274,92,368.914.560,66,470.336.551.674,37,0.03
22/10/16,1.305,95,379.290.237,64,495.334.085.845,25,0.03
22/10/17,1.331,40,606.979.972,12,808.133.134.879,27,0.024
22/10/18,1.310,71,755.297.911,29,989.976.525.309,42,0.024
22/10/19,1.285,09,478.516.630,19,614.936.936.287,04,0.023
22/10/20,1.282,57,552.593.958,21,708.740.432.984,91,0.02
22/10/21,1.299,75,600.999.941,11,781.149.673.453,22,0.016
22/10/22,1.313,61,290.111.447,63,381.093.298.718,72,0.017
22/10/23,1.364,20,576.212.623,60,786.069.261.115,53,0.018
22/10/24,1.343,61,822.740.466,67,1.105.442.318.427,04,0.018
22/10/25,1.459,74,1.612.140.846,31,2.353.306.478.985,49,0.023
22/10/26,1.566,10,1.896.388.070,25,2.969.933.356.818,19,0.026
22/10/27,1.514,05,1.345.399.838,04,2.037.002.624.780,43,0.027
22/10/28,1.554,41,1.309.517.416,24,2.035.526.966.979,39,0.027
22/10/29,1.619,55,1.477.815.830,64,2.393.396.628.511,67,0.028
22/10/30,1.590,44,762.732.547,09,1.213.080.352.196,34,0.028
22/10/31,1.572,69,1.283.098.004,77,2.017.915.401.115,03,0.027
22/11/01,1.578,48,836.251.567,42,1.320.006.374.148,45,0.027
22/11/02,1.518,34,1.534.786.415,44,2.330.327.606.017,97,0.028
22/11/03,1.531,01,863.253.444,77,1.321.649.656.472,48,0.028
22/11/04,1.644,78,1.503.427.052,72,2.472.806.747.774,06,0.03
22/11/05,1.626,98,577.061.606,73,938.867.692.923,64,0.03
22/11/06,1.568,29,668.569.491,58,1.048.510.847.946,10,0.031
22/11/07,1.568,10,1.013.046.543,98,1.588.558.285.615,73,0.031
22/11/08,1.334,77,3.356.475.001,55,4.480.122.137.813,43,0.043
22/11/09,1.102,73,3.021.176.147,40,3.331.541.573.018,17,0.056
22/11/10,1.299,28,2.443.394.252,53,3.174.653.284.427,65,0.064
22/11/11,1.289,28,1.652.414.528,52,2.130.425.003.331,41,0.064
22/11/12,1.257,25,693.031.301,60,871.313.603.935,20,0.064
22/11/13,1.221,49,676.891.239,24,826.815.879.824,35,0.064
22/11/14,1.243,28,1.152.982.945,60,1.433.480.636.608,09,0.064
22/11/15,1.253,23,798.023.541,21,1.000.107.042.548,17,0.064
22/11/16,1.216,17,826.025.937,84,1.004.587.964.818,36,0.064
22/11/17,1.200,43,638.342.419,86,766.285.391.067,66,0.064
22/11/18,1.212,58,437.658.373,67,530.695.790.750,05,0.064
22/11/19,1.217,67,254.211.466,15,309.545.675.988,83,0.064
22/11/20,1.142,21,625.008.081,80,713.890.481.111,77,0.065
22/11/21,1.107,34,1.031.424.505,50,1.142.137.611.918,52,0.064
22/11/22,1.139,60,831.782.462,70,947.899.294.488,96,0.065
22/11/23,1.184,52,741.271.142,43,878.050.493.631,30,0.063
22/11/24,1.203,73,583.303.022,42,702.139.347.182,01,0.062
22/11/25,1.199,30,465.159.072,76,557.865.275.957,84,0.061
22/11/26,1.205,60,461.938.380,00,556.912.910.933,06,0.061
22/11/27,1.193,88,347.218.857,87,414.537.650.031,42,0.06
22/11/28,1.167,77,560.568.777,56,654.615.401.371,53,0.06
22/11/29,1.216,49,617.963.786,60,751.746.766.763,36,0.061
22/11/30,1.294,46,1.038.748.742,50,1.344.618.697.221,41,0.062
22/12/01,1.276,41,550.769.676,04,703.007.922.199,43,0.062
22/12/02,1.295,59,475.691.291,46,616.300.880.296,27,0.062
22/12/03,1.240,51,441.457.418,33,547.632.342.014,93,0.061
22/12/04,1.279,41,409.404.653,05,523.796.407.156,75,0.061
22/12/05,1.259,41,501.560.285,70,631.670.039.412,82,0.061
22/12/06,1.271,32,379.095.106,36,481.951.190.611,63,0.061
22/12/07,1.231,18,492.706.380,53,606.610.241.576,90,0.054
22/12/08,1.280,18,509.776.313,42,652.605.440.918,93,0.041
22/12/09,1.263,10,518.804.946,77,655.302.528.267,04,0.028
22/12/10,1.266,35,231.301.933,59,292.909.203.601,94,0.028
22/12/11,1.263,01,229.443.304,73,289.789.188.310,87,0.028
22/12/12,1.275,40,456.347.758,28,582.025.930.907,56,0.027
22/12/13,1.320,69,859.595.295,38,1.135.258.910.653,95,0.028
22/12/14,1.307,44,734.778.540,99,960.678.855.637,19,0.028
22/12/15,1.266,54,499.233.719,99,632.299.475.710,66,0.028
22/12/16,1.166,83,907.833.696,29,1.059.287.591.839,74,0.032
22/12/17,1.187,16,387.145.994,35,459.604.238.656,08,0.032
22/12/18,1.183,06,298.608.427,35,353.271.686.063,99,0.032
22/12/19,1.167,82,349.312.990,37,407.934.696.419,05,0.03
22/12/20,1.216,94,561.079.146,68,682.799.656.760,79,0.03
22/12/21,1.213,78,297.776.619,13,361.435.304.763,17,0.03
22/12/22,1.217,71,406.520.096,77,495.023.587.033,79,0.029
22/12/23,1.219,99,340.146.608,68,414.975.461.120,48,0.029
22/12/24,1.220,41,150.864.338,67,184.116.347.560,50,0.029
22/12/25,1.218,51,280.833.354,71,342.198.251.049,45,0.029
22/12/26,1.228,11,198.389.481,18,243.644.105.731,84,0.029
22/12/27,1.211,55,319.100.139,54,386.605.774.062,97,0.028
22/12/28,1.190,15,439.875.906,99,523.518.310.706,76,0.028
22/12/29,1.200,49,298.245.107,21,358.040.268.758,11,0.025
22/12/30,1.199,99,317.524.824,58,381.026.614.245,10,0.025
22/12/31,1.196,13,167.161.720,78,199.947.149.077,62,0.025
23/01/01,1.200,34,141.014.996,66,169.265.941.085,71,0.023
23/01/02,1.214,00,306.657.437,53,372.282.129.158,36,0.023
23/01/03,1.214,55,249.325.343,25,302.818.095.647,01,0.023
23/01/04,1.256,90,571.805.761,16,718.702.661.199,56,0.024
23/01/05,1.251,24,341.379.819,28,427.148.085.073,54,0.023
23/01/06,1.269,14,429.648.347,11,545.283.903.254,49,0.022
23/01/07,1.264,07,163.760.550,01,207.004.798.453,23,0.022
23/01/08,1.290,16,271.373.377,53,350.115.076.754,18,0.022
23/01/09,1.320,39,766.640.085,93,1.012.263.903.061,64,0.022
23/01/10,1.335,62,611.680.590,74,816.972.830.605,94,0.022
23/01/11,1.389,39,635.118.946,43,882.427.912.979,71,0.023
23/01/12,1.415,92,1.231.660.847,87,1.743.933.227.713,61,0.023
23/01/13,1.451,20,709.963.291,54,1.030.298.728.685,21,0.022
23/01/14,1.549,90,1.444.283.818,19,2.238.495.489.811,40,0.018
23/01/15,1.552,52,596.626.752,30,926.274.965.477,45,0.018
23/01/16,1.576,94,897.953.752,93,1.416.019.191.145,41,0.018
23/01/17,1.565,57,797.552.620,19,1.248.624.455.586,69,0.018
23/01/18,1.511,43,1.172.243.167,73,1.771.763.491.001,95,0.019
23/01/19,1.551,09,473.220.810,93,734.008.067.633,06,0.019
23/01/20,1.658,52,702.227.917,87,1.164.659.046.346,85,0.022
23/01/21,1.626,66,815.990.095,35,1.327.338.448.496,91,0.022
23/01/22,1.627,44,703.883.818,62,1.145.528.681.770,71,0.022
23/01/23,1.626,29,662.442.276,01,1.077.323.249.046,84,0.022
23/01/24,1.555,97,742.483.248,78,1.155.281.660.601,80,0.024
23/01/25,1.611,94,1.010.958.308,52,1.629.604.135.840,98,0.024
23/01/26,1.601,09,856.294.452,55,1.371.004.485.031,79,0.024
23/01/27,1.597,62,810.894.459,59,1.295.501.206.534,67,0.024
23/01/28,1.572,10,496.009.423,63,779.776.414.893,08,0.025
23/01/29,1.644,72,892.135.111,03,1.467.312.459.810,81,0.025
23/01/30,1.566,20,945.663.093,92,1.481.097.537.694,55,0.028
23/01/31,1.585,33,550.862.274,15,873.298.489.074,56,0.028
23/02/01,1.641,68,757.974.339,89,1.244.351.314.307,58,0.028
23/02/02,1.643,12,1.052.104.526,87,1.728.733.990.195,00,0.028
23/02/03,1.663,52,766.949.169,43,1.275.835.282.330,90,0.027
23/02/04,1.666,38,514.857.995,99,857.949.067.350,81,0.028
23/02/05,1.629,02,680.127.291,93,1.107.940.961.094,50,0.028
23/02/06,1.614,29,626.831.152,69,1.011.887.261.472,04,0.028
23/02/07,1.671,03,743.635.216,73,1.242.636.756.209,91,0.028
23/02/08,1.650,43,695.793.337,58,1.148.358.198.137,93,0.029
23/02/09,1.545,35,1.054.014.372,58,1.628.821.110.671,74,0.031
23/02/10,1.513,06,743.164.643,51,1.124.452.695.511,51,0.031
23/02/11,1.538,51,440.657.107,73,677.955.366.811,13,0.031
23/02/12,1.514,83,438.014.692,31,663.517.796.348,98,0.029
23/02/13,1.505,24,959.644.223,34,1.444.494.870.732,89,0.029
23/02/14,1.555,71,1.021.642.935,31,1.589.380.130.897,30,0.029
23/02/15,1.674,92,928.452.953,95,1.555.084.421.621,64,0.032
23/02/16,1.637,84,1.408.096.156,87,2.306.236.209.561,76,0.032
23/02/17,1.693,87,970.891.863,06,1.644.564.600.078,55,0.032
23/02/18,1.691,62,452.969.773,61,766.252.728.434,57,0.03
23/02/19,1.679,75,680.092.027,33,1.142.384.582.909,75,0.029
23/02/20,1.703,27,765.198.951,96,1.303.340.418.911,00,0.029
23/02/21,1.659,76,874.136.698,28,1.450.857.126.344,83,0.03
23/02/22,1.643,14,861.982.489,02,1.416.357.907.002,69,0.029
23/02/23,1.650,53,829.754.759,57,1.369.535.123.305,67,0.028
23/02/24,1.607,80,831.164.574,12,1.336.346.402.267,31,0.028
23/02/25,1.594,58,462.128.193,10,736.900.374.160,40,0.028
23/02/26,1.641,36,499.002.379,52,819.042.545.649,16,0.029
23/02/27,1.633,45,707.841.123,06,1.156.223.082.458,45,0.028
23/02/28,1.605,23,640.150.766,31,1.027.589.214.605,74,0.026
23/03/01,1.665,22,780.632.253,61,1.299.924.441.350,39,0.027
23/03/02,1.647,86,694.364.877,50,1.144.216.107.044,41,0.026
23/03/03,1.569,45,1.166.573.996,74,1.830.879.559.190,24,0.028
23/03/04,1.566,73,371.865.636,79,582.613.049.134,98,0.028
23/03/05,1.564,58,469.729.098,46,734.928.752.872,83,0.028
23/03/06,1.565,84,482.146.763,97,754.964.688.889,14,0.027
23/03/07,1.561,96,682.865.640,74,1.066.608.816.217,14,0.027
23/03/08,1.532,38,714.552.395,99,1.094.965.800.572,18,0.027
23/03/09,1.437,32,1.072.396.877,91,1.541.377.480.554,12,0.029
23/03/10,1.426,44,1.353.741.388,83,1.931.030.866.678,76,0.026
23/03/11,1.471,97,1.987.926.852,35,2.926.168.688.851,24,0.027
23/03/12,1.580,33,1.506.839.740,47,2.381.304.047.056,41,0.03
23/03/13,1.673,45,1.992.277.884,80,3.333.977.426.312,44,0.031
23/03/14,1.699,40,2.195.733.827,91,3.731.430.067.150,46,0.031
23/03/15,1.649,96,1.602.460.705,90,2.643.996.066.299,66,0.031
23/03/16,1.673,73,1.040.043.241,14,1.740.751.573.993,73,0.029
23/03/17,1.789,27,1.569.265.196,45,2.807.839.138.057,29,0.031
23/03/18,1.758,84,1.280.189.359,42,2.251.648.252.930,27,0.03
23/03/19,1.780,68,972.006.261,58,1.730.832.109.870,65,0.03
23/03/20,1.732,78,1.205.036.446,95,2.088.063.054.548,14,0.031
23/03/21,1.801,23,1.324.018.564,21,2.384.861.958.413,84,0.031
23/03/22,1.734,33,1.581.074.700,21,2.742.105.284.814,13,0.032
23/03/23,1.813,79,1.312.199.315,58,2.380.053.996.601,32,0.033
23/03/24,1.749,57,1.001.546.184,53,1.752.275.158.071,89,0.034
23/03/25,1.741,88,620.341.997,18,1.080.561.318.054,02,0.033
23/03/26,1.773,88,627.660.488,27,1.113.394.386.937,12,0.033
23/03/27,1.715,22,987.197.970,22,1.693.261.702.480,47,0.034
23/03/28,1.772,99,935.507.384,15,1.658.645.237.023,54,0.034
23/03/29,1.793,07,967.342.311,08,1.734.512.477.732,22,0.034
23/03/30,1.793,61,1.039.397.383,78,1.864.273.541.522,36,0.033
23/03/31,1.821,52,1.006.896.937,03,1.834.082.908.730,24,0.033
23/04/01,1.820,79,497.460.628,08,905.771.336.994,85,0.032
23/04/02,1.794,51,580.909.276,16,1.042.447.505.169,37,0.032
23/04/03,1.810,51,1.131.436.800,44,2.048.477.641.559,32,0.032
23/04/04,1.870,37,1.151.551.698,65,2.153.827.750.610,11,0.032
23/04/05,1.908,69,1.045.846.831,79,1.996.197.389.372,24,0.032
23/04/06,1.872,41,743.618.300,02,1.392.358.341.147,94,0.032
23/04/07,1.863,72,528.718.750,38,985.383.709.455,54,0.03
23/04/08,1.848,82,368.792.680,93,681.831.284.356,37,0.03
23/04/09,1.858,92,529.878.494,84,985.001.731.628,67,0.029
23/04/10,1.910,20,816.212.712,86,1.559.129.524.110,80,0.027
23/04/11,1.889,86,774.389.695,85,1.463.488.110.591,39,0.025
23/04/12,1.917,39,1.195.663.632,08,2.292.553.491.511,44,0.025
23/04/13,2.012,01,1.333.377.092,12,2.682.768.043.125,60,0.026
23/04/14,2.099,99,1.877.719.501,12,3.943.192.175.164,83,0.027
23/04/15,2.090,60,674.260.851,49,1.409.609.736.128,15,0.024
23/04/16,2.118,67,673.034.613,42,1.425.938.244.405,73,0.024
23/04/17,2.074,00,889.433.328,79,1.844.684.723.903,22,0.024
23/04/18,2.103,50,867.291.463,57,1.824.347.593.619,13,0.024
23/04/19,1.933,73,1.547.934.187,86,2.993.286.777.088,62,0.028
23/04/20,1.942,98,1.218.184.973,30,2.366.909.039.421,26,0.027
23/04/21,1.848,78,1.306.179.482,09,2.414.838.502.901,94,0.028
23/04/22,1.874,16,616.579.601,31,1.155.568.825.594,46,0.027
23/04/23,1.862,00,641.362.428,69,1.194.216.842.219,60,0.027
23/04/24,1.841,84,826.968.889,24,1.523.144.378.960,07,0.027
23/04/25,1.866,10,839.226.421,38,1.566.080.424.933,94,0.026
23/04/26,1.866,01,1.695.903.568,96,3.164.573.018.716,73,0.025
23/04/27,1.908,68,1.383.094.120,68,2.639.884.086.255,06,0.026
23/04/28,1.890,94,736.203.306,61,1.392.116.280.608,97,0.026
23/04/29,1.907,80,346.028.241,30,660.152.678.744,01,0.026
23/04/30,1.870,09,677.913.240,81,1.267.758.772.515,09,0.026
23/05/01,1.830,73,818.821.593,69,1.499.041.256.224,97,0.026
23/05/02,1.870,08,690.907.892,11,1.292.053.030.877,92,0.026
23/05/03,1.905,12,871.222.153,96,1.659.782.749.951,88,0.026
23/05/04,1.877,07,670.584.503,66,1.258.734.054.284,36,0.026
23/05/05,1.993,30,1.061.183.389,07,2.115.256.849.429,47,0.028
23/05/06,1.896,33,1.169.939.393,31,2.218.591.169.720,82,0.029
23/05/07,1.870,40,787.566.158,20,1.473.063.742.294,39,0.029
23/05/08,1.847,56,1.157.603.209,76,2.138.741.386.227,61,0.029
23/05/09,1.846,52,561.440.259,79,1.036.710.668.509,08,0.029
23/05/10,1.840,84,1.182.254.717,03,2.176.341.773.301,58,0.029
23/05/11,1.794,30,944.525.427,03,1.694.761.973.716,24,0.029
23/05/12,1.807,45,1.002.104.362,59,1.811.253.530.171,27,0.028
23/05/13,1.795,11,383.397.322,74,688.240.368.032,38,0.026
23/05/14,1.799,21,393.557.662,80,708.092.882.489,73,0.026
23/05/15,1.816,20,708.011.632,17,1.285.890.726.355,71,0.026
23/05/16,1.824,21,565.367.254,11,1.031.348.598.614,12,0.026
23/05/17,1.822,12,637.776.970,83,1.162.106.174.095,78,0.026
23/05/18,1.800,56,531.357.170,83,956.740.467.504,54,0.021
23/05/19,1.812,32,440.291.732,35,797.949.512.374,15,0.021
23/05/20,1.819,42,232.010.582,31,422.124.693.660,33,0.019
23/05/21,1.804,91,292.535.613,88,528.000.454.844,76,0.019
23/05/22,1.817,35,430.673.377,92,782.684.263.356,83,0.019
23/05/23,1.854,05,734.581.474,72,1.361.950.783.209,19,0.019
23/05/24,1.799,89,761.360.360,60,1.370.364.899.436,53,0.02
23/05/25,1.805,60,628.769.352,44,1.135.305.942.770,31,0.02
23/05/26,1.827,79,501.773.973,88,917.137.451.718,01,0.02
23/05/27,1.829,89,253.710.138,25,464.261.644.883,32,0.019
23/05/28,1.908,64,705.699.886,23,1.346.927.030.853,05,0.021
23/05/29,1.892,60,596.236.148,91,1.128.436.535.426,85,0.021
23/05/30,1.900,59,519.059.196,25,986.518.717.795,88,0.02
23/05/31,1.873,63,597.360.395,54,1.119.232.357.903,17,0.02
23/06/01,1.861,78,504.448.237,27,939.171.639.190,83,0.02
23/06/02,1.906,68,591.169.483,10,1.127.171.030.036,05,0.02
23/06/03,1.892,06,282.550.389,95,534.602.290.802,53,0.017
23/06/04,1.890,01,328.166.899,06,620.238.720.896,84,0.014
23/06/05,1.810,50,1.017.689.609,36,1.842.527.037.750,36,0.016
23/06/06,1.884,64,907.660.359,43,1.710.613.019.788,55,0.017
23/06/07,1.832,13,796.856.688,87,1.459.945.045.373,37,0.018
23/06/08,1.845,64,349.160.385,10,644.424.373.165,16,0.018
23/06/09,1.840,37,365.037.779,74,671.804.578.705,42,0.018
23/06/10,1.751,53,1.148.312.156,53,2.011.303.191.519,28,0.02
23/06/11,1.752,76,385.656.545,95,675.963.367.479,74,0.02
23/06/12,1.742,57,525.467.514,62,915.663.926.950,69,0.02
23/06/13,1.740,12,495.907.901,67,862.939.257.851,38,0.02
23/06/14,1.650,95,705.586.390,23,1.164.887.850.956,79,0.022
23/06/15,1.666,96,611.499.814,54,1.019.345.730.849,23,0.022
23/06/16,1.717,92,525.393.264,96,902.583.597.743,86,0.023
23/06/17,1.727,76,366.944.179,32,633.991.475.263,02,0.023
23/06/18,1.720,95,270.948.973,42,466.289.635.802,82,0.023
23/06/19,1.737,11,422.827.205,78,734.497.367.424,66,0.023
23/06/20,1.791,99,577.529.266,79,1.034.926.670.793,61,0.023
23/06/21,1.889,11,1.132.377.905,49,2.139.186.425.038,14,0.025
23/06/22,1.872,01,791.056.016,15,1.480.864.772.785,80,0.024
23/06/23,1.892,63,760.352.485,34,1.439.065.924.322,76,0.025
23/06/24,1.874,96,427.721.477,76,801.960.661.944,60,0.025
23/06/25,1.898,80,644.415.530,04,1.223.616.208.441,12,0.025
23/06/26,1.858,97,859.537.162,36,1.597.853.798.704,22,0.024
23/06/27,1.889,58,690.855.987,04,1.305.427.655.993,56,0.024
23/06/28,1.828,02,626.358.502,59,1.144.995.869.901,79,0.025
23/06/29,1.851,99,448.678.322,18,830.947.765.888,25,0.025
23/06/30,1.933,79,1.353.630.452,62,2.617.637.032.963,22,0.026
23/07/01,1.924,50,343.093.755,61,660.283.932.676,71,0.025
23/07/02,1.937,48,491.981.842,96,953.204.981.098,41,0.025
23/07/03,1.955,54,631.158.998,81,1.234.256.668.535,68,0.026
23/07/04,1.936,20,401.186.997,25,776.778.264.075,14,0.024
23/07/05,1.910,36,512.774.138,22,979.583.202.687,95,0.023
23/07/06,1.846,17,868.009.586,22,1.602.493.257.797,81,0.024
23/07/07,1.870,91,432.733.381,05,809.605.209.949,55,0.024
23/07/08,1.865,24,234.001.180,80,436.468.362.484,02,0.024
23/07/09,1.862,80,252.189.550,05,469.778.693.836,14,0.022
23/07/10,1.880,40,464.186.441,16,872.856.183.963,62,0.022
23/07/11,1.878,30,333.339.876,93,626.112.290.842,68,0.022
23/07/12,1.871,82,498.567.734,56,933.229.056.902,48,0.022
23/07/13,2.004,49,1.069.502.144,03,2.143.806.352.679,07,0.022
23/07/14,1.937,83,982.369.872,02,1.903.665.809.096,32,0.024
23/07/15,1.931,41,261.553.961,17,505.167.936.138,55,0.023
23/07/16,1.922,11,286.787.440,46,551.237.007.176,61,0.023
23/07/17,1.911,20,528.662.412,30,1.010.379.602.383,28,0.023
23/07/18,1.897,21,409.583.830,88,777.066.539.776,89,0.023
23/07/19,1.888,63,415.268.112,54,784.287.815.392,84,0.023
23/07/20,1.891,59,556.981.450,46,1.053.580.541.866,74,0.02
23/07/21,1.891,73,313.414.135,90,592.894.923.296,86,0.02
23/07/22,1.866,52,247.820.592,77,462.562.092.814,47,0.02
23/07/23,1.888,73,288.736.391,86,545.345.085.400,26,0.021
23/07/24,1.850,00,512.402.907,46,947.945.378.797,01,0.021
23/07/25,1.857,66,282.696.600,92,525.154.167.667,38,0.02
23/07/26,1.872,00,507.049.348,72,949.196.380.798,81,0.02
23/07/27,1.861,28,306.463.587,40,570.414.545.959,63,0.019
23/07/28,1.874,19,259.228.467,50,485.843.401.508,06,0.019
23/07/29,1.880,46,136.676.328,68,257.014.369.028,75,0.017
23/07/30,1.861,79,296.504.225,22,552.028.601.475,13,0.017
23/07/31,1.856,14,313.517.086,16,581.931.604.308,28,0.017
23/08/01,1.873,47,659.100.582,11,1.234.805.167.562,71,0.017
23/08/02,1.839,90,470.466.371,26,865.611.076.486,40,0.018
23/08/03,1.835,81,315.081.750,39,578.430.228.177,00,0.017
23/08/04,1.830,23,344.687.096,60,630.856.664.813,95,0.016
23/08/05,1.836,48,171.683.574,02,315.293.450.021,10,0.016
23/08/06,1.830,28,165.701.947,02,303.280.959.590,57,0.016
23/08/07,1.829,10,409.166.592,89,748.406.615.058,12,0.016
23/08/08,1.856,30,436.891.258,63,811.001.243.403,89,0.016
23/08/09,1.855,35,356.559.464,88,661.542.603.171,26,0.016
23/08/10,1.852,47,236.043.286,66,437.263.107.232,29,0.016
23/08/11,1.848,84,209.237.745,64,386.847.113.646,03,0.01
23/08/12,1.849,93,117.106.742,57,216.639.276.282,23,0.008
23/08/13,1.840,73,222.956.657,35,410.403.007.879,13,0.008
23/08/14,1.845,50,277.387.603,68,511.918.822.586,65,0.008
23/08/15,1.828,98,341.622.741,96,624.821.162.583,18,0.008
23/08/16,1.807,81,373.631.455,90,675.454.682.289,78,0.008
23/08/17,1.681,49,1.390.504.308,00,2.338.119.088.864,60,0.015
23/08/18,1.661,59,901.117.750,72,1.497.288.243.414,40,0.015
23/08/19,1.669,67,387.407.573,38,646.842.803.046,05,0.015
23/08/20,1.685,24,327.342.264,95,551.650.278.582,03,0.015
23/08/21,1.667,55,418.860.905,07,698.471.502.245,14,0.015
23/08/22,1.634,99,657.589.420,92,1.075.152.127.314,93,0.015
23/08/23,1.679,61,622.717.740,76,1.045.922.944.564,57,0.016
23/08/24,1.661,16,383.948.287,50,637.799.537.264,21,0.016
23/08/25,1.648,30,291.494.792,54,480.470.866.542,38,0.016