Fecha,Precio,Cap_de_mercado,24h_Volumen,Volatilidad_a_30_dias
19-04-27,0.005,11597995.599,43158348.367,0
19-04-28,0.005,11038517.246,9750768.054,0
19-04-29,0.004,9288212.331,8388214.177,0
19-04-30,0.004,7477597.705,8206899.938,0
19-05-01,0.004,9332879.031,23996173.170,0
19-05-02,0.004,9280224.873,9648802.460,0
19-05-03,0.004,8891333.309,5967466.561,0
19-05-04,0.004,8955629.304,4828733.418,0
19-05-05,0.004,8350998.167,2373076.009,0
19-05-06,0.004,7910188.375,2646003.171,0
19-05-07,0.004,8147697.347,4031985.293,0
19-05-08,0.003,7512418.501,2950832.609,0
19-05-09,0.003,7116084.669,2146002.828,0
19-05-10,0.003,6796234.573,3816858.127,0
19-05-11,0.004,8118766.839,7771947.106,0
19-05-12,0.005,10168666.005,12644633.505,0
19-05-13,0.005,11260147.515,17282002.998,0
19-05-14,0.009,18947310.456,72534590.540,0
19-05-15,0.008,16665799.203,98251438.749,0
19-05-16,0.010,20738305.298,48234032.898,0
19-05-17,0.011,23552487.138,58419125.852,0
19-05-18,0.015,31299208.079,168823052.563,0
19-05-19,0.012,26678408.347,56237389.240,0
19-05-20,0.020,41681357.744,139262475.840,0
19-05-21,0.030,66604903.121,392858767.161,0
19-05-22,0.029,62459642.038,696647294.905,0
19-05-23,0.022,46878984.715,288364882.817,0
19-05-24,0.027,57629891.399,416431723.613,0
19-05-25,0.026,54996274.328,151057259.371,0
19-05-26,0.025,54013343.754,147967215.625,1.264
19-05-27,0.024,52600982.411,95178261.241,1.262
19-05-28,0.022,48249663.523,77853505.575,1.250
19-05-29,0.024,50823040.714,92800163.636,1.218
19-05-30,0.022,47821537.806,3988206.429,1.216
19-05-31,0.020,42600957.270,49505071.824,1.227
19-06-01,0.023,49723944.582,57155721.044,1.225
19-06-02,0.021,46228763.969,55810055.026,1.233
19-06-03,0.020,43550002.735,30773342.052,1.231
19-06-04,0.020,42881156.968,30733193.141,1.228
19-06-05,0.021,45295451.674,81555692.633,1.226
19-06-06,0.023,49638985.776,91943585.657,1.215
19-06-07,0.023,50499381.987,92096248.461,1.209
19-06-08,0.024,52893272.322,38703199.065,1.202
19-06-09,0.026,56724814.597,63273397.976,1.197
19-06-10,0.026,55710274.595,71404139.274,1.191
19-06-11,0.027,59107812.905,53479139.981,1.190
19-06-12,0.024,51420080.141,44491000.902,1.031
19-06-13,0.024,51535963.686,45489808.026,1.017
19-06-14,0.023,49975244.829,57059260.539,1.001
19-06-15,0.021,45637339.241,45609709.025,1.005
19-06-16,0.023,48117850.639,41376359.448,0.958
19-06-17,0.023,50240871.932,39432554.459,0.940
19-06-18,0.022,46777411.149,33740043.096,0.709
19-06-19,0.022,48709215.915,31736411.327,0.501
19-06-20,0.023,49859833.703,54183244.380,0.501
19-06-21,0.023,48851915.166,35401143.908,0.432
19-06-22,0.021,45743869.914,42987217.523,0.370
19-06-23,0.022,47416092.084,62292809.765,0.370
19-06-24,0.021,45620125.311,38492722.831,0.371
19-06-25,0.021,44753023.925,19311226.209,0.370
19-06-26,0.019,41373470.274,27817296.089,0.368
19-06-27,0.018,38734904.117,64540534.115,0.366
19-06-28,0.019,42164738.774,71947730.257,0.372
19-06-29,0.019,41898477.226,50630118.865,0.355
19-06-30,0.024,51922816.681,98174967.197,0.394
19-07-01,0.022,48567202.962,66977116.340,0.397
19-07-02,0.022,48492349.384,34688711.072,0.391
19-07-03,0.022,46885776.088,54515200.950,0.393
19-07-04,0.019,41923684.089,46923166.176,0.403
19-07-05,0.018,39593808.551,35399057.682,0.396
19-07-06,0.018,39966864.423,29338015.905,0.396
19-07-07,0.018,38514627.580,12546472.907,0.394
19-07-08,0.018,38417837.930,14691072.902,0.384
19-07-09,0.017,36185159.210,20897547.414,0.387
19-07-10,0.016,34907619.822,27542262.307,0.379
19-07-11,0.016,35261877.197,43493929.468,0.360
19-07-12,0.014,31441314.491,27648674.352,0.373
19-07-13,0.016,34237784.599,24209839.450,0.388
19-07-14,0.017,36146828.878,36346886.025,0.384
19-07-15,0.014,31117634.210,23341262.550,0.398
19-07-16,0.014,30148521.102,18281687.850,0.397
19-07-17,0.012,26238465.206,17457787.118,0.410
19-07-18,0.013,28639861.295,19960944.148,0.421
19-07-19,0.014,29745100.855,17592496.862,0.422
19-07-20,0.013,29152034.389,7977281.577,0.422
19-07-21,0.014,30493646.760,10031424.458,0.423
19-07-22,0.013,29191825.677,6141617.929,0.421
19-07-23,0.013,27766875.395,8132839.840,0.422
19-07-24,0.012,25046830.794,7783672.729,0.430
19-07-25,0.012,26256529.641,11058273.883,0.428
19-07-26,0.012,26551219.211,7970652.140,0.426
19-07-27,0.013,27660069.959,7878830.443,0.418
19-07-28,0.012,25924344.863,7216487.351,0.421
19-07-29,0.012,25550071.093,5276318.936,0.331
19-07-30,0.011,24812612.490,4293960.765,0.326
19-07-31,0.011,25015174.163,4385153.227,0.325
19-08-01,0.011,24649793.515,6685808.752,0.325
19-08-02,0.011,23077095.521,8023071.013,0.316
19-08-03,0.011,24092974.524,8551526.670,0.318
19-08-04,0.011,23115758.484,6016679.863,0.318
19-08-05,0.010,22212546.044,6237145.083,0.318
19-08-06,0.012,25449415.368,31353815.807,0.356
19-08-07,0.015,33082693.420,92919397.150,0.476
19-08-08,0.017,36553330.073,125670298.282,0.485
19-08-09,0.014,31019101.424,52943836.565,0.511
19-08-10,0.012,26641234.709,31448914.152,0.519
19-08-11,0.015,32812953.394,42290099.115,0.556
19-08-12,0.016,35762186.386,77616926.045,0.563
19-08-13,0.017,37135487.987,64533899.504,0.544
19-08-14,0.017,35917458.803,46095578.088,0.544
19-08-15,0.015,32101938.198,48449435.813,0.539
19-08-16,0.015,31730119.045,25803411.535,0.533
19-08-17,0.013,28958170.219,23685917.332,0.540
19-08-18,0.014,30667664.066,19901169.184,0.543
19-08-19,0.014,30313833.713,16468807.129,0.542
19-08-20,0.015,33642650.010,31626618.914,0.550
19-08-21,0.016,34246470.686,21782359.904,0.547
19-08-22,0.015,33538253.149,27841103.495,0.537
19-08-23,0.017,36706414.056,37734209.919,0.542
19-08-24,0.015,33651223.316,33563242.922,0.552
19-08-25,0.015,32344410.069,23163269.140,0.553
19-08-26,0.014,29632317.840,11800360.048,0.556
19-08-27,0.014,30283095.001,12309280.897,0.555
19-08-28,0.014,30890295.543,15133909.198,0.554
19-08-29,0.013,28044862.533,11416698.784,0.564
19-08-30,0.012,25424797.924,10100495.040,0.573
19-08-31,0.012,26906600.668,6981423.164,0.570
19-09-01,0.012,25657991.281,4839536.024,0.572
19-09-02,0.012,26523188.304,5161220.407,0.570
19-09-03,0.014,29561673.313,18837441.486,0.577
19-09-04,0.014,31153185.219,22618245.138,0.563
19-09-05,0.014,30936056.823,13412976.950,0.473
19-09-06,0.015,32604127.367,19457186.301,0.464
19-09-07,0.014,29853630.101,18938376.155,0.444
19-09-08,0.014,30049379.887,7799496.119,0.419
19-09-09,0.014,30293091.011,5143184.857,0.358
19-09-10,0.014,30968735.174,17225173.518,0.343
19-09-11,0.014,29631104.189,7692132.211,0.342
19-09-12,0.013,28773150.357,6644987.096,0.342
19-09-13,0.013,28281247.360,5709174.054,0.326
19-09-14,0.013,28393615.601,3946907.830,0.326
19-09-15,0.013,28725026.205,4701783.022,0.314
19-09-16,0.013,28108124.856,4012935.545,0.309
19-09-17,0.013,28214274.188,5361735.715,0.309
19-09-18,0.013,29489405.005,7755252.081,0.289
19-09-19,0.014,31328841.674,22722323.429,0.296
19-09-20,0.014,30052893.147,14707793.416,0.297
19-09-21,0.014,29744382.263,5725783.774,0.280
19-09-22,0.013,29411612.648,4210087.230,0.269
19-09-23,0.012,27052540.347,6093875.100,0.277
19-09-24,0.012,26967501.141,5101774.333,0.265
19-09-25,0.011,24911381.759,19169612.200,0.278
19-09-26,0.011,24145546.092,11326502.699,0.277
19-09-27,0.011,23307889.220,8219967.881,0.264
19-09-28,0.011,23755601.729,6058236.730,0.249
19-09-29,0.011,24431713.779,7856282.062,0.243
19-09-30,0.011,23897300.756,5287887.648,0.240
19-10-01,0.011,23703593.307,10700082.540,0.237
19-10-02,0.011,23741134.927,4240288.960,0.203
19-10-03,0.011,23741134.927,4240288.960,0.194
19-10-04,0.011,23382568.625,4061665.646,0.194
19-10-05,0.011,23347983.931,4020653.305,0.184
19-10-06,0.011,23366450.365,3116316.039,0.169
19-10-07,0.010,22596881.870,4158746.862,0.170
19-10-08,0.011,23934200.519,11141299.153,0.182
19-10-09,0.012,27082557.664,22159359.005,0.229
19-10-10,0.014,31445833.532,36181752.189,0.278
19-10-11,0.016,35424535.966,42231935.227,0.302
19-10-12,0.016,35217767.432,62056731.966,0.301
19-10-13,0.016,34301394.753,38709011.771,0.304
19-10-14,0.015,32835902.628,18484124.875,0.307
19-10-15,0.015,33432953.565,42230307.713,0.306
19-10-16,0.014,31483215.805,18358048.645,0.313
19-10-17,0.014,30555707.727,16615953.195,0.312
19-10-18,0.014,31324266.811,13827015.527,0.307
19-10-19,0.013,29276470.570,12557091.918,0.312
19-10-20,0.014,30337521.829,8495868.700,0.314
19-10-21,0.014,30337924.707,8464263.659,0.313
19-10-22,0.015,33037554.734,22256103.893,0.310
19-10-23,0.015,32156352.162,17566004.731,0.312
19-10-24,0.013,29725524.294,20640370.092,0.310
19-10-25,0.014,30780732.152,17645374.644,0.310
19-10-26,0.014,32650750.171,29824927.266,0.311
19-10-27,0.014,31756643.736,38501508.454,0.318
19-10-28,0.014,32922438.049,27688981.244,0.319
19-10-29,0.014,33194870.290,25437898.659,0.317
19-10-30,0.014,33513836.403,20093785.015,0.317
19-10-31,0.013,31980389.644,13468610.881,0.322
19-11-01,0.014,32342119.843,13286325.093,0.321
19-11-02,0.014,32796812.313,10100248.731,0.320
19-11-03,0.014,32319801.181,8515527.373,0.321
19-11-04,0.014,32214064.323,7725588.816,0.321
19-11-05,0.014,34109087.537,20231829.987,0.322
19-11-06,0.015,35055986.470,23372839.239,0.319
19-11-07,0.014,34397567.584,15749685.058,0.294
19-11-08,0.015,36016058.013,21715109.989,0.251
19-11-09,0.014,34357442.129,19754273.477,0.221
19-11-10,0.015,35639283.176,14312171.959,0.224
19-11-11,0.016,37228214.591,15092830.252,0.229
19-11-12,0.015,36684607.452,16793648.705,0.226
19-11-13,0.015,35471956.854,16119126.133,0.228
19-11-14,0.015,35669173.561,7870861.766,0.220
19-11-15,0.014,34268420.617,8003971.600,0.220
19-11-16,0.014,33091821.174,10889775.848,0.223
19-11-17,0.014,34294229.690,7456727.277,0.216
19-11-18,0.014,34240022.955,8294474.537,0.214
19-11-19,0.014,33515939.217,9108734.486,0.215
19-11-20,0.015,35443692.796,18839562.526,0.209
19-11-21,0.014,35056581.820,15397509.197,0.210
19-11-22,0.014,34895747.755,15841934.242,0.191
19-11-23,0.014,34553191.976,23860484.260,0.191
19-11-24,0.017,40973474.648,38781693.953,0.262
19-11-25,0.015,37455654.610,37317089.047,0.274
19-11-26,0.020,50078163.854,81341113.569,0.429
19-11-27,0.021,51137413.199,80784639.394,0.429
19-11-28,0.024,61182721.025,72106889.669,0.457
19-11-29,0.023,56894664.446,52993867.113,0.462
19-11-30,0.024,61131706.273,29612776.589,0.465
19-12-01,0.029,72079180.033,57019054.288,0.487
19-12-02,0.026,66516868.679,52023277.133,0.497
19-12-03,0.026,66225094.051,41429589.010,0.497
19-12-04,0.029,74270825.551,71498559.017,0.503
19-12-05,0.032,80319450.685,63647576.707,0.507
19-12-06,0.033,83922382.386,72960453.812,0.504
19-12-07,0.041,104424336.919,101476387.704,0.547
19-12-08,0.039,99179314.958,85001401.374,0.549
19-12-09,0.041,105544694.088,65826510.508,0.549
19-12-10,0.034,86853639.604,61537905.228,0.591
19-12-11,0.017,44168673.264,341938325.053,0.788
19-12-12,0.018,45494543.935,61131328.494,0.787
19-12-13,0.016,40195059.412,49514440.362,0.798
19-12-14,0.016,40814029.471,26021106.853,0.797
19-12-15,0.014,34781665.001,32805496.014,0.811
19-12-16,0.014,36302072.476,27858440.933,0.812
19-12-17,0.013,33711692.996,28118149.145,0.816
19-12-18,0.012,30848555.876,24919072.257,0.821
19-12-19,0.013,32299983.212,24195164.023,0.820
19-12-20,0.013,33215326.282,12718418.360,0.819
19-12-21,0.015,39354544.626,56906599.484,0.836
19-12-22,0.018,45910697.593,61977865.222,0.849
19-12-23,0.016,41307692.069,103552746.865,0.839
19-12-24,0.015,38335051.007,40653771.383,0.836
19-12-25,0.016,40913550.034,23676243.797,0.770
19-12-26,0.016,39839724.447,29024410.326,0.771
19-12-27,0.016,39711945.147,17670970.276,0.750
19-12-28,0.015,38788633.297,15118793.968,0.747
19-12-29,0.015,38115925.335,8366277.171,0.742
19-12-30,0.015,37537238.793,12844992.135,0.720
19-12-31,0.014,36441205.694,6316192.587,0.717
20-01-01,0.014,35068663.174,10713807.143,0.717
20-01-02,0.015,38011240.154,20504313.050,0.713
20-01-03,0.015,37320199.773,26165156.121,0.705
20-01-04,0.015,38504502.600,14853329.300,0.705
20-01-05,0.015,37828678.670,10536227.143,0.650
20-01-06,0.015,37675740.262,8289301.049,0.650
20-01-07,0.016,39538911.012,16572957.203,0.648
20-01-08,0.015,38397277.411,17634284.498,0.628
20-01-09,0.015,38115516.091,16445247.717,0.396
20-01-10,0.015,37035918.670,9688270.594,0.395
20-01-11,0.015,37892097.782,10134730.180,0.378
20-01-12,0.015,37682542.761,8336806.477,0.377
20-01-13,0.015,38163919.757,6905039.184,0.346
20-01-14,0.015,39440577.581,9769124.139,0.345
20-01-15,0.016,39982532.443,31941284.898,0.336
20-01-16,0.016,41523507.353,29508080.857,0.323
20-01-17,0.016,40941909.409,22914523.241,0.322
20-01-18,0.019,47628917.292,72347444.689,0.358
20-01-19,0.017,44610905.409,31204686.306,0.324
20-01-20,0.016,41810647.117,26379044.755,0.285
20-01-21,0.017,42870541.866,18230903.318,0.267
20-01-22,0.017,43743073.288,22560137.905,0.256
20-01-23,0.017,43316561.901,13414486.948,0.246
20-01-24,0.016,40575187.772,15855779.759,0.253
20-01-25,0.016,41302367.598,14165636.609,0.254
20-01-26,0.016,40978710.869,11685341.262,0.253
20-01-27,0.016,42113887.106,10747137.863,0.253
20-01-28,0.017,43018843.835,19625864.458,0.253
20-01-29,0.017,43794885.866,20663598.403,0.250
20-01-30,0.017,43730726.777,16150754.732,0.246
20-01-31,0.019,47421676.729,34259011.887,0.250
20-02-01,0.018,45898827.537,24776333.991,0.253
20-02-02,0.018,46751819.925,12485400.050,0.252
20-02-03,0.019,49048838.810,26944235.598,0.254
20-02-04,0.022,56910919.140,66031072.348,0.296
20-02-05,0.021,53942875.688,65757814.688,0.302
20-02-06,0.021,54839605.088,50896522.282,0.299
20-02-07,0.024,62787785.456,77950757.205,0.325
20-02-08,0.023,59085384.330,61445580.948,0.331
20-02-09,0.021,54239566.427,73993083.622,0.346
20-02-10,0.022,56282734.145,44086470.886,0.346
20-02-11,0.022,55268479.150,43117250.874,0.348
20-02-12,0.023,57929277.510,36066786.512,0.349
20-02-13,0.023,58378156.568,62228500.915,0.350
20-02-14,0.022,56860013.774,45078083.006,0.352
20-02-15,0.023,59345265.830,42749886.041,0.352
20-02-16,0.021,53140657.201,47859748.900,0.334
20-02-17,0.020,51726161.534,47665585.205,0.327
20-02-18,0.020,51029418.297,37131921.538,0.320
20-02-19,0.022,55262008.796,40142369.535,0.326
20-02-20,0.020,51167414.532,16174453.584,0.336
20-02-21,0.021,52471156.355,24033899.121,0.337
20-02-22,0.021,53361966.761,33670186.680,0.328
20-02-23,0.021,53019036.522,14530943.250,0.328
20-02-24,0.022,57077588.524,33653093.508,0.334
20-02-25,0.021,52956396.241,29642235.185,0.344
20-02-26,0.019,49191557.921,32359171.634,0.354
20-02-27,0.018,47274423.627,36069605.722,0.356
20-02-28,0.020,49669131.416,33735101.833,0.360
20-02-29,0.020,51876436.247,35504463.300,0.350
20-03-01,0.020,52016007.382,33641423.599,0.347
20-03-02,0.019,49616734.542,30863594.509,0.349
20-03-03,0.021,54429579.115,31247796.869,0.359
20-03-04,0.024,60698451.942,51054811.575,0.337
20-03-05,0.025,68198391.234,99369845.998,0.334
20-03-06,0.026,72433912.217,80146249.315,0.338
20-03-07,0.025,68581138.313,56319292.959,0.313
20-03-08,0.027,73495744.425,89597330.786,0.317
20-03-09,0.022,60128637.823,73503295.593,0.368
20-03-10,0.020,56373069.238,81828096.348,0.370
20-03-11,0.021,57288338.366,65191499.531,0.369
20-03-12,0.019,52267284.043,70274599.559,0.373
20-03-13,0.009,25251993.314,61249765.884,0.623
20-03-14,0.011,29277816.050,51804649.691,0.644
20-03-15,0.010,27127408.548,21397097.235,0.644
20-03-16,0.010,27511144.720,21270124.203,0.638
20-03-17,0.008,22418089.730,25809858.381,0.657
20-03-18,0.009,25620237.755,23873265.506,0.675
20-03-19,0.009,24954508.392,21163580.875,0.669
20-03-20,0.011,30985064.667,35358713.944,0.709
20-03-21,0.011,29799618.054,34080699.935,0.708
20-03-22,0.011,30686838.346,22169117.103,0.709
20-03-23,0.010,27780340.717,15233623.815,0.714
20-03-24,0.011,30611788.824,17123548.461,0.719
20-03-25,0.011,31151261.919,17313286.337,0.717
20-03-26,0.011,31615677.686,13732008.263,0.714
20-03-27,0.012,32855635.348,16360973.920,0.715
20-03-28,0.011,29585099.255,9423028.528,0.717
20-03-29,0.011,29431994.455,13793676.265,0.716
20-03-30,0.010,27813793.243,9957347.117,0.717
20-03-31,0.011,29760805.767,13909225.401,0.722
20-04-01,0.011,30394556.640,12392526.319,0.714
20-04-02,0.011,30861721.582,18642241.876,0.705
20-04-03,0.012,31740389.138,21342034.954,0.703
20-04-04,0.012,31816155.493,15226623.500,0.698
20-04-05,0.012,32354471.228,12395096.686,0.698
20-04-06,0.011,31566133.445,11350742.659,0.691
20-04-07,0.013,36925036.442,38890338.674,0.690
20-04-08,0.013,35516331.353,39050181.069,0.689
20-04-09,0.014,38193848.655,28331467.553,0.693
20-04-10,0.014,37216451.992,21649893.915,0.689
20-04-11,0.012,33080445.120,23295806.329,0.470
20-04-12,0.012,33703665.538,16716585.321,0.451
20-04-13,0.012,34166170.531,14541371.446,0.441
20-04-14,0.012,33178189.297,11129979.294,0.442
20-04-15,0.012,33588867.711,17356709.224,0.399
20-04-16,0.012,32094129.262,9331259.727,0.384
20-04-17,0.013,34751289.173,13997754.142,0.389
20-04-18,0.013,35265172.916,12465755.237,0.321
20-04-19,0.013,36955344.631,12194723.068,0.322
20-04-20,0.013,35737327.950,14643558.858,0.324
20-04-21,0.012,33327758.333,14670525.722,0.317
20-04-22,0.012,33128904.535,12296674.807,0.298
20-04-23,0.013,35210714.434,10377552.099,0.304
20-04-24,0.014,39048221.660,29767404.554,0.320
20-04-25,0.015,40519864.878,34698353.329,0.320
20-04-26,0.015,41516729.267,22422727.278,0.302
20-04-27,0.016,43119973.337,24489995.221,0.302
20-04-28,0.015,42436511.430,21920142.193,0.295
20-04-29,0.016,43129079.521,14330601.233,0.289
20-04-30,0.016,45201081.131,36019670.483,0.291
20-05-01,0.015,42771682.541,33517357.112,0.301
20-05-02,0.016,43858164.272,18653132.470,0.301
20-05-03,0.017,46728678.665,20412471.423,0.305
20-05-04,0.017,47310156.815,33791176.577,0.305
20-05-05,0.017,46367549.218,29694952.470,0.303
20-05-06,0.017,46668679.095,17543028.861,0.257
20-05-07,0.017,48176499.634,27652319.720,0.253
20-05-08,0.017,48147056.028,30659849.103,0.247
20-05-09,0.018,49324094.961,26097397.108,0.246
20-05-10,0.017,47519404.236,21407525.667,0.217
20-05-11,0.015,42581693.138,39906909.575,0.249
20-05-12,0.015,41609735.858,30580545.079,0.251
20-05-13,0.017,46666057.806,42499623.017,0.275
20-05-14,0.019,52924824.083,58637596.194,0.302
20-05-15,0.019,53000225.730,68611576.842,0.296
20-05-16,0.018,49885550.946,39782503.253,0.297
20-05-17,0.020,55098810.736,42893039.443,0.311
20-05-18,0.020,55811572.158,27418119.442,0.309
20-05-19,0.021,70799168.597,28398879.609,0.305
20-05-20,0.022,76146913.299,56333738.267,0.297
20-05-21,0.021,71732437.531,43371532.962,0.308
20-05-22,0.019,65962361.379,42411059.044,0.319
20-05-23,0.020,68458992.567,27202628.039,0.307
20-05-24,0.020,68893707.575,23929080.483,0.306
20-05-25,0.019,67412523.601,42056076.862,0.308
20-05-26,0.021,73018187.127,40954089.459,0.318
20-05-27,0.026,87434500.205,108953532.942,0.378
20-05-28,0.024,83697220.386,109364893.927,0.386
20-05-29,0.025,86222427.964,70544208.696,0.385
20-05-30,0.026,88903816.780,61686033.614,0.377
20-05-31,0.024,82521775.962,64304969.477,0.388
20-06-01,0.020,68868109.916,88350182.241,0.419
20-06-02,0.022,74808948.319,64245651.014,0.423
20-06-03,0.021,71875865.397,51453760.007,0.425
20-06-04,0.022,74274130.691,29545401.453,0.426
20-06-05,0.021,73657362.130,34163772.436,0.427
20-06-06,0.021,72206586.086,28837522.883,0.430
20-06-07,0.021,72034389.572,18448017.994,0.429
20-06-08,0.020,70720484.685,21685499.498,0.428
20-06-09,0.020,70958990.238,14203268.549,0.410
20-06-10,0.020,70221933.225,13032339.847,0.409
20-06-11,0.021,73961875.649,40968426.225,0.396
20-06-12,0.020,68291280.434,33045214.528,0.381
20-06-13,0.020,71218986.662,17600418.103,0.381
20-06-14,0.021,71998648.933,13988798.219,0.377
20-06-15,0.021,71470136.345,24981443.269,0.362
20-06-16,0.020,71283280.797,25137143.059,0.362
20-06-17,0.021,71869475.898,17390124.885,0.362
20-06-18,0.021,72276111.084,21647473.895,0.354
20-06-19,0.020,71204877.688,15722976.856,0.349
20-06-20,0.020,70341252.106,15600231.802,0.339
20-06-21,0.023,78026276.735,38316068.349,0.356
20-06-22,0.021,74451504.268,36890834.521,0.361
20-06-23,0.022,76780594.999,27632827.295,0.360
20-06-24,0.023,78942503.875,20933372.175,0.350
20-06-25,0.022,77593389.057,24204954.578,0.270
20-06-26,0.022,75613667.495,17203243.587,0.265
20-06-27,0.021,72835714.885,20176252.482,0.265
20-06-28,0.019,68113391.626,20454448.000,0.269
20-06-29,0.020,69795114.991,21700409.158,0.263
20-06-30,0.020,68641746.059,22245016.210,0.217
20-07-01,0.019,66354841.170,11981680.081,0.207
20-07-02,0.019,65279606.071,23037794.560,0.205
20-07-03,0.019,65953507.571,16765308.351,0.201
20-07-04,0.019,67394225.912,16892652.006,0.203
20-07-05,0.020,68439387.470,10798703.122,0.199
20-07-06,0.019,66700687.914,13360864.214,0.200
20-07-07,0.020,70019028.404,15841089.297,0.205
20-07-08,0.020,70177171.580,20957945.029,0.205
20-07-09,0.022,75308457.888,33561711.238,0.217
20-07-10,0.021,76722490.039,27862827.978,0.215
20-07-11,0.021,78530241.562,21973094.150,0.205
20-07-12,0.021,79839170.162,12761465.978,0.203
20-07-13,0.021,78863141.686,11461288.775,0.204
20-07-14,0.022,83512257.961,36280162.500,0.210
20-07-15,0.022,83502693.375,19836564.429,0.210
20-07-16,0.022,83572669.503,24658283.202,0.210
20-07-17,0.021,78191657.533,23410612.279,0.221
20-07-18,0.021,79198940.380,11560933.680,0.220
20-07-19,0.022,80265392.329,9014516.612,0.220
20-07-20,0.021,79430031.552,10604757.015,0.187
20-07-21,0.022,81904623.984,25180271.805,0.179
20-07-22,0.021,79505613.808,17694528.523,0.177
20-07-23,0.021,79551222.558,11791999.478,0.175
20-07-24,0.021,79073246.912,9486898.133,0.174
20-07-25,0.021,77293389.299,11432022.114,0.174
20-07-26,0.021,77973731.674,9822414.153,0.171
20-07-27,0.021,77572999.053,13005944.138,0.155
20-07-28,0.020,74255355.287,30514081.589,0.159
20-07-29,0.020,76815547.849,24573097.390,0.161
20-07-30,0.020,75981580.736,15459977.992,0.157
20-07-31,0.020,76564889.107,13961239.576,0.156
20-08-01,0.020,76294710.366,11445887.546,0.156
20-08-02,0.021,78568099.104,15697021.498,0.158
20-08-03,0.020,75058359.306,13954050.527,0.165
20-08-04,0.020,76731329.135,11405905.756,0.164
20-08-05,0.021,77436284.480,9368871.599,0.158
20-08-06,0.022,80720622.759,18302333.257,0.163
20-08-07,0.022,81651632.185,16917053.274,0.146
20-08-08,0.021,80133715.888,12961754.760,0.139
20-08-09,0.023,85627199.787,18450536.361,0.154
20-08-10,0.023,85197027.279,22316147.033,0.154
20-08-11,0.024,90901130.173,29025315.693,0.167
20-08-12,0.023,87106390.975,43124348.112,0.167
20-08-13,0.026,96398036.830,28057198.085,0.200
20-08-14,0.027,102213441.795,59211362.697,0.207
20-08-15,0.028,106103448.544,32878217.428,0.195
20-08-16,0.030,112770493.766,62309839.452,0.202
20-08-17,0.030,112863352.104,32303413.667,0.202
20-08-18,0.029,108880664.202,52929056.164,0.208
20-08-19,0.027,101109111.868,33305891.585,0.224
20-08-20,0.025,93387821.045,32365643.622,0.237
20-08-21,0.027,100555689.907,22158468.474,0.246
20-08-22,0.025,94178529.299,31427836.439,0.256
20-08-23,0.026,98421781.903,19624219.562,0.256
20-08-24,0.025,95409236.895,10661072.213,0.259
20-08-25,0.028,105559169.424,26518018.735,0.276
20-08-26,0.026,97917129.587,21324995.387,0.284
20-08-27,0.027,101354260.402,21554527.747,0.285
20-08-28,0.026,96856471.161,18313345.731,0.289
20-08-29,0.027,101246672.332,11552718.775,0.291
20-08-30,0.028,104805853.890,18503185.492,0.291
20-08-31,0.027,102737882.245,15997642.862,0.291
20-09-01,0.027,100757219.513,14518132.973,0.287
20-09-02,0.026,97730121.739,18268026.047,0.291
20-09-03,0.024,89068305.513,23511217.297,0.305
20-09-04,0.019,72282633.732,19712084.832,0.356
20-09-05,0.019,73039273.531,20356501.589,0.356
20-09-06,0.018,68226544.136,15872237.851,0.362
20-09-07,0.019,71334309.873,10895932.214,0.358
20-09-08,0.019,71393754.354,10491919.799,0.358
20-09-09,0.018,69054173.539,8344260.574,0.351
20-09-10,0.020,75947690.533,16887212.323,0.365
20-09-11,0.020,77815809.664,12567263.694,0.347
20-09-12,0.021,80816181.208,11236729.831,0.343
20-09-13,0.021,79601629.409,9215642.777,0.340
20-09-14,0.020,75278889.954,12776941.723,0.335
20-09-15,0.020,76452153.562,9769581.178,0.336
20-09-16,0.020,77608855.055,16804788.227,0.335
20-09-17,0.020,75665228.172,11826080.934,0.330
20-09-18,0.020,77605972.746,13948706.853,0.324
20-09-19,0.021,80137724.966,18043812.963,0.317
20-09-20,0.021,79389841.157,9509977.456,0.311
20-09-21,0.022,84198926.728,16289429.309,0.312
20-09-22,0.019,72166277.922,30331722.133,0.337
20-09-23,0.020,74228663.070,8462496.378,0.321
20-09-24,0.018,67399219.141,9968564.614,0.326
20-09-25,0.019,72181734.843,10175194.654,0.332
20-09-26,0.019,72618138.938,8582585.622,0.331
20-09-27,0.019,71945074.904,6891469.901,0.327
20-09-28,0.019,71413263.384,8521691.991,0.324
20-09-29,0.019,71656617.259,16963440.179,0.324
20-09-30,0.020,74807821.079,10872262.078,0.328
20-10-01,0.020,76978925.682,9684105.777,0.328
20-10-02,0.019,72254557.325,14736445.461,0.323
20-10-03,0.018,69587909.226,9450359.841,0.270
20-10-04,0.018,70708954.364,5371810.390,0.270
20-10-05,0.019,70823617.107,5536939.733,0.260
20-10-06,0.019,71883397.648,5653050.861,0.256
20-10-07,0.017,65479097.010,8999098.818,0.271
20-10-08,0.017,64626729.434,8588623.318,0.270
20-10-09,0.017,63426985.254,12129400.797,0.247
20-10-10,0.017,65269431.830,9914888.845,0.248
20-10-11,0.017,65705736.709,8508100.198,0.244
20-10-12,0.018,67930272.482,6216598.719,0.247
20-10-13,0.018,68710236.803,9021148.978,0.242
20-10-14,0.018,67718580.527,6440785.521,0.241
20-10-15,0.017,65950052.591,5324181.759,0.241
20-10-16,0.017,65864041.182,6026819.922,0.240
20-10-17,0.016,62336549.732,6622879.184,0.244
20-10-18,0.017,64142007.363,4935940.308,0.244
20-10-19,0.017,64540865.435,4683431.844,0.244
20-10-20,0.016,62063891.155,6330955.823,0.239
20-10-21,0.016,59598806.918,23456470.862,0.204
20-10-22,0.016,62447481.664,14396472.500,0.207
20-10-23,0.017,66551346.296,12871073.282,0.196
20-10-24,0.017,65183189.950,7177012.955,0.183
20-10-25,0.018,67571590.348,6260818.107,0.187
20-10-26,0.017,65905778.931,7179104.086,0.188
20-10-27,0.017,63572991.739,8920967.160,0.192
20-10-28,0.016,60783264.838,11956419.204,0.195
20-10-29,0.015,64593361.285,8876005.159,0.193
20-10-30,0.014,59287777.192,8799049.805,0.204
20-10-31,0.014,59512065.181,10505146.991,0.199
20-11-01,0.014,58765032.264,5718753.053,0.197
20-11-02,0.014,60363334.226,5427039.748,0.199
20-11-03,0.014,58714275.120,5990905.253,0.200
20-11-04,0.013,54179650.568,8357623.351,0.207
20-11-05,0.012,57833067.999,8133341.555,0.194
20-11-06,0.014,64027926.920,10548826.831,0.225
20-11-07,0.015,73440220.503,18146529.705,0.270
20-11-08,0.014,68618278.301,18155079.053,0.277
20-11-09,0.016,75027572.409,10851267.734,0.295
20-11-10,0.016,74354069.871,11079817.642,0.293
20-11-11,0.017,82260676.548,17856499.259,0.312
20-11-12,0.017,78796851.302,9684852.220,0.315
20-11-13,0.016,75708757.405,10183663.364,0.317
20-11-14,0.017,79885491.973,7801802.354,0.324
20-11-15,0.017,79593768.803,5637551.664,0.318
20-11-16,0.016,78234156.898,7356047.194,0.318
20-11-17,0.017,79003662.394,6622711.200,0.318
20-11-18,0.018,84856888.531,15411574.511,0.323
20-11-19,0.017,81412733.790,15378902.905,0.323
20-11-20,0.017,81871395.715,12203249.405,0.320
20-11-21,0.018,85024276.288,12407964.073,0.315
20-11-22,0.020,93782431.124,19147165.039,0.331
20-11-23,0.019,91831128.480,22305920.307,0.332
20-11-24,0.021,100067376.710,25334654.270,0.344
20-11-25,0.022,102510099.223,28665858.087,0.340
20-11-26,0.021,102214896.510,25576496.471,0.336
20-11-27,0.018,84178920.471,30021815.999,0.379
20-11-28,0.018,84431878.220,10074938.013,0.368
20-11-29,0.019,89626884.516,9265440.955,0.370
20-11-30,0.019,89617639.747,9252437.321,0.369
20-12-01,0.019,93174280.372,13198889.378,0.370
20-12-02,0.019,89004348.382,15020130.091,0.371
20-12-03,0.019,92281888.159,9100394.762,0.361
20-12-04,0.021,98814153.039,14720639.350,0.361
20-12-05,0.019,90091253.178,15475340.828,0.367
20-12-06,0.020,93822555.656,9264980.790,0.342
20-12-07,0.020,93117126.090,8591213.770,0.333
20-12-08,0.019,92266017.400,6097664.344,0.322
20-12-09,0.018,84983599.721,9249804.915,0.334
20-12-10,0.018,86872755.129,11348486.413,0.319
20-12-11,0.018,85228040.233,10449485.738,0.317
20-12-12,0.018,84154212.620,8008566.757,0.313
20-12-13,0.018,85618201.693,6235214.231,0.308
20-12-14,0.018,86974920.343,5644047.896,0.308
20-12-15,0.018,88299908.949,6599250.319,0.307
20-12-16,0.020,93550251.317,14914642.779,0.312
20-12-17,0.019,93900056.344,13211155.638,0.304
20-12-18,0.019,91235719.196,19553927.732,0.302
20-12-19,0.021,98129645.661,14132734.502,0.312
20-12-20,0.020,95964780.835,18002724.770,0.313
20-12-21,0.019,92226995.227,11285502.624,0.298
20-12-22,0.018,87819189.168,11197079.626,0.301
20-12-23,0.019,89719511.505,8655443.660,0.283
20-12-24,0.015,74645135.177,15216781.795,0.332
20-12-25,0.016,79302306.786,10478920.980,0.342
20-12-26,0.017,79873722.518,9404585.023,0.297
20-12-27,0.019,92700464.835,16961522.702,0.339
20-12-28,0.018,89017443.507,19829861.256,0.339
20-12-29,0.019,91005257.145,13186038.046,0.340
20-12-30,0.018,88892700.447,11772506.544,0.339
20-12-31,0.018,87162609.826,10251337.234,0.337
21-01-01,0.018,84631209.449,11060707.059,0.337
21-01-02,0.018,85497270.884,10860734.818,0.329
21-01-03,0.019,91239574.372,18874516.683,0.323
21-01-04,0.020,97731623.913,19922331.924,0.325
21-01-05,0.024,113967886.420,47150426.368,0.374
21-01-06,0.025,117726586.160,64990809.529,0.374
21-01-07,0.035,169147570.741,165847047.242,0.546
21-01-08,0.033,159204548.929,129307158.350,0.552
21-01-09,0.032,153407762.680,104462245.112,0.554
21-01-10,0.034,164076639.478,96516758.364,0.554
21-01-11,0.030,148192013.740,76396986.713,0.567
21-01-12,0.026,126645984.410,57146035.400,0.591
21-01-13,0.026,127710771.621,47544669.707,0.591
21-01-14,0.030,147113000.102,42907545.845,0.604
21-01-15,0.033,158782678.797,38146195.110,0.607
21-01-16,0.034,164779148.468,88337107.332,0.605
21-01-17,0.033,159713889.541,49378931.680,0.605
21-01-18,0.034,168349484.424,82036632.336,0.602
21-01-19,0.036,173838286.652,89411150.117,0.600
21-01-20,0.033,159317241.088,79577315.269,0.607
21-01-21,0.034,167475938.992,70986143.978,0.607
21-01-22,0.029,141218347.345,59521841.053,0.602
21-01-23,0.031,152600992.837,37462054.992,0.604
21-01-24,0.034,165710879.607,56977447.715,0.606
21-01-25,0.033,162086565.722,34717166.874,0.593
21-01-26,0.033,162023290.743,38690467.457,0.589
21-01-27,0.043,214097716.746,203004518.062,0.651
21-01-28,0.042,205011207.461,171503639.462,0.652
21-01-29,0.039,190402118.881,89353523.917,0.659
21-01-30,0.040,197087899.495,96196293.528,0.656
21-01-31,0.040,193908758.705,86723297.200,0.657
21-02-01,0.038,184772940.637,43349697.793,0.660
21-02-02,0.041,197091461.704,49235900.515,0.661
21-02-03,0.041,200699305.454,33193757.136,0.641
21-02-04,0.044,215296257.979,43421250.343,0.643
21-02-05,0.047,232221721.051,84437263.735,0.498
21-02-06,0.055,271855685.045,120227756.346,0.517
21-02-07,0.052,259896571.542,92422423.970,0.520
21-02-08,0.067,334023536.506,168858414.852,0.582
21-02-09,0.072,353093567.479,265435995.916,0.569
21-02-10,0.099,484477250.768,366127293.865,0.633
21-02-11,0.117,586472300.091,826317781.326,0.644
21-02-12,0.124,611777882.032,313404032.291,0.638
21-02-13,0.121,602563521.249,209198934.301,0.641
21-02-14,0.111,557081448.794,179413286.256,0.655
21-02-15,0.101,498574316.951,149612025.534,0.666
21-02-16,0.106,526213140.673,249852146.058,0.666
21-02-17,0.109,538986550.004,158931927.463,0.666
21-02-18,0.112,560310287.156,187372418.106,0.651
21-02-19,0.123,610942758.810,254597009.403,0.653
21-02-20,0.157,776591525.694,371302824.346,0.650
21-02-21,0.146,720289330.680,871489994.350,0.664
21-02-22,0.162,805170723.554,440694551.403,0.665
21-02-23,0.152,750493582.819,360795726.940,0.671
21-02-24,0.138,676445011.858,475988612.243,0.686
21-02-25,0.160,797591288.302,423349307.283,0.647
21-02-26,0.175,910956096.127,737795076.881,0.642
21-02-27,0.190,941019561.491,669101302.628,0.628
21-02-28,0.200,981241021.567,652603920.926,0.628
21-03-01,0.224,1117749256.189,686388221.864,0.625
21-03-02,0.248,1235048770.684,717158857.289,0.617
21-03-03,0.229,1138010871.084,383727452.913,0.634
21-03-04,0.225,1122561779.713,260496330.146,0.637
21-03-05,0.201,996304904.930,262168130.555,0.660
21-03-06,0.215,1068599769.361,260528705.656,0.660
21-03-07,0.213,1059771283.398,159403340.391,0.653
21-03-08,0.213,1058510883.476,123992580.770,0.645
21-03-09,0.217,1085563185.044,135478175.541,0.600
21-03-10,0.299,1496077314.351,735123670.952,0.683
21-03-11,0.288,1449376142.885,804020544.071,0.604
21-03-12,0.409,2084446129.196,1717845546.789,0.699
21-03-13,0.412,2052802384.683,1728595245.601,0.700
21-03-14,0.423,2110419300.765,904427909.571,0.697
21-03-15,0.385,1934605562.344,570706856.275,0.698
21-03-16,0.393,1973170419.495,656875144.058,0.683
21-03-17,0.374,1861072864.418,443800441.633,0.691
21-03-18,0.407,2041702241.995,723671072.080,0.691
21-03-19,0.393,1974528407.605,420160956.617,0.696
21-03-20,0.407,2032593896.316,342451704.116,0.695
21-03-21,0.385,1935686656.087,282094155.475,0.661
21-03-22,0.381,1909055446.041,282163630.265,0.654
21-03-23,0.348,1757667620.443,261404314.622,0.662
21-03-24,0.332,1661267285.618,256733803.428,0.660
21-03-25,0.325,1628595308.351,383617908.441,0.649
21-03-26,0.300,1501611739.806,276241603.685,0.645
21-03-27,0.337,1679544725.114,271250549.404,0.648
21-03-28,0.333,1679729292.848,232330850.045,0.646
21-03-29,0.344,1719096198.963,243437749.177,0.646
21-03-30,0.382,1909032206.386,655748549.440,0.644
21-03-31,0.370,1856521326.271,311065437.875,0.641
21-04-01,0.359,1804980922.597,336976081.774,0.635
21-04-02,0.364,1823902343.372,246934364.953,0.634
21-04-03,0.383,1916347718.366,320405134.011,0.620
21-04-04,0.352,1776309707.184,268186087.021,0.628
21-04-05,0.362,1816787944.687,194056778.122,0.627
21-04-06,0.369,1858744891.630,263394859.883,0.626
21-04-07,0.376,1895039219.827,360274129.725,0.626
21-04-08,0.340,1723635475.717,315682605.686,0.523
21-04-09,0.356,1796567178.672,189835410.122,0.522
21-04-10,0.366,1838825193.168,233117546.364,0.311
21-04-11,0.360,1811670703.173,199253707.130,0.311
21-04-12,0.368,1851562051.803,156012159.648,0.311
21-04-13,0.359,1803520035.701,165191846.842,0.299
21-04-14,0.422,2106874367.640,763683474.299,0.347
21-04-15,0.412,2144658328.433,579430867.064,0.344
21-04-16,0.442,2297836037.208,533662174.352,0.341
21-04-17,0.430,2215044027.387,468332098.973,0.340
21-04-18,0.406,2107787279.255,274435772.900,0.344
21-04-19,0.364,1905032945.182,463913855.985,0.355
21-04-20,0.327,1716233238.652,250862290.765,0.370
21-04-21,0.341,1777708295.123,290186072.993,0.362
21-04-22,0.360,1884364052.683,313038334.223,0.362
21-04-23,0.355,1861498964.680,790862916.413,0.362
21-04-24,0.384,2004246961.533,552995934.322,0.360
21-04-25,0.356,1874047875.411,256957270.763,0.350
21-04-26,0.384,2000807641.212,411150476.942,0.357
21-04-27,0.537,2816693565.566,2110047231.926,0.530
21-04-28,0.832,4732966219.786,2232499080.982,0.744
21-04-29,0.773,4715912991.760,4956516495.826,0.749
21-04-30,0.883,5278592965.673,3502606382.808,0.754
21-05-01,0.826,4991210141.705,2380225742.954,0.761
21-05-02,0.788,4754313918.468,1171555946.990,0.765
21-05-03,0.819,4926911993.464,934369931.743,0.756
21-05-04,0.797,4833910307.324,961051027.919,0.759
21-05-05,0.705,4336155477.549,930183827.149,0.773
21-05-06,0.815,4928204513.849,1070712992.226,0.783
21-05-07,0.758,4564410787.228,689778615.073,0.779
21-05-08,0.751,4529072281.364,682630707.178,0.780
21-05-09,0.849,5077166130.971,887144265.355,0.786
21-05-10,0.970,5846789531.946,3742361969.254,0.791
21-05-11,0.881,5386111669.382,1564514780.180,0.802
21-05-12,1.076,6510953718.145,2007918927.758,0.819
21-05-13,1.089,6923298885.582,3218679115.154,0.809
21-05-14,1.055,6358736812.826,2517230576.807,0.810
21-05-15,1.467,8948842192.637,3554597434.465,0.881
21-05-16,1.614,10057100055.814,6792729903.755,0.878
21-05-17,1.713,10330505695.564,3836987276.656,0.871
21-05-18,1.704,10523995820.367,3723573265.950,0.857
21-05-19,2.450,14970890736.983,9357699828.934,0.916
21-05-20,1.696,10775087589.926,10860942519.364,0.995
21-05-21,1.824,11274067679.301,6597673302.762,0.995
21-05-22,1.482,9299041637.835,4484214166.061,1.026
21-05-23,1.200,7396022257.382,3147802480.870,1.057
21-05-24,1.101,6761617381.571,4461492655.201,1.058
21-05-25,1.700,10557515608.105,10801640188.673,1.166
21-05-26,1.926,11916141187.089,7733616834.402,1.118
21-05-27,2.216,13850815377.363,10105637470.648,1.005
21-05-28,2.036,12735439710.241,6505011267.258,1.006
21-05-29,1.831,11314896970.887,6389448323.105,1.012
21-05-30,1.688,10463357133.227,4315270833.784,1.013
21-05-31,1.843,11435205989.421,5050604850.986,1.011
21-06-01,1.878,11863968587.292,3836091187.615,1.011
21-06-02,1.825,11453762980.133,2863996954.751,1.011
21-06-03,1.804,11287030295.203,2102683910.384,0.999
21-06-04,1.830,11516653573.341,1805657113.937,0.993
21-06-05,1.631,10251274595.118,2955479134.947,0.999
21-06-06,1.523,9533169748.048,1771200361.129,1.003
21-06-07,1.579,9918976123.705,1205866410.289,0.999
21-06-08,1.477,9341854426.133,2238372756.045,0.998
21-06-09,1.485,9339502384.247,3016747199.167,0.990
21-06-10,1.500,9449924822.427,2202132307.858,0.971
21-06-11,1.364,8645655898.026,1274996833.917,0.978
21-06-12,1.251,7848052880.394,1109446558.142,0.982
21-06-13,1.350,8558294881.969,1856898584.782,0.907
21-06-14,1.472,9166071244.579,1862759356.306,0.906
21-06-15,1.549,9724687225.741,1943301935.806,0.905
21-06-16,1.641,10364623021.749,2609137537.936,0.907
21-06-17,1.473,9226088539.443,1770554159.115,0.798
21-06-18,1.509,9414104125.766,1312080524.013,0.735
21-06-19,1.378,8704938523.104,1477772950.986,0.736
21-06-20,1.361,8570172152.089,1047024204.262,0.711
21-06-21,1.400,8813447891.354,1165109947.522,0.682
21-06-22,1.100,7108109710.266,1807612654.808,0.713
21-06-23,1.071,6683558576.057,3043192425.489,0.446
21-06-24,1.176,7404591527.159,1676649092.794,0.436
21-06-25,1.203,7572229334.253,1084435562.799,0.404
21-06-26,1.053,6682940338.364,1133931485.992,0.413
21-06-27,1.062,6690335287.382,934082280.057,0.405
21-06-28,1.108,6971829044.305,788601637.175,0.404
21-06-29,1.126,7102463317.676,836895696.818,0.390
21-06-30,1.175,7415778642.505,1089210964.628,0.393
21-07-01,1.163,7337372560.941,873591818.543,0.393
21-07-02,1.081,6813038355.105,657715146.416,0.397
21-07-03,1.108,6946254595.531,524708661.266,0.398
21-07-04,1.116,7034609249.699,466895417.980,0.386
21-07-05,1.148,7267704795.603,554696963.710,0.384
21-07-06,1.105,6976687276.834,558428295.165,0.382
21-07-07,1.130,7126014765.647,615326977.745,0.379
21-07-08,1.130,7121802669.068,631685509.501,0.379
21-07-09,1.045,6612601427.370,601435631.963,0.385
21-07-10,1.059,6705615971.311,498045413.904,0.376
21-07-11,1.035,6556892269.421,362405143.583,0.368
21-07-12,1.045,6612728321.153,261946721.762,0.358
21-07-13,0.999,6318169069.554,452794199.992,0.346
21-07-14,0.944,5992742569.703,398497433.129,0.342
21-07-15,0.929,5872169180.732,567227034.182,0.333
21-07-16,0.874,5536398704.740,410231684.058,0.324
21-07-17,0.812,5137539233.373,401531566.779,0.326
21-07-18,0.803,5087930068.468,378756494.751,0.319
21-07-19,0.802,5073809052.124,348458406.295,0.319
21-07-20,0.737,4711940257.047,344240693.831,0.322
21-07-21,0.698,4430235135.429,904449294.045,0.254
21-07-22,0.892,5654339691.734,2068269781.372,0.386
21-07-23,0.890,5679796018.974,1343919613.849,0.372
21-07-24,0.943,6022904906.727,937587925.019,0.376
21-07-25,0.951,6080910913.032,732607141.683,0.356
21-07-26,0.941,6010481312.321,569673931.162,0.356
21-07-27,1.015,6509460343.988,1874618892.760,0.363
21-07-28,1.037,6590638522.160,1380782350.679,0.363
21-07-29,1.017,6517715304.902,1076535715.884,0.360
21-07-30,1.031,6614278453.434,447798134.636,0.361
21-07-31,1.056,6786082340.792,708968914.564,0.354
21-08-01,1.086,6987112715.805,678673262.864,0.355
21-08-02,1.047,6717125196.708,782867729.061,0.357
21-08-03,1.051,6776858668.855,608852029.279,0.355
21-08-04,1.023,6582077923.089,472152603.613,0.354
21-08-05,1.053,6788082028.008,478893880.137,0.355
21-08-06,1.064,6864595661.622,576310795.403,0.355
21-08-07,1.080,6942612377.273,557347478.998,0.347
21-08-08,1.169,7522694940.382,1063531221.201,0.356
21-08-09,1.084,7004321717.977,684095725.450,0.363
21-08-10,1.126,7206818149.642,693797541.334,0.365
21-08-11,1.156,7435491439.637,810012505.851,0.362
21-08-12,1.366,8798175021.190,2188993431.870,0.395
21-08-13,1.326,8495823527.379,1794496705.714,0.397
21-08-14,1.508,9660072123.939,1665858734.751,0.407
21-08-15,1.439,9330076205.503,1049184914.616,0.402
21-08-16,1.468,9474150835.836,825848470.389,0.401
21-08-17,1.428,9363268664.435,1212293135.028,0.403
21-08-18,1.357,8837886391.664,1201399361.618,0.396
21-08-19,1.352,8784898438.663,1054805606.089,0.389
21-08-20,1.410,9019280256.858,542087985.733,0.290
21-08-21,1.542,9948484709.529,1307117643.868,0.299
21-08-22,1.589,10264761353.026,1553829965.489,0.297
21-08-23,1.629,10528073400.707,1132547141.795,0.296
21-08-24,1.625,10526865542.408,976567963.463,0.296
21-08-25,1.486,9661488060.356,1021859188.008,0.307
21-08-26,1.532,9928631224.607,838083882.469,0.308
21-08-27,1.404,9127366551.652,621537176.725,0.322
21-08-28,1.510,9787433583.186,1000754758.980,0.328
21-08-29,1.460,9450717430.159,685826662.049,0.331
21-08-30,1.423,9201781882.603,606000154.561,0.333
21-08-31,1.322,8577150847.728,819006597.295,0.340
21-09-01,1.351,8773548421.254,1083615585.056,0.340
21-09-02,1.457,9477410254.067,1560696928.918,0.344
21-09-03,1.448,9549638915.108,1183968629.160,0.344
21-09-04,1.453,9591135541.572,900520202.840,0.344
21-09-05,1.736,11393054301.586,2179616389.046,0.390
21-09-06,1.675,11078823164.115,2161766058.223,0.387
21-09-07,1.649,10992844660.897,1530368131.176,0.378
21-09-08,1.368,9144061518.984,2839649877.086,0.421
21-09-09,1.337,8898039832.260,2076261412.703,0.422
21-09-10,1.365,9104496096.083,1635510580.618,0.382
21-09-11,1.300,8631212236.512,1394843799.590,0.384
21-09-12,1.311,8716622882.089,858142989.540,0.358
21-09-13,1.335,8925706011.907,749284226.243,0.356
21-09-14,1.253,8326852729.207,891995496.085,0.360
21-09-15,1.319,8774080306.560,836035832.602,0.364
21-09-16,1.411,9360593251.994,791738350.751,0.366
21-09-17,1.385,9210851903.215,1152716416.896,0.367
21-09-18,1.418,9471032154.833,1041687423.118,0.365
21-09-19,1.364,9045685369.726,769314524.456,0.355
21-09-20,1.317,8771148922.031,611904089.655,0.355
21-09-21,1.135,7511596671.301,1220101136.554,0.378
21-09-22,1.041,6883456928.020,1109838530.588,0.384
21-09-23,1.220,8083153161.893,1018507061.238,0.419
21-09-24,1.225,8160967705.088,703141242.894,0.417
21-09-25,1.127,7537530066.573,829334430.776,0.416
21-09-26,1.127,7516859209.724,651642638.652,0.408
21-09-27,1.126,7496762288.807,741907083.612,0.407
21-09-28,1.085,7241606079.608,598994471.805,0.408
21-09-29,1.048,7002241309.844,512427975.964,0.404
21-09-30,1.101,7335032969.038,543730210.443,0.407
21-10-01,1.128,7527251752.850,586344643.772,0.399
21-10-02,1.268,8445601501.463,897200922.223,0.419
21-10-03,1.296,8636174254.176,775986368.181,0.420
21-10-04,1.326,8848235820.533,774261228.808,0.369
21-10-05,1.280,8546057462.284,758691956.197,0.369
21-10-06,1.314,8833102937.297,683894392.131,0.371
21-10-07,1.259,8430736363.791,805652057.027,0.331
21-10-08,1.279,8560103435.051,779723651.725,0.331
21-10-09,1.337,8996570423.413,1168481107.357,0.334
21-10-10,1.352,9098025913.306,718479322.919,0.330
21-10-11,1.248,8386331568.266,628634402.018,0.339
21-10-12,1.240,8321857045.161,604162841.964,0.339
21-10-13,1.223,8227406969.010,668072616.321,0.333
21-10-14,1.241,8330182174.502,583694852.519,0.329
21-10-15,1.266,8499233817.677,581061607.659,0.322
21-10-16,1.593,10538949494.004,4316164933.988,0.413
21-10-17,1.510,10158279158.474,1408874206.252,0.417
21-10-18,1.457,9743921299.278,731826163.031,0.417
21-10-19,1.479,10019791061.330,1244727386.075,0.415
21-10-20,1.479,9924918730.675,723247191.497,0.387
21-10-21,1.531,10286231359.858,842457013.872,0.375
21-10-22,1.509,10202548160.286,1031940931.770,0.340
21-10-23,1.518,10272133001.867,841549519.171,0.340
21-10-24,1.646,11123621411.963,1159606742.590,0.335
21-10-25,1.577,10629578922.488,843047779.559,0.339
21-10-26,1.671,11275511707.955,888899066.506,0.342
21-10-27,1.743,11788671555.292,1642540935.332,0.339
21-10-28,1.774,12092157066.753,2721999953.863,0.334
21-10-29,2.128,14466119689.096,3189131279.714,0.379
21-10-30,2.025,13701090209.346,2219071920.336,0.386
21-10-31,1.861,12602891461.129,1135615444.227,0.385
21-11-01,1.934,13115422887.582,1260219841.394,0.385
21-11-02,1.907,12933027227.248,1033840180.082,0.386
21-11-03,1.937,13188652867.366,1061616621.280,0.383
21-11-04,2.037,13723321299.137,1749682459.004,0.384
21-11-05,1.925,13088324626.909,1071278339.387,0.387
21-11-06,1.906,12959492551.749,700011545.503,0.388
21-11-07,1.889,12904882770.132,651724931.844,0.387
21-11-08,1.890,12873074044.175,559816536.927,0.387
21-11-09,1.894,13006977876.286,924768144.368,0.376
21-11-10,1.767,12182370608.903,1187637281.529,0.385
21-11-11,1.702,11650100493.497,1446005825.263,0.387
21-11-12,1.768,12170519878.176,851457875.187,0.388
21-11-13,1.723,11837980756.836,776851177.199,0.390
21-11-14,1.759,12091367021.319,543392157.606,0.296
21-11-15,1.736,11872506513.833,519499651.702,0.291
21-11-16,1.700,11711428553.074,564295637.036,0.289
21-11-17,1.572,10814157731.105,1105603669.501,0.300
21-11-18,1.641,11221942743.509,908121609.912,0.303
21-11-19,1.485,10182370628.324,853963403.129,0.317
21-11-20,1.624,11105776807.769,667015203.491,0.330
21-11-21,1.674,11522234127.490,630936528.225,0.331
21-11-22,1.618,11161692732.993,474734003.265,0.323
21-11-23,1.561,10727662384.106,612650422.346,0.322
21-11-24,1.757,12057215750.801,945784189.362,0.340
21-11-25,1.693,11654226084.731,1132149654.421,0.340
21-11-26,1.913,13134037214.927,1521105216.716,0.363
21-11-27,1.639,11242120224.385,1536856084.280,0.333
21-11-28,1.606,11008236155.198,685510512.494,0.331
21-11-29,1.650,11342978090.364,777867060.293,0.323
21-11-30,1.817,12513292821.704,914802944.026,0.337
21-12-01,1.789,12347540711.671,1237372770.568,0.337
21-12-02,2.015,13854636684.673,2158555695.353,0.360
21-12-03,2.127,14627840222.533,3167108746.510,0.361
21-12-04,2.285,15756624950.067,3890063142.823,0.362
21-12-05,1.972,13462273253.107,3853578270.260,0.390
21-12-06,2.019,13844064279.203,2804950947.776,0.390
21-12-07,2.271,15623283140.964,3813868724.170,0.408
21-12-08,2.371,16322224892.937,4138945204.878,0.410
21-12-09,2.421,16602794674.024,3797939355.343,0.402
21-12-10,2.100,14612154448.102,3018083199.494,0.425
21-12-11,2.090,14477902160.612,2755667094.493,0.424
21-12-12,2.128,14661513499.045,1667003315.795,0.423
21-12-13,2.085,14305252376.359,1086496631.359,0.424
21-12-14,1.814,12472579416.456,1782335566.443,0.445
21-12-15,1.936,13231285684.770,1691049904.385,0.449
21-12-16,2.125,14550346856.316,2703718559.250,0.449
21-12-17,2.079,14237108767.085,1810769562.571,0.449
21-12-18,2.132,14643697869.377,1722320608.881,0.436
21-12-19,2.232,15351245540.727,1609788464.043,0.430
21-12-20,2.230,15433858854.436,1288536628.778,0.429
21-12-21,2.145,14873025101.747,1453123283.445,0.430
21-12-22,2.371,16237783574.998,1814671546.167,0.437
21-12-23,2.510,17315460531.834,2724221988.742,0.424
21-12-24,2.677,18332697692.462,3050169715.423,0.424
21-12-25,2.463,16927823312.255,1648360280.725,0.419
21-12-26,2.644,18230317296.622,1303093441.487,0.391
21-12-27,2.882,19751224362.617,2504281799.003,0.395
21-12-28,2.735,18897650074.521,1657927182.893,0.402
21-12-29,2.508,17338976291.025,2282218908.623,0.405
21-12-30,2.477,16907462210.895,2002370442.245,0.405
21-12-31,2.553,17502252398.786,1598156998.177,0.389
22-01-01,2.529,17486345321.449,1473032170.972,0.386
22-01-02,2.582,17670437193.966,901565380.247,0.381
22-01-03,2.548,17513860665.474,845096219.056,0.351
22-01-04,2.438,16781301036.701,1039708966.398,0.355
22-01-05,2.374,16643210004.002,1231006375.874,0.335
22-01-06,2.197,15200752173.530,1565734158.890,0.341
22-01-07,2.253,15527120821.468,1673500245.569,0.342
22-01-08,2.059,14207797227.217,1612782707.641,0.326
22-01-09,1.996,13787338576.403,1142035788.966,0.327
22-01-10,2.114,14473242834.638,959913993.401,0.332
22-01-11,2.070,14227533630.095,1313466331.761,0.332
22-01-12,2.352,16181726374.379,1836928439.010,0.330
22-01-13,2.391,16399883175.091,1585527380.727,0.325
22-01-14,2.271,15693210068.707,1292660031.633,0.316
22-01-15,2.339,16023458731.593,1124945149.873,0.316
22-01-16,2.356,16187585365.917,827109143.514,0.316
22-01-17,2.329,15979288472.269,729386494.268,0.313
22-01-18,2.223,15269599831.496,1393207153.472,0.317
22-01-19,2.131,14682491878.281,1259020744.161,0.317
22-01-20,2.039,14053534169.380,1125646614.963,0.301
22-01-21,1.958,13539218262.712,1174166290.578,0.296
22-01-22,1.701,11716106505.454,2012752735.542,0.311
22-01-23,1.532,10517158351.665,2097932010.150,0.316
22-01-24,1.612,11018775903.043,1224532373.447,0.310
22-01-25,1.508,10392588966.698,1858804226.506,0.294
22-01-26,1.568,10763083223.498,1277296575.028,0.298
22-01-27,1.592,10919351115.306,1911424364.477,0.292
22-01-28,1.589,10904016051.517,1367357228.986,0.292
22-01-29,1.682,11553763633.991,1224155930.565,0.298
22-01-30,1.697,11613455324.228,784156766.591,0.299
22-01-31,1.606,11026480578.108,757782272.520,0.300
22-02-01,1.645,11256659491.269,826611401.904,0.302
22-02-02,1.649,11338292670.682,832590046.868,0.301
22-02-03,1.541,10592564836.204,741520777.434,0.305
22-02-04,1.546,10592889947.694,718579529.446,0.299
22-02-05,1.685,11558397160.421,856251257.427,0.314
22-02-06,1.720,11837295032.872,840234859.423,0.304
22-02-07,1.738,11924578526.720,653845781.109,0.304
22-02-08,2.027,13909341157.453,1830370700.777,0.343
22-02-09,1.949,13407224220.369,1536446973.501,0.344
22-02-10,2.050,14122089977.707,1296136607.463,0.319
22-02-11,1.898,13047666285.996,1482202636.355,0.326
22-02-12,1.715,11778503269.409,1382271160.168,0.336
22-02-13,1.693,11625732032.066,874825121.928,0.333
22-02-14,1.672,11504708862.654,644227753.363,0.333
22-02-15,1.660,11433641383.650,905500990.318,0.333
22-02-16,1.861,12849548178.555,1060112924.282,0.355
22-02-17,1.841,12717293422.232,1031104802.885,0.353
22-02-18,1.662,11423928294.268,962005468.135,0.364
22-02-19,1.597,11020292950.194,871159458.494,0.364
22-02-20,1.632,11190615608.466,625829577.208,0.340
22-02-21,1.516,10522072335.527,754141140.614,0.333
22-02-22,1.409,9713678646.552,1238057575.294,0.336
22-02-23,1.464,10088262985.871,1069252969.842,0.332
22-02-24,1.448,9946003417.319,1157637511.228,0.330
22-02-25,1.439,9885807671.411,1990645465.018,0.329
22-02-26,1.556,10707626663.265,1238021461.819,0.340
22-02-27,1.511,10378425851.279,791804114.710,0.336
22-02-28,1.453,9957328551.330,856622640.705,0.337
22-03-01,1.611,11035100526.916,1105856067.270,0.351
22-03-02,1.623,11149465669.904,1249640625.795,0.350
22-03-03,1.636,11239527012.190,1158326815.658,0.350
22-03-04,1.585,10904554509.074,1231738105.296,0.345
22-03-05,1.473,10163921686.716,1247749647.420,0.353
22-03-06,1.510,10356911461.478,972441883.241,0.341
22-03-07,1.440,9882264012.373,957904524.108,0.343
22-03-08,1.417,9745499649.875,1242025025.134,0.343
22-03-09,1.444,9935355715.708,1181152035.230,0.295
22-03-10,1.507,10353681355.763,1283941021.659,0.299
22-03-11,1.440,9888458842.253,1201616435.399,0.294
22-03-12,1.407,9704909544.193,757380812.269,0.287
22-03-13,1.399,9632014379.772,401771318.831,0.273
22-03-14,1.364,9349667861.573,361668911.220,0.273
22-03-15,1.379,9447541296.554,615529227.698,0.274
22-03-16,1.380,9508814844.688,538198754.357,0.274
22-03-17,1.468,9984538247.612,682429984.019,0.251
22-03-18,1.450,9967222365.496,535853724.581,0.251
22-03-19,1.501,10322675308.166,540856944.436,0.236
22-03-20,1.526,10484554278.974,526773333.242,0.234
22-03-21,1.464,10075285754.065,428921894.702,0.236
22-03-22,1.466,10063226770.444,467915951.849,0.225
22-03-23,1.506,10339425167.500,584427913.615,0.215
22-03-24,1.554,10680221041.511,581086517.922,0.214
22-03-25,1.629,11198226602.067,772819488.637,0.218
22-03-26,1.579,10867692232.918,699044668.475,0.220
22-03-27,1.609,11083688050.916,434047210.038,0.206
22-03-28,1.691,11611983801.188,575455794.706,0.209
22-03-29,1.658,11490538539.171,795308146.569,0.206
22-03-30,1.674,11481806387.595,772381037.146,0.177
22-03-31,1.684,11596193020.520,769173719.375,0.177
22-04-01,1.618,11093895130.333,859132931.218,0.181
22-04-02,1.694,11621677576.487,815818644.706,0.184
22-04-03,1.653,11417684078.190,675538479.975,0.170
22-04-04,1.689,11603592975.240,574375495.146,0.170
22-04-05,1.650,11324415698.078,600783977.674,0.164
22-04-06,1.593,10967130280.068,545558224.406,0.168
22-04-07,1.458,10061728980.958,812952829.157,0.189
22-04-08,1.513,10409621379.143,619723630.141,0.188
22-04-09,1.436,9813486207.355,556074078.911,0.190
22-04-10,1.465,10076900012.989,379334558.987,0.189
22-04-11,1.432,9898004486.738,328863937.713,0.191
22-04-12,1.333,9176899513.299,601166598.462,0.202
22-04-13,1.395,9584479144.870,773182242.867,0.207
22-04-14,1.422,9782060333.490,606577963.021,0.208
22-04-15,1.374,9449433345.874,583205463.057,0.200
22-04-16,1.397,9596445689.875,359468034.075,0.201
22-04-17,1.392,9576863010.125,264674666.278,0.198
22-04-18,1.339,9201028260.085,282771795.750,0.200
22-04-19,1.424,9771070453.241,643820561.400,0.207
22-04-20,1.428,9820290385.827,517228519.809,0.207
22-04-21,1.419,9750765125.777,546046366.412,0.205
22-04-22,1.381,9477491240.121,602080218.809,0.204
22-04-23,1.399,9617251027.916,1135720272.076,0.197
22-04-24,1.366,9399762370.127,451299536.219,0.197
22-04-25,1.343,9264903716.231,379225603.114,0.195
22-04-26,1.353,9300396707.277,655748353.102,0.187
22-04-27,1.243,8512194352.923,532313339.458,0.201
22-04-28,1.258,8637659302.091,478611677.562,0.201
22-04-29,1.238,8490435102.559,421890229.143,0.201
22-04-30,1.141,7860500995.767,590817901.365,0.211
22-05-01,1.040,7104638793.497,527470696.873,0.215
22-05-02,1.102,7579995719.762,687161357.623,0.228
22-05-03,1.077,7388717183.020,654214298.651,0.225
22-05-04,1.076,7390559745.466,490318489.824,0.225
22-05-05,1.171,8030355470.963,668850015.208,0.246
22-05-06,1.066,7314940089.781,638399466.262,0.248
22-05-07,1.044,7187279644.421,649216084.526,0.243
22-05-08,1.022,7041795695.842,529716455.681,0.240
22-05-09,0.974,6696374328.856,484340945.963,0.240
22-05-10,0.826,5684212091.566,966588420.180,0.277
22-05-11,0.891,6106093771.125,1523427585.222,0.288
22-05-12,0.664,4278135543.643,1869353657.025,0.370
22-05-13,0.602,4154826688.910,1123279236.954,0.374
22-05-14,0.665,4585487676.927,865464960.395,0.396
22-05-15,0.687,4716401934.662,568603150.724,0.398
22-05-16,0.736,5036766006.619,459856541.872,0.409
22-05-17,0.676,4654880111.787,525639050.728,0.413
22-05-18,0.729,5026948744.400,571446482.903,0.416
22-05-19,0.626,4323957131.633,466957355.597,0.433
22-05-20,0.662,4554366760.731,525568543.935,0.440
22-05-21,0.636,4379667797.752,379578756.477,0.440
22-05-22,0.650,4475487697.499,247634845.373,0.441
22-05-23,0.679,4668514225.342,289040355.838,0.446
22-05-24,0.641,4409807571.815,437056652.812,0.448
22-05-25,0.661,4536429895.636,425161291.613,0.450
22-05-26,0.648,4451830830.086,355951261.551,0.445
22-05-27,0.602,4142648729.155,559324525.801,0.447
22-05-28,0.574,3940247375.265,502314601.759,0.448
22-05-29,0.588,4054417494.920,269130656.434,0.446
22-05-30,0.599,4115308342.707,244872518.979,0.442
22-05-31,0.658,4511365813.269,416050096.510,0.450
22-06-01,0.663,4554325282.526,475891135.063,0.451
22-06-02,0.603,4144902804.607,426407484.147,0.457
22-06-03,0.619,4261946677.847,336802526.726,0.446
22-06-04,0.590,4038312449.044,259206843.816,0.441
22-06-05,0.597,4085701248.644,170980602.225,0.442
22-06-06,0.598,4118430531.992,179276240.609,0.443
22-06-07,0.632,4351837741.338,356466816.703,0.447
22-06-08,0.618,4263393048.464,317985345.878,0.423
22-06-09,0.607,4172612954.413,288846128.083,0.414
22-06-10,0.633,4345939948.846,265657500.793,0.330
22-06-11,0.595,4087062146.149,438202138.133,0.322
22-06-12,0.538,3696949485.383,342612381.072,0.317
22-06-13,0.505,3483870740.237,366943365.256,0.319
22-06-14,0.428,2901527879.186,739606134.866,0.339
22-06-15,0.416,2859677621.134,570463469.389,0.333
22-06-16,0.436,2976144053.169,640345295.767,0.325
22-06-17,0.382,2619796087.662,400970429.740,0.319
22-06-18,0.401,2757262368.453,271202802.503,0.317
22-06-19,0.347,2370001610.324,463036968.713,0.338
22-06-20,0.382,2622846854.631,441799886.075,0.357
22-06-21,0.401,2756965133.985,458928430.304,0.357
22-06-22,0.418,2878825722.349,539366486.457,0.360
22-06-23,0.459,3666199046.450,676671915.565,0.374
22-06-24,0.562,4548010279.434,1281559276.806,0.441
22-06-25,0.616,4878241551.934,1049081267.456,0.446
22-06-26,0.601,4798795887.018,598471148.952,0.444
22-06-27,0.565,4519546181.616,459325778.043,0.448
22-06-28,0.532,4250615231.349,605919650.649,0.451
22-06-29,0.511,4072971402.394,705616050.588,0.441
22-06-30,0.496,3966371079.834,1005500438.820,0.442
22-07-01,0.471,3689260349.773,920430142.086,0.435
22-07-02,0.463,3750457768.824,714040405.596,0.434
22-07-03,0.495,3923070112.192,464167992.522,0.438
22-07-04,0.461,3696589405.339,409951261.856,0.443
22-07-05,0.493,3947266949.975,443254114.832,0.449
22-07-06,0.511,4092200898.308,889418997.748,0.446
22-07-07,0.526,4208885628.500,684258059.349,0.447
22-07-08,0.563,4507799758.953,575323586.375,0.453
22-07-09,0.612,4907093838.390,918617349.871,0.459
22-07-10,0.589,4715132637.062,404843100.545,0.456
22-07-11,0.571,4575205398.952,344233462.087,0.447
22-07-12,0.564,4523838230.268,631239942.397,0.442
22-07-13,0.542,4381619560.262,642183017.997,0.412
22-07-14,0.637,5109391354.174,948685911.213,0.441
22-07-15,0.705,5673324161.838,1696874294.349,0.449
22-07-16,0.705,5651168515.501,1133893606.078,0.425
22-07-17,0.727,5810959089.600,662491425.441,0.424
22-07-18,0.754,6071112236.299,864672592.752,0.392
22-07-19,0.960,7652866036.673,2458672615.922,0.456
22-07-20,0.925,7391064791.966,1329365984.250,0.461
22-07-21,0.836,6736795823.565,1402500308.488,0.479
22-07-22,0.908,7292411412.805,1538484391.840,0.477
22-07-23,0.854,6824184489.569,999669023.211,0.438
22-07-24,0.879,7039160045.238,658554964.198,0.431
22-07-25,0.886,7115760937.257,682972237.780,0.429
22-07-26,0.779,6320441009.467,846735707.992,0.444
22-07-27,0.779,6198187941.693,747019777.628,0.438
22-07-28,0.893,7116221721.872,1202517514.872,0.453
22-07-29,0.937,7491088979.776,1740818377.602,0.450
22-07-30,0.943,7633318476.930,1310322487.973,0.444
22-07-31,0.930,7433846134.590,753963332.613,0.444
22-08-01,0.930,7457474067.138,919699920.549,0.443
22-08-02,0.896,6668485779.636,685563111.733,0.437
22-08-03,0.884,6620524506.770,686570660.058,0.437
22-08-04,0.890,6588769611.842,505223917.783,0.437
22-08-05,0.894,6640591265.377,422079968.928,0.437
22-08-06,0.927,6890164347.620,524599028.195,0.434
22-08-07,0.909,6768766410.936,324828392.261,0.431
22-08-08,0.908,6755218292.030,250570358.953,0.427
22-08-09,0.923,6871763919.666,443970926.144,0.424
22-08-10,0.887,6600739899.263,3368897069.990,0.427
22-08-11,0.939,6983805578.365,456059499.736,0.425
22-08-12,0.922,6853167615.219,421476950.586,0.396
22-08-13,0.935,6953125558.111,292383974.004,0.384
22-08-14,1.027,7632432131.560,919659138.804,0.394
22-08-15,1.002,7455491485.967,567962035.053,0.395
22-08-16,0.955,7095440285.182,526625660.269,0.399
22-08-17,0.938,6969140497.761,400687789.869,0.293
22-08-18,0.886,6581323410.318,464627017.166,0.296
22-08-19,0.862,6430890359.749,373205324.309,0.281
22-08-20,0.775,5751799999.290,685105426.181,0.285
22-08-21,0.788,5859970334.631,490927194.374,0.280
22-08-22,0.824,6134612489.791,389520150.594,0.282
22-08-23,0.810,6018906495.891,361304920.406,0.283
22-08-24,0.833,6203110007.330,360259597.701,0.255
22-08-25,0.813,6042927679.639,318863248.838,0.257
22-08-26,0.820,6105922682.185,267258917.809,0.210
22-08-27,0.764,5667422255.038,551362472.150,0.213
22-08-28,0.809,6015705192.295,483838952.431,0.222
22-08-29,0.789,5892264077.395,372122225.370,0.223
22-08-30,0.819,6102550520.138,451440201.696,0.227
22-08-31,0.815,6080652075.179,436838673.577,0.224
22-09-01,0.832,6186959627.576,426296939.401,0.225
22-09-02,0.888,6596954692.405,601804846.593,0.235
22-09-03,0.872,6485351920.240,498720446.287,0.236
22-09-04,0.890,6621985993.535,253961976.101,0.234
22-09-05,0.895,6658245705.933,246579672.825,0.233
22-09-06,0.882,6556512814.083,277384284.303,0.233
22-09-07,0.821,6131910721.482,619639302.905,0.243
22-09-08,0.843,6275575614.516,408353852.475,0.241
22-09-09,0.844,6279070113.860,347229868.752,0.234
22-09-10,0.891,6630987650.648,424014785.879,0.240
22-09-11,0.906,6740658731.926,367941194.660,0.240
22-09-12,0.893,6637592269.498,282482578.637,0.218
22-09-13,0.928,6899343330.410,651815843.252,0.221
22-09-14,0.848,6304453460.262,704197218.632,0.233
22-09-15,0.866,6425975473.763,395758505.064,0.233
22-09-16,0.824,6145957383.291,419521476.487,0.232
22-09-17,0.806,5998413317.743,327190574.274,0.231
22-09-18,0.831,6176611909.317,199873115.168,0.209
22-09-19,0.755,5622326610.834,353075588.947,0.229
22-09-20,0.768,5719295125.714,396108152.416,0.225
22-09-21,0.734,5453960237.486,308953037.266,0.228
22-09-22,0.705,5242222186.932,480373708.167,0.229
22-09-23,0.755,5610634454.112,369469900.406,0.240
22-09-24,0.779,5811859992.282,442195657.454,0.242
22-09-25,0.755,5615198731.245,281681714.453,0.234
22-09-26,0.741,5504261412.492,248277201.190,0.227
22-09-27,0.755,5606010480.895,368862888.608,0.227
22-09-28,0.740,5522497753.115,464058888.375,0.224
22-09-29,0.749,5564992773.265,296018550.232,0.224
22-09-30,0.764,5676055385.636,291608309.340,0.224
22-10-01,0.778,5796979274.009,356785192.477,0.213
22-10-02,0.766,5698548985.191,168683287.315,0.213
22-10-03,0.766,5725807486.028,197191598.210,0.212
22-10-04,0.802,5970604443.116,330858096.935,0.218
22-10-05,0.837,6225483737.820,388405589.533,0.222
22-10-06,0.852,6343091570.464,393729942.451,0.211
22-10-07,0.833,6197581385.962,318858799.487,0.211
22-10-08,0.829,6164632907.197,255984076.075,0.211
22-10-09,0.813,6050577863.919,159975642.187,0.204
22-10-10,0.825,6120273065.394,153133565.740,0.204
22-10-11,0.817,6090701816.058,291417098.656,0.204
22-10-12,0.791,5873817343.079,270250119.455,0.201
22-10-13,0.783,5833656185.463,168674941.618,0.183
22-10-14,0.776,5779207230.255,414206793.522,0.181
22-10-15,0.793,5885539507.514,329041417.883,0.176
22-10-16,0.792,5897346924.712,193354278.560,0.175
22-10-17,0.800,5946551730.325,153822962.092,0.172
22-10-18,0.849,6318260454.226,301023951.649,0.156
22-10-19,0.867,6446304309.982,516317909.422,0.157
22-10-20,0.845,6280469618.031,457904621.832,0.151
22-10-21,0.810,6024618382.213,453285832.154,0.152
22-10-22,0.832,6181860297.167,449362428.641,0.138
22-10-23,0.833,6197472372.545,256942444.522,0.135
22-10-24,0.901,6692506130.926,409671122.707,0.152
22-10-25,0.893,6651057125.130,581839015.651,0.150
22-10-26,0.920,6847026207.393,616697525.648,0.152
22-10-27,0.939,8300725301.146,660211002.227,0.150
22-10-28,0.906,8024258013.301,582851074.204,0.156
22-10-29,0.943,8345609660.702,466113977.245,0.159
22-10-30,0.934,8269557092.203,437965680.236,0.160
22-10-31,0.908,8033971855.329,377024759.773,0.162
22-11-01,0.903,8005095416.012,383305355.822,0.162
22-11-02,0.875,7773136396.836,312179180.714,0.161
22-11-03,0.873,7720252188.119,673639285.111,0.155
22-11-04,0.953,8425736640.250,1157865657.757,0.179
22-11-05,1.168,10350997621.465,2558319520.646,0.283
22-11-06,1.183,10463471971.993,1517804834.758,0.282
22-11-07,1.138,10108416650.588,915801743.852,0.285
22-11-08,1.246,11014195656.519,1969809487.002,0.297
22-11-09,1.048,9352725984.624,2741256338.229,0.344
22-11-10,0.807,7128507565.038,1944139600.573,0.418
22-11-11,1.130,9955622753.768,2496413269.924,0.575
22-11-12,1.074,9455699731.019,1728010270.574,0.579
22-11-13,0.939,8308495722.624,961869813.898,0.596
22-11-14,0.894,7853911575.347,704345655.899,0.598
22-11-15,0.917,8162003036.020,1122218371.285,0.599
22-11-16,0.942,8362584084.659,768614615.148,0.597
22-11-17,0.903,8001234674.028,524780913.635,0.599
22-11-18,0.875,7767432124.259,512512534.812,0.599
22-11-19,0.882,7819659584.701,349051204.711,0.597
22-11-20,0.878,7787067438.007,265194585.285,0.597
22-11-21,0.810,7182765475.266,438460418.932,0.603
22-11-22,0.797,7085349963.741,656136136.282,0.598
22-11-23,0.850,7564738182.382,792278238.811,0.601
22-11-24,0.862,7666763892.678,528799151.914,0.601
22-11-25,0.851,7541159392.138,414705327.275,0.601
22-11-26,0.845,7503824539.608,271193304.797,0.599
22-11-27,0.848,7523533290.361,267347436.319,0.598
22-11-28,0.846,7517236276.442,212083120.189,0.598
22-11-29,0.824,7306996800.802,343515443.144,0.598
22-11-30,0.839,7457644394.147,248826726.132,0.598
22-12-01,0.933,8251535423.802,561107825.933,0.607
22-12-02,0.909,8066131157.522,540961839.161,0.608
22-12-03,0.949,8346959552.973,420572699.864,0.603
22-12-04,0.905,8036159288.691,258064130.750,0.559
22-12-05,0.923,8178666927.663,195904715.124,0.559
22-12-06,0.913,8087709678.416,377934113.661,0.558
22-12-07,0.918,8120171108.967,279177907.158,0.549
22-12-08,0.898,7972110222.834,358676385.797,0.527
22-12-09,0.928,8231930239.703,320166974.345,0.471
22-12-10,0.910,8151563970.192,263294356.354,0.240
22-12-11,0.909,8121007388.744,185573515.534,0.235
22-12-12,0.893,7991411615.572,163531737.784,0.200
22-12-13,0.910,8161918481.379,276156345.307,0.195
22-12-14,0.922,8251521009.431,516939386.783,0.194
22-12-15,0.904,8097689060.692,375702345.956,0.193
22-12-16,0.875,7849191341.131,284336710.797,0.191
22-12-17,0.797,7083644664.468,471903081.071,0.209
22-12-18,0.817,7313142949.371,311214202.706,0.211
22-12-19,0.816,7318051314.340,172138639.832,0.211
22-12-20,0.773,6934144981.065,373030954.542,0.202
22-12-21,0.803,7186694195.700,369925952.520,0.206
22-12-22,0.793,7091705795.880,206647414.797,0.194
22-12-23,0.796,7129757382.028,221982059.802,0.194
22-12-24,0.799,7163370853.066,185552258.209,0.193
22-12-25,0.796,7142671315.422,106014730.282,0.193
22-12-26,0.795,7119141481.363,128275207.963,0.193
22-12-27,0.815,7299921309.570,155190251.179,0.195
22-12-28,0.806,7216077572.405,218021765.758,0.194
22-12-29,0.783,7011501580.487,244474623.196,0.195
22-12-30,0.777,6970717837.035,199909137.002,0.155
22-12-31,0.761,6824071644.907,245275838.890,0.155
23-01-01,0.759,6808119593.556,133538052.219,0.146
23-01-02,0.760,6814193905.845,116806011.049,0.141
23-01-03,0.781,7013098945.749,217752810.698,0.143
23-01-04,0.781,6998532947.365,189225586.783,0.143
23-01-05,0.807,7232644943.640,326618921.560,0.147
23-01-06,0.789,7074065160.039,200865816.757,0.147
23-01-07,0.800,7173744687.253,227568151.654,0.143
23-01-08,0.807,7234811188.755,160429094.122,0.143
23-01-09,0.839,7530520556.528,223379749.924,0.150
23-01-10,0.844,7578139977.060,501257748.963,0.149
23-01-11,0.859,7693817747.815,269409608.777,0.149
23-01-12,0.898,8053842351.547,328372761.463,0.155
23-01-13,0.914,8187385298.489,645784297.745,0.155
23-01-14,0.932,8360594098.001,429818656.940,0.153
23-01-15,1.000,8968961020.541,1116439033.276,0.137
23-01-16,0.983,8803385823.396,460749897.205,0.138
23-01-17,1.019,9140805245.320,781984769.905,0.141
23-01-18,0.997,8932908459.083,487463909.399,0.129
23-01-19,0.942,8443675001.394,588070575.893,0.141
23-01-20,0.951,8542198760.310,374726345.206,0.140
23-01-21,1.025,9166213971.894,448608856.343,0.156
23-01-22,0.990,8878636279.250,565946028.072,0.162
23-01-23,0.995,8921419880.601,498799334.210,0.162
23-01-24,0.998,8947707085.767,457729871.179,0.161
23-01-25,0.955,8569184234.375,532519445.267,0.168
23-01-26,0.994,8931768535.121,517599646.931,0.171
23-01-27,1.110,9897992250.063,1142461370.326,0.198
23-01-28,1.158,10395025687.777,1084965995.436,0.199
23-01-29,1.143,10296560674.829,678731622.853,0.198
23-01-30,1.178,10588253602.019,697479085.901,0.197
23-01-31,1.088,9785298677.809,663395092.344,0.217
23-02-01,1.111,9983569302.074,433238266.751,0.217
23-02-02,1.197,10771475030.722,691848606.039,0.226
23-02-03,1.188,10704645799.599,931304485.657,0.226
23-02-04,1.247,11236705079.822,765991796.700,0.226
23-02-05,1.252,11296727355.314,604152817.907,0.226
23-02-06,1.206,10856404609.486,618570068.637,0.232
23-02-07,1.191,10735268900.221,459313077.599,0.232
23-02-08,1.270,11421289116.430,616577111.451,0.238
23-02-09,1.306,11776236853.281,1020632170.008,0.239
23-02-10,1.228,11083166419.519,1384189160.495,0.248
23-02-11,1.230,11103759266.319,1123485499.130,0.248
23-02-12,1.253,11282689892.870,499331393.570,0.248
23-02-13,1.238,11159353454.986,590451069.198,0.241
23-02-14,1.187,10687997898.000,831203562.264,0.244
23-02-15,1.260,11343038345.486,828145360.401,0.248
23-02-16,1.330,11947313168.063,734667758.410,0.251
23-02-17,1.379,12331121100.355,1323638881.568,0.242
23-02-18,1.531,13811854407.362,1546552729.614,0.260
23-02-19,1.487,13388009593.511,862203416.300,0.257
23-02-20,1.478,13366299049.627,831586912.118,0.253
23-02-21,1.472,13257555883.484,742380431.247,0.254
23-02-22,1.383,12429279969.610,911724010.594,0.264
23-02-23,1.397,12567744054.296,878694131.691,0.258
23-02-24,1.356,12168680263.746,593146089.799,0.260
23-02-25,1.265,11448552858.953,672249818.076,0.248
23-02-26,1.247,11256384041.095,550637275.654,0.246
23-02-27,1.279,11554221987.899,507027024.244,0.246
23-02-28,1.234,11168181473.629,607486181.712,0.248
23-03-01,1.194,10797134762.811,566189249.417,0.237
23-03-02,1.245,11281305083.803,588026107.522,0.240
23-03-03,1.224,11081064846.054,494678383.693,0.229
23-03-04,1.170,10574340887.593,678975750.442,0.233
23-03-05,1.126,10195528387.433,368346099.715,0.230
23-03-06,1.137,10275944319.969,345003533.848,0.230
23-03-07,1.132,10245084465.827,349572358.557,0.228
23-03-08,1.150,10366293652.718,550471850.271,0.228
23-03-09,1.055,9578386255.233,628867676.258,0.232
23-03-10,1.016,9156618781.411,782246255.645,0.231
23-03-11,1.059,9600190099.846,994245060.246,0.230
23-03-12,1.059,9555686145.971,779632616.445,0.230
23-03-13,1.154,10393392585.716,827210538.949,0.247
23-03-14,1.192,10787985166.502,1089607634.528,0.250
23-03-15,1.201,10870848199.793,1146436551.448,0.246
23-03-16,1.117,10140736667.456,911166789.896,0.248
23-03-17,1.157,10511486875.816,580180005.037,0.244
23-03-18,1.225,11104302891.160,659341283.069,0.249
23-03-19,1.176,10692990717.911,699201404.268,0.222
23-03-20,1.176,10732027908.000,566849265.768,0.221
23-03-21,1.111,10084620670.753,787045150.372,0.226
23-03-22,1.161,10520949376.323,528381458.611,0.232
23-03-23,1.116,10122646689.311,634645813.723,0.228
23-03-24,1.141,10338107445.929,407982918.380,0.230
23-03-25,1.097,10021656538.200,516773938.837,0.231
23-03-26,1.085,9847498687.747,389099438.179,0.222
23-03-27,1.106,10083636610.173,338075333.298,0.223
23-03-28,1.049,9524331359.606,478436361.321,0.226
23-03-29,1.088,9879626491.273,392334162.890,0.228
23-03-30,1.125,10208266529.154,456450386.919,0.229
23-03-31,1.093,9918650447.622,439749928.820,0.226
23-04-01,1.119,10176687054.127,364579778.153,0.227
23-04-02,1.112,10100312145.015,251528936.839,0.223
23-04-03,1.098,9986972063.189,228238079.788,0.220
23-04-04,1.097,9985089701.090,396088971.391,0.220
23-04-05,1.140,10345658626.307,411163628.704,0.223
23-04-06,1.142,10379039323.709,367890233.501,0.222
23-04-07,1.114,10112608096.543,264441231.046,0.207
23-04-08,1.109,10069557168.270,244219432.260,0.203
23-04-09,1.103,10119229488.681,189505673.208,0.199
23-04-10,1.102,10102783871.705,231318669.173,0.199
23-04-11,1.121,10314752688.004,265393336.106,0.178
23-04-12,1.114,10266880211.680,293005173.517,0.175
23-04-13,1.104,10185265280.991,334852243.927,0.175
23-04-14,1.135,10462837802.959,315609156.171,0.162
23-04-15,1.162,10722978271.417,629610702.729,0.160
23-04-16,1.173,10826788174.405,361190554.478,0.148
23-04-17,1.184,10916046232.973,282114383.959,0.143
23-04-18,1.155,10632412457.660,387215299.906,0.145
23-04-19,1.171,10802156964.933,354632385.583,0.134
23-04-20,1.084,9994733480.348,555927362.649,0.147
23-04-21,1.047,9653181078.604,416808511.012,0.146
23-04-22,1.013,9337273804.916,348497667.149,0.147
23-04-23,1.028,9475462463.863,218601156.169,0.144
23-04-24,1.004,9235052766.693,279418672.475,0.145
23-04-25,0.991,9159787561.590,356186596.150,0.144
23-04-26,1.008,9323613810.171,380038937.581,0.136
23-04-27,0.985,9109178256.633,574610807.210,0.132
23-04-28,1.013,9361602569.291,407089535.744,0.131
23-04-29,0.999,9238278030.166,307655749.894,0.129
23-04-30,1.002,9269391585.305,213162869.955,0.126
23-05-01,0.986,9117104726.971,235661790.899,0.126
23-05-02,0.962,8891287112.528,278746152.196,0.128
23-05-03,0.977,9037635787.983,234876596.965,0.129
23-05-04,1.006,9306485624.447,358845210.488,0.127
23-05-05,0.983,9094614803.355,227752798.556,0.128
23-05-06,0.998,9232675399.987,270599091.401,0.128
23-05-07,0.978,9045816411.419,291959594.573,0.129
23-05-08,0.968,8940762393.117,204743893.789,0.129
23-05-09,0.901,8322795666.164,444614581.307,0.144
23-05-10,0.877,8111034888.485,348330705.244,0.144
23-05-11,0.878,8124795144.337,395328006.085,0.144
23-05-12,0.844,7803797563.177,322730188.171,0.147
23-05-13,0.866,8015243890.142,401223674.638,0.147
23-05-14,0.849,7875188180.572,181612414.212,0.144
23-05-15,0.860,7961709376.810,170384052.783,0.144
23-05-16,0.862,7963184552.156,208447838.277,0.143
23-05-17,0.846,7819486486.165,228218778.454,0.143
23-05-18,0.888,8233716344.591,331024154.595,0.153
23-05-19,0.872,8116167481.465,302635222.819,0.138
23-05-20,0.872,8091675378.552,210067043.498,0.135
23-05-21,0.877,8140873968.071,134018202.329,0.133
23-05-22,0.858,7966721495.893,125912800.461,0.132
23-05-23,0.873,8101225874.086,186421239.964,0.133
23-05-24,0.890,8259779880.627,212609576.383,0.135
23-05-25,0.875,8128562912.818,241556781.451,0.134
23-05-26,0.891,8262326091.668,290599955.752,0.134
23-05-27,0.912,8468869133.893,413597567.504,0.133
23-05-28,0.921,8550570766.872,196192824.277,0.133
23-05-29,0.942,8754664539.477,224339311.223,0.135
23-05-30,0.909,8449417552.132,262435341.329,0.139
23-05-31,0.902,8372517531.231,291061438.269,0.137
23-06-01,0.895,8309164581.828,208808381.075,0.136
23-06-02,0.889,8249392496.588,172184320.530,0.132
23-06-03,0.901,8358570805.344,177358555.826,0.131
23-06-04,0.900,8347700749.711,110711645.917,0.130
23-06-05,0.895,8301527711.337,127741048.403,0.129
23-06-06,0.836,7767715991.940,304057445.442,0.143
23-06-07,0.824,7649048047.961,451009686.948,0.127
23-06-08,0.766,7111104598.658,380465231.240,0.142
23-06-09,0.782,7265177741.070,220638853.306,0.144
23-06-10,0.727,6737258525.241,383717451.583,0.155
23-06-11,0.615,5695372290.942,1238940130.144,0.212
23-06-12,0.635,5896679522.632,593468776.536,0.216
23-06-13,0.644,5973030500.980,441457585.265,0.216
23-06-14,0.644,5976066645.916,388529217.608,0.216
23-06-15,0.619,5754983325.430,292256079.014,0.217
23-06-16,0.590,5484358852.774,577387031.004,0.212
23-06-17,0.590,5477181698.024,462833127.739,0.212
23-06-18,0.614,5705449961.977,384769783.422,0.218
23-06-19,0.596,5536546059.550,217885793.773,0.218
23-06-20,0.613,5698425037.898,180931294.210,0.222
23-06-21,0.630,5853866015.414,216600113.308,0.223
23-06-22,0.670,6228029346.959,356894274.643,0.233
23-06-23,0.657,6111533967.506,370705491.573,0.233
23-06-24,0.674,6255377247.112,273497080.358,0.235
23-06-25,0.655,6078502893.760,198345075.666,0.233
23-06-26,0.667,6194013100.652,201008665.424,0.234
23-06-27,0.645,5980435730.559,194099798.907,0.232
23-06-28,0.664,6188003272.649,187110145.725,0.235
23-06-29,0.614,5738565921.323,276368661.208,0.244
23-06-30,0.624,5823275047.546,178122802.428,0.245
23-07-01,0.661,6156016588.622,371397060.403,0.255
23-07-02,0.676,6294542562.172,177632823.801,0.256
23-07-03,0.681,6338767966.085,166082163.887,0.256
23-07-04,0.713,6652835348.826,273658437.561,0.262
23-07-05,0.697,6512885008.532,201285147.273,0.256
23-07-06,0.671,6259604465.863,224288121.881,0.258
23-07-07,0.665,6208407382.505,316597138.006,0.249
23-07-08,0.676,6295315197.454,191478857.396,0.248
23-07-09,0.680,6335031673.981,136750559.383,0.239
23-07-10,0.688,6405797170.453,181954899.926,0.180
23-07-11,0.736,6843381556.843,435657936.262,0.189
23-07-12,0.741,6909495755.817,261681787.951,0.189
23-07-13,0.725,6759951342.861,244259015.381,0.191
23-07-14,0.849,7883766311.973,846584250.080,0.249
23-07-15,0.809,7536468628.735,510486152.382,0.249
23-07-16,0.799,7443608463.232,209246322.078,0.249
23-07-17,0.768,7147302682.445,225143858.520,0.253
23-07-18,0.779,7254019042.212,308963692.947,0.250
23-07-19,0.737,6867348723.353,282967899.809,0.257
23-07-20,0.745,6936074479.764,239510408.514,0.256
23-07-21,0.766,7151323379.332,335689194.457,0.250
23-07-22,0.771,7185782864.701,202307952.211,0.249
23-07-23,0.744,6931886231.541,159632808.356,0.251
23-07-24,0.758,7061007029.559,140128117.940,0.249
23-07-25,0.728,6784183694.416,235280654.616,0.253
23-07-26,0.708,6594713436.614,184399244.374,0.252
23-07-27,0.722,6725016303.119,263009020.114,0.251
23-07-28,0.716,6674279840.882,164813978.540,0.238
23-07-29,0.709,6616198707.875,150537514.596,0.238
23-07-30,0.719,6697406560.599,128806539.983,0.232
23-07-31,0.698,6502489361.019,185550994.350,0.233
23-08-01,0.688,6418228698.294,177306551.454,0.234
23-08-02,0.699,6492391238.910,271032028.903,0.229
23-08-03,0.680,6342066768.249,233318010.436,0.230
23-08-04,0.668,6234811721.412,262318384.798,0.227
23-08-05,0.664,6185979682.368,197415579.580,0.227
23-08-06,0.666,6206279620.455,166073559.474,0.227
23-08-07,0.666,6203948011.117,173231784.642,0.227
23-08-08,0.665,6191995674.147,254759886.181,0.226
23-08-09,0.686,6391313362.621,297403734.929,0.217
23-08-10,0.691,6439732264.765,231154425.859,0.217
23-08-11,0.685,6379581851.605,222004625.458,0.216
23-08-12,0.680,6341535789.378,152154650.954,0.122
23-08-13,0.681,6347833356.582,95638205.506,0.115
23-08-14,0.677,6307322847.821,118008279.549,0.115
23-08-15,0.679,6336256800.835,166756960.613,0.110
23-08-16,0.639,5926651450.428,249674156.834,0.121
23-08-17,0.624,5814617620.039,327159853.326,0.113
23-08-18,0.572,5351346881.449,409995328.612,0.136
23-08-19,0.577,5381633677.373,294450925.806,0.132
23-08-20,0.577,5372072923.040,172561225.368,0.131
23-08-21,0.580,5401420735.903,173585550.192,0.129
23-08-22,0.557,5200049512.913,252254551.861,0.129
23-08-23,0.548,5109250193.379,321635505.843,0.126
23-08-24,0.557,5190010372.853,305985780.499,0.127