time,prices,market_cap,total_volumes
2020-04-11,0.96,7827651.892659198,92672667.43447028
2020-04-12,0.78,6173607.678345317,49458692.875223994
2020-04-13,0.88,7269680.447445141,37821009.955602355
2020-04-14,0.79,6302364.150584625,19579214.89293177
2020-04-15,0.67,5306221.06575891,17523533.049867075
2020-04-16,0.64,5114653.932636794,12659541.408408837
2020-04-17,0.69,5505929.486978686,23132895.9095158
2020-04-18,0.66,5348323.975349362,10227034.752456626
2020-04-19,0.68,5423066.285864263,10199318.163159857
2020-04-20,0.61,4844617.211182358,9789186.730548004
2020-04-21,0.53,4285479.154681022,8763891.031037511
2020-04-22,0.57,4591546.761226098,9610841.993019182
2020-04-23,0.68,5446538.173850838,18146790.14448149
2020-04-24,0.62,4909586.999036558,13659849.485801896
2020-04-25,0.62,5027193.620409137,8959427.13964603
2020-04-26,0.65,5173619.233465031,7324961.274114759
2020-04-27,0.64,5137791.330825961,8493459.048447348
2020-04-28,0.57,4616001.375155629,7534010.521157354
2020-04-29,0.66,5283691.351331575,7387289.032147021
2020-04-30,0.74,5897415.537215416,8964597.270530097
2020-05-01,0.69,5635423.505964131,5182978.537733341
2020-05-02,0.72,5735879.899599453,4174109.6429038513
2020-05-03,0.71,5669404.169981707,3457574.5570013877
2020-05-04,0.69,5486412.385664286,3375393.730010124
2020-05-05,0.67,5354861.583908894,3467483.256730908
2020-05-06,0.65,5195811.6286706,2903980.8568524625
2020-05-07,0.62,5010066.054780242,2715223.2877061805
2020-05-08,0.61,4874818.721855924,3385522.0174709754
2020-05-09,0.61,4827334.908169065,2493703.55942783
2020-05-10,0.6,4816707.909418276,2126230.1519960337
2020-05-11,0.54,4324416.949285259,2370841.7230691817
2020-05-12,0.51,4171226.2991002905,2113480.526002199
2020-05-13,0.53,4266741.231304909,2182277.4116870984
2020-05-14,0.55,4413742.897500913,2337721.3827509126
2020-05-15,0.57,4570789.918376839,548910.1111122454
2020-05-16,0.56,4432087.508991812,1837728.914580343
2020-05-17,0.6,4752035.386171752,2286736.274938201
2020-05-18,0.62,4898008.357759836,2950437.821089827
2020-05-19,0.65,5213969.633802138,3280890.995949265
2020-05-20,0.62,4996233.199332481,2375972.6144311675
2020-05-21,0.58,4629608.829738474,2306268.656301432
2020-05-22,0.61,4853042.594897839,2791803.410911919
2020-05-23,0.61,4919865.806567834,3449950.8698416166
2020-05-24,0.61,4866957.615424991,2624526.4581755586
2020-05-25,0.55,4374843.160369413,2831384.6236669393
2020-05-26,0.6,4809730.17960867,4453912.36455054
2020-05-27,0.57,4598505.351008801,2703457.5841550757
2020-05-28,0.59,4715158.090275346,2545885.09382515
2020-05-29,0.57,9366383.783941554,2654599.496858454
2020-05-30,0.58,9427078.266084636,2051249.6504508469
2020-05-31,0.59,9591470.33610501,2439529.3289575824
2020-06-01,0.58,9399234.951485896,1936502.3610925872
2020-06-02,0.58,9424972.586161828,2232352.346863049
2020-06-03,0.57,9310563.109433705,1384105.1497734163
2020-06-04,0.59,9614805.94741188,888236.6647254211
2020-06-05,0.59,9543805.262487222,863889.7763493777
2020-06-06,0.66,10747702.95638117,4253926.368138953
2020-06-07,0.63,10180036.835310562,1644975.9479360643
2020-06-08,0.62,10138083.793723866,778127.9330190483
2020-06-09,0.67,10913789.386770498,1450401.0511809927
2020-06-10,0.66,10726797.093153996,934660.1510810163
2020-06-11,0.65,10648020.65447342,1145633.2872963657
2020-06-12,0.57,9341515.406268213,1164520.213589104
2020-06-13,0.59,9722321.601662131,962192.2023448921
2020-06-14,0.61,9955797.604756866,753788.2633049818
2020-06-15,0.59,9583560.125035353,915552.325663399
2020-06-16,0.57,9320494.000741212,1052111.2592694547
2020-06-17,0.59,9519846.38912149,679085.216200979
2020-06-18,0.58,9549958.35463254,704810.1888912406
2020-06-19,0.62,10224928.435807472,1372641.01989903
2020-06-20,0.69,11247343.894203106,7055205.212782311
2020-06-21,0.64,10673766.043338617,1745226.9861953105
2020-06-22,0.67,11086240.79289364,2287434.9791924166
2020-06-23,0.73,11996277.112687156,1654719.03275172
2020-06-24,0.71,11646898.982503338,1383543.515394181
2020-06-25,0.74,12150092.54225176,2827321.0318965996
2020-06-26,0.71,11741625.189942881,1804323.6591062366
2020-06-27,0.74,12079079.145186102,1673667.3915581722
2020-06-28,0.71,11750514.839677684,1710200.3756398568
2020-06-29,0.8,13136127.952360291,3419777.1925617917
2020-06-30,0.85,14062849.974509096,2179078.5022104667
2020-07-01,0.86,14164459.013979025,4200596.310608971
2020-07-02,0.83,13737840.609279668,1840101.230846373
2020-07-03,0.77,12783903.734507758,1796842.5276823917
2020-07-04,0.77,12672163.175031388,1136961.5458983239
2020-07-05,0.78,12892264.592707587,1683516.1067310176
2020-07-06,0.69,11423393.474284139,3820984.230135418
2020-07-07,0.71,11691026.180906912,1164528.5162276954
2020-07-08,0.75,12435090.742149869,1711217.8737984726
2020-07-09,0.8,13138366.724263769,2258517.8140890417
2020-07-10,0.85,14045120.422821058,2615952.924425641
2020-07-11,0.91,15112460.37027957,1871221.381625289
2020-07-12,0.92,15255277.05816987,1733700.4838324187
2020-07-13,1.02,16696748.621766666,4779890.404796757
2020-07-14,1.18,20428062.235112287,4064986.8593240106
2020-07-15,1.15,19972946.844421286,2236363.0616940595
2020-07-16,1.29,24362181.926540546,3361791.9274219424
2020-07-17,0.87,17274473.46197496,9296866.059843082
2020-07-18,0.98,20917439.75564856,11550958.719088707
2020-07-19,0.97,20602905.143447436,2951092.759333697
2020-07-20,0.92,19624140.864785753,2231346.892892173
2020-07-21,0.87,18811046.939017244,3041235.988885012
2020-07-22,0.98,20859692.480081826,4296502.831840978
2020-07-23,1.04,23288212.437627885,5381567.012406718
2020-07-24,1.06,23621340.96676559,3051275.6707602446
2020-07-25,1.0,22240716.375305213,2030487.6493153644
2020-07-26,1.25,27986367.374513853,9847485.817662286
2020-07-27,1.6,35745817.7886529,9916449.44921899
2020-07-28,1.78,41165009.82828771,34618880.39774075
2020-07-29,1.78,41629008.982130036,9748575.381711468
2020-07-30,1.66,40210662.87394944,11129957.57810826
2020-07-31,1.69,41117076.71814283,5611511.032735667
2020-08-01,1.54,37711209.168728195,5087571.122031662
2020-08-02,1.53,37591996.350815535,4748192.135285872
2020-08-03,1.75,42382004.442631856,6698349.656645603
2020-08-04,1.8,43879557.43250306,5778334.689310662
2020-08-05,1.9,46368816.3139189,5584908.268188476
2020-08-06,1.76,43050611.45569475,5569521.620614501
2020-08-07,2.2,57169342.30736419,10399801.556090286
2020-08-08,2.07,54969359.87215626,7707429.070748664
2020-08-09,2.47,65401183.62573061,10257501.939669047
2020-08-10,2.66,71020175.15382175,11357917.296250584
2020-08-11,3.14,87332088.95472732,22017721.74290488
2020-08-12,3.26,91851887.99480896,34022534.26369051
2020-08-13,3.74,105458413.8307931,27350570.77388378
2020-08-14,3.73,108874815.26710747,28936940.781297173
2020-08-15,3.42,101662334.18190424,19041477.056082636
2020-08-16,3.17,94560197.39791581,13945414.886381749
2020-08-17,3.39,101093049.99744666,10367526.298214646
2020-08-18,3.1,95117475.85564578,11222688.377130892
2020-08-19,3.33,103512572.72250581,29613499.054796744
2020-08-20,2.9,91194729.76245809,15448650.496923096
2020-08-21,3.21,101186302.29256418,13595404.010378797
2020-08-22,2.93,92576368.0854075,12006369.819543839
2020-08-23,3.02,95149797.26079312,10159244.74494122
2020-08-24,3.33,104838610.42033501,11705563.476910876
2020-08-25,3.34,105025071.74355629,15583655.536926841
2020-08-26,3.26,103504610.60526419,12533596.20470018
2020-08-27,3.55,114219136.44905476,22112806.023894925
2020-08-28,3.43,110491240.21623018,21498130.288651012
2020-08-29,4.01,129651597.85797815,26740109.116042912
2020-08-30,3.97,128816760.88101023,14534080.230702233
2020-08-31,4.44,144468272.8412078,22083311.984774828
2020-09-01,4.79,157231078.23530626,19476155.185270272
2020-09-02,4.3,144080731.16918826,16073140.847875303
2020-09-03,4.18,137747076.79202124,23121094.981106814
2020-09-04,3.51,119105104.96979707,27187766.957454216
2020-09-05,3.54,118962336.47400291,17857611.36846
2020-09-06,2.6,87193154.31518938,25742235.853560265
2020-09-07,3.09,103754712.65869252,18512975.690539997
2020-09-08,2.91,99103615.3011978,15992080.626502352
2020-09-09,2.47,85338829.21618006,10503232.091517104
2020-09-10,3.63,121438753.71660663,46180176.27343093
2020-09-11,3.45,118759154.8277774,31817980.375814505
2020-09-12,3.45,121133286.76719753,16519855.116028652
2020-09-13,3.33,116947704.57942767,10193775.121683143
2020-09-14,3.22,112654349.57438488,15375145.93697348
2020-09-15,3.26,118721263.47138277,21853783.60876622
2020-09-16,2.93,107150010.94799854,12635260.000412077
2020-09-17,2.55,94070098.59695262,24795333.687555198
2020-09-18,2.92,107329192.55976476,21791980.63219644
2020-09-19,3.08,115398247.16683203,22533255.903117426
2020-09-20,3.01,113066182.9422364,10943760.457857545
2020-09-21,2.87,107485223.20908946,9294739.741029434
2020-09-22,2.77,105132421.8250733,19270693.968702458
2020-09-23,2.94,110996725.68154047,18874481.49614106
2020-09-24,2.84,107801478.99659243,14564763.145004692
2020-09-25,3.13,118878878.68168245,16633162.873780875
2020-09-26,3.19,122238331.59277275,13618464.796439826
2020-09-27,3.14,121477645.40078653,8801854.27770789
2020-09-28,3.17,124163454.94575258,7557998.443943798
2020-09-29,2.96,115671366.64099684,9309539.826511212
2020-09-30,2.95,117794737.82329232,6850416.403733073
2020-10-01,2.9,116997169.793763,5787535.353310377
2020-10-02,2.87,116446343.764479,8826242.176135253
2020-10-03,2.63,107373602.62220953,14212990.242723487
2020-10-04,2.55,104629198.18132688,5964945.748663193
2020-10-05,2.52,104629072.11208977,7148795.3663304895
2020-10-06,2.65,109983903.67952684,8274088.030812653
2020-10-07,2.17,90510593.136206,12053371.14959094
2020-10-08,2.29,96626244.2271101,14026928.603023551
2020-10-09,2.36,100361073.08665311,18962028.194038983
2020-10-10,2.54,108143704.99926196,14326709.102963934
2020-10-11,2.41,102263473.32540001,10183145.724821746
2020-10-12,2.42,102599664.11189498,7287675.814385024
2020-10-13,2.58,109398780.83412512,15148498.562808538
2020-10-14,2.4,104349414.79795986,13892838.741344552
2020-10-15,2.32,100630989.38907091,10350998.488724299
2020-10-16,2.27,98861299.72953752,8122715.968983821
2020-10-17,2.14,93684534.75782022,15223420.219593452
2020-10-18,2.2,95604758.79489854,6335659.683846947
2020-10-19,2.21,96201418.29928115,5687385.028653056
2020-10-20,2.06,89483911.14654794,8565815.857466063
2020-10-21,1.89,82488167.14046891,15641566.709200725
2020-10-22,1.88,82144490.25896214,23297280.721893147
2020-10-23,1.95,86559361.41416237,13454997.575523896
2020-10-24,1.96,86992250.29298699,11186213.356340406
2020-10-25,1.91,85097119.41553113,6919606.692459674
2020-10-26,1.79,80166567.40845197,9185870.299509026
2020-10-27,1.68,76352252.52403358,13591649.240590198
2020-10-28,1.72,78379682.65133592,15297050.598319847
2020-10-29,1.52,69484097.07158922,15939411.515576778
2020-10-30,1.43,65484559.74846173,8662606.661041781
2020-10-31,1.44,65971825.09030392,9349348.871776775
2020-11-01,1.54,70310236.99352686,6702913.199915457
2020-11-02,1.6,73223097.96611069,7044518.693985352
2020-11-03,1.48,67681588.11219725,6491093.9037773525
2020-11-04,1.41,64789424.24486666,6668083.606459433
2020-11-05,1.39,64037059.28113097,13444944.225189563
2020-11-06,1.41,64230247.786586635,10875990.980387984
2020-11-07,1.93,88646989.63268837,29260208.082079533
2020-11-08,2.03,94477844.75803708,69505254.93434788
2020-11-09,2.16,99153483.96280438,35274009.490947016
2020-11-10,2.03,92911864.56042299,23430879.829114553
2020-11-11,2.25,104439762.47148168,17683772.994641323
2020-11-12,2.0,91842384.4291332,17995064.27824164
2020-11-13,1.9,86929582.54336853,14316052.703740103
2020-11-14,2.02,92395446.39953326,10853681.100996608
2020-11-15,1.92,88345125.41853492,7480703.339548037
2020-11-16,2.04,93688715.99840245,17895366.80890147
2020-11-17,2.26,103751002.08687328,20610242.317284264
2020-11-18,2.2,101161954.40612783,15969353.057183925
2020-11-19,2.12,97122156.74764429,13848265.661515675
2020-11-20,2.07,95016544.57983688,9316529.247631349
2020-11-21,2.1,96699115.09128669,10371769.862920254
2020-11-22,2.38,109103139.9036232,25366504.823793355
2020-11-23,2.15,99643753.24807033,20574885.270062737
2020-11-24,2.27,104405683.73789695,18928875.39550107
2020-11-25,2.26,103371313.28825709,32072469.88442561
2020-11-26,2.26,103929950.4113385,31314180.50158886
2020-11-27,1.9,87261948.4587302,41413742.502415486
2020-11-28,1.86,85368717.62930092,16043158.39733107
2020-11-29,1.89,86876340.85848026,13543976.251381855
2020-11-30,1.91,87979239.4231415,7475716.686282049
2020-12-01,1.97,90930509.95528531,10302108.662414199
2020-12-02,1.98,91819218.14741093,15857429.667479658
2020-12-03,2.12,98158810.32584806,20110298.14090546
2020-12-04,2.1,97007192.41882148,26145331.304000676
2020-12-05,1.86,86302542.38359374,12376166.936333302
2020-12-06,1.98,91469353.58874713,10627298.671877306
2020-12-07,1.85,85608059.73744749,10598081.573961524
2020-12-08,1.83,84695936.97844146,10468359.685002154
2020-12-09,1.67,77643530.78405608,17112369.527682714
2020-12-10,1.66,77258533.71758029,16742998.45128931
2020-12-11,1.58,73019479.91112876,9081181.441213774
2020-12-12,1.45,67063074.53264825,10757763.654799256
2020-12-13,1.49,68998005.96321389,9176582.194922846
2020-12-14,1.57,72368450.61816674,10831419.615199426
2020-12-15,1.59,74144495.06564687,10852348.235007472
2020-12-16,1.75,80958321.29626867,25707468.385520007
2020-12-17,1.78,82697026.71230772,20667383.028789427
2020-12-18,1.68,77962145.67023137,19771583.134829283
2020-12-19,1.7,79098065.29444037,9944183.27492898
2020-12-20,1.67,77655684.25950308,11133539.429365838
2020-12-21,1.56,72790529.40428856,11294828.80348789
2020-12-22,1.54,71954471.52541262,10231076.96252841
2020-12-23,1.49,69532641.54486774,14598569.95920073
2020-12-24,1.21,56718890.08800321,21811152.391227532
2020-12-25,1.36,63270395.09871319,11669615.744971463
2020-12-26,1.45,67364923.8031706,11302457.898446823
2020-12-27,1.33,61824850.922195025,8569139.626475705
2020-12-28,1.31,61706533.09169116,15721103.749787897
2020-12-29,1.52,70774348.23560144,16248544.099952295
2020-12-30,1.68,78352281.80230162,34126955.314970545
2020-12-31,1.54,71585859.2732059,16897738.266745638
2021-01-01,1.52,69766796.8517985,17111375.741750743
2021-01-02,1.84,86318139.65505527,32991393.10011804
2021-01-03,1.8,84086466.39653847,41366106.07008067
2021-01-04,2.15,99775343.80647424,71243785.08334851
2021-01-05,2.42,111799126.97201678,74768826.60691226
2021-01-06,2.16,100329573.08891995,65041612.88843685
2021-01-07,1.92,89806036.82660183,66770224.861168616
2021-01-08,2.37,617487734.823374,219251174.2197483
2021-01-09,3.23,832993617.4072843,286755149.1133893
2021-01-10,3.39,895647361.5109031,120168621.41585141
2021-01-11,3.47,912330458.1173432,80904486.74204415
2021-01-12,3.11,817258464.2688268,106045335.58882752
2021-01-13,3.59,938493137.5207736,97551374.06150249
2021-01-14,3.52,921726565.2583522,75016318.35179248
2021-01-15,3.28,859145982.5611855,76404702.33595315
2021-01-16,3.26,854734765.1596448,58075508.18361369
2021-01-17,3.45,904006570.0309957,99803415.70677254
2021-01-18,3.82,1017470477.7839756,93623327.60068645
2021-01-19,3.78,987108914.5515286,92855359.6361952
2021-01-20,3.64,953132372.6214266,70082464.78928855
2021-01-21,3.73,973442831.7891594,58455688.05431196
2021-01-22,3.0,786986237.3494189,56210951.531339064
2021-01-23,3.34,870802220.8670269,78912922.70962742
2021-01-24,3.5,910358037.3778708,34563933.459064916
2021-01-25,3.63,946423915.3825785,39857016.48670482
2021-01-26,3.71,970376773.8007468,102071940.74413401
2021-01-27,4.03,1054703273.4109547,99915130.853126
2021-01-28,3.7,965216149.5931334,41769652.736767605
2021-01-29,3.82,994404569.1401209,39406683.91005037
2021-01-30,3.86,1011832935.6122584,56780983.11915729
2021-01-31,4.23,1099976702.0181136,67081650.437249236
2021-02-01,4.26,1108554251.4633815,97446415.859447
2021-02-02,4.59,1181003688.1507916,46965792.231593795
2021-02-03,5.26,1375270992.6864703,123805679.78884633
2021-02-04,5.72,1486424501.2461636,94154842.87095357
2021-02-05,6.42,1677733734.3813236,136705073.21189842
2021-02-06,6.71,1732564478.9479501,122560651.23753116
2021-02-07,6.12,1614662623.626382,134130068.36753744
2021-02-08,6.66,1741080410.398057,133124403.50118582
2021-02-09,7.91,2067531944.1291592,198992540.37720096
2021-02-10,7.84,2066515667.7340856,155211915.61724132
2021-02-11,9.02,2347978417.7784863,151648521.93150106
2021-02-12,9.2,2396719732.1723113,201126010.15108156
2021-02-13,9.23,2426763287.306892,114926769.55619727
2021-02-14,8.71,2299907027.7197843,116673415.15525527
2021-02-15,8.73,2299584697.079879,111434979.06446631
2021-02-16,8.85,2319301370.904806,109980858.18916675
2021-02-17,8.3,2184260799.960396,72282574.1446148
2021-02-18,8.23,2173930631.1428275,95778536.21248828
2021-02-19,9.01,2375754523.610692,93285838.88247588
2021-02-20,11.44,2993685734.1051297,337882476.3629094
2021-02-21,10.04,2615417098.0195026,151686888.40429655
2021-02-22,11.11,2943199329.545796,185663015.63880062
2021-02-23,14.42,3751426598.9179907,745502104.7831652
2021-02-24,15.16,4014384609.485051,1244332504.0368009
2021-02-25,17.47,4630153132.806194,653765450.5243506
2021-02-26,13.81,3670715311.01561,528005152.61285347
2021-02-27,13.67,3630663218.351275,439215087.7936575
2021-02-28,13.31,3502097092.0348463,331645301.8971598
2021-03-01,13.03,3482110143.44744,388225411.00663006
2021-03-02,15.03,3973508157.3198123,392440888.40344346
2021-03-03,14.01,3703367097.5839825,225140396.16056278
2021-03-04,14.13,3742765612.839295,196774080.8443388
2021-03-05,13.12,3465889173.00098,147658517.89297044
2021-03-06,12.63,3328224948.5193915,114430118.94230543
2021-03-07,13.07,3455484976.176569,151724548.43234462
2021-03-08,13.92,3683032789.5785527,176392184.74589956
2021-03-09,13.64,3627821384.30089,135033736.39428464
2021-03-10,14.87,3948666694.263174,167995189.73188934
2021-03-11,14.23,3801048410.6381907,146460475.43541464
2021-03-12,15.98,4251534865.370938,296645197.9026507
2021-03-13,14.6,3904039878.018883,234666311.88987264
2021-03-14,15.32,4102822643.225109,187955914.4581912
2021-03-15,14.57,3914890622.8352118,111823964.28382453
2021-03-16,14.16,3802503168.3197436,133187836.15549983
2021-03-17,13.69,3652666107.3940897,144943707.17130157
2021-03-18,14.28,3813907144.3630457,118128026.42254479
2021-03-19,14.27,3818502582.108464,98337016.85098365
2021-03-20,14.18,3784530964.203633,86842533.95631836
2021-03-21,14.28,3827195162.447837,86343402.39593284
2021-03-22,14.31,3820743747.1802936,79484161.8717318
2021-03-23,14.87,3996883816.28734,326592283.75572574
2021-03-24,14.19,3797038254.76521,133887151.90285721
2021-03-25,13.6,3673111725.425858,147906709.02353978
2021-03-26,12.96,3458196577.606995,143844943.83494917
2021-03-27,14.75,3952457817.8285327,183730696.64450446
2021-03-28,16.57,4447942286.041741,282806957.30753034
2021-03-29,18.01,4849136131.610755,534850426.5573704
2021-03-30,18.88,5060496028.96088,266282434.7053076
2021-03-31,19.18,5140859722.050636,320692680.3417659
2021-04-01,19.49,5229172252.453522,255371895.72794142
2021-04-02,19.06,5115358904.3969,213522852.9244486
2021-04-03,19.74,5287278539.188044,162070984.46377787
2021-04-04,22.6,6076766593.933186,600716419.5680904
2021-04-05,24.02,6459213598.5183325,536246712.90027696
2021-04-06,22.94,6143755028.531597,324307982.04602367
2021-04-07,24.99,6677871480.251414,404116807.87156296
2021-04-08,26.67,7244692415.792232,714313720.050788
2021-04-09,27.01,7238834909.900146,445724093.1060517
2021-04-10,27.78,7509326042.822403,351754156.4264195
2021-04-11,26.83,7243681262.228849,340108404.22059625
2021-04-12,27.82,7504132255.224255,293810895.92842746
2021-04-13,28.52,7668557969.184397,388174413.34322846
2021-04-14,27.57,7477651408.251167,327658007.71776986
2021-04-15,26.45,7124964901.168281,425296729.17071044
2021-04-16,27.83,7510746946.813054,267944999.8711866
2021-04-17,25.28,6847726667.985529,294302057.27032316
2021-04-18,25.01,6763365116.21136,259794445.97361812
2021-04-19,32.43,8839759827.800987,1456340755.9689653
2021-04-20,31.73,8636876765.15214,1138689654.5289679
2021-04-21,31.69,8638723481.256248,982110136.3637146
2021-04-22,32.31,8840620046.282288,916541281.5816183
2021-04-23,39.04,10546870753.411224,1619297323.1447806
2021-04-24,37.07,10009570403.266832,2170847454.238238
2021-04-25,40.74,11122055713.48721,1508721736.1244557
2021-04-26,47.66,12948847195.888565,2115947832.9145389
2021-04-27,44.5,12053853291.95677,1808647601.294896
2021-04-28,43.22,11730117463.908833,889450121.2961354
2021-04-29,45.04,12162250490.154093,1328456957.4543355
2021-04-30,42.58,11521025311.458416,1007552489.8800592
2021-05-01,43.0,11625206342.893156,715484397.6606659
2021-05-02,49.66,13505629296.647703,1107804038.4559028
2021-05-03,46.93,12731441940.852583,736253572.4014621
2021-05-04,46.09,12596937422.591501,754315146.457899
2021-05-05,42.7,11695753640.918264,850967614.8898401
2021-05-06,44.89,12196654588.937687,632988283.9886094
2021-05-07,43.44,11848638343.099876,496643551.4017424
2021-05-08,43.07,11736620149.519144,628075167.8004643
2021-05-09,45.69,12483159691.847982,565022391.0665238
2021-05-10,44.36,12070625546.32745,631361237.6483146
2021-05-11,42.96,11724389834.30516,610750904.6029066
2021-05-12,44.72,12215743859.11548,587946571.6315473
2021-05-13,43.62,12440648899.351025,1387803968.4736757
2021-05-14,41.11,11096669650.829687,1273761712.5733151
2021-05-15,42.87,11689352286.167381,536552649.64154357
2021-05-16,43.46,11799908298.851982,617414124.1173804
2021-05-17,47.18,12808567896.878407,2249695072.220029
2021-05-18,46.86,12904194705.374098,2104910795.048521
2021-05-19,56.2,15371663655.587006,2063395663.2413113
2021-05-20,35.76,9921711894.075151,2921072601.0062203
2021-05-21,44.53,12171270499.157091,2519340039.6724825
2021-05-22,38.43,10430110171.295877,1807465387.1299965
2021-05-23,31.61,8668570148.20386,1134738458.8461702
2021-05-24,24.77,6741153859.711209,1988074629.747088
2021-05-25,30.99,8456340961.644993,1351443455.141726
2021-05-26,30.01,8200361459.252724,934610971.7223821
2021-05-27,35.65,9637728345.153328,1118628986.9193478
2021-05-28,33.66,9223068939.871315,662066528.4413192
2021-05-29,29.02,7915741496.510311,624114420.0451146
2021-05-30,27.56,7555682949.616899,402043440.13746035
2021-05-31,28.56,7786190305.535411,385506550.2941925
2021-06-01,32.66,8921358871.643251,556481220.8582711
2021-06-02,30.99,8466375153.864945,451120119.86649257
2021-06-03,34.19,9317118424.38306,526537332.91262364
2021-06-04,39.71,10988660955.92941,1003176056.3730243
2021-06-05,37.6,10271428908.065245,1090388198.6913736
2021-06-06,39.34,10611364493.458803,1151594281.2540836
2021-06-07,42.26,11508207254.494314,825017874.7335211
2021-06-08,38.19,10637505878.18168,942584607.2080762
2021-06-09,41.42,11375166576.681133,1825252143.252731
2021-06-10,42.08,11544497584.210085,1272173444.9534538
2021-06-11,41.21,11231058225.872488,624242377.7255889
2021-06-12,36.09,9831892846.255322,558803764.8352512
2021-06-13,36.57,10095207879.649364,584578781.8182625
2021-06-14,38.82,10521989454.932697,488535747.5349405
2021-06-15,39.64,10808680336.53195,564059144.821838
2021-06-16,39.7,10852976029.829046,508646352.88739556
2021-06-17,39.55,10781816203.272686,636535388.3933998
2021-06-18,39.33,10638298323.849005,472927528.3029236
2021-06-19,36.62,10008182630.914902,481564015.6061824
2021-06-20,35.26,9621683962.87426,302280531.1963374
2021-06-21,35.28,9611623563.108702,507507928.94648
2021-06-22,26.6,7439425733.837019,836901347.2188203
2021-06-23,26.73,7157859824.732246,1371341088.6752522
2021-06-24,30.88,8377496849.572571,1203441656.8115778
2021-06-25,31.44,8585542319.490724,732654201.7448984
2021-06-26,29.24,7985242401.768215,737663786.9399918
2021-06-27,29.37,7914659494.026683,639618006.1446898
2021-06-28,31.67,8602431238.497906,572104299.6430303
2021-06-29,33.11,9040653316.656572,674515112.3947256
2021-06-30,33.92,9355893411.033453,645572532.2254869
2021-07-01,35.83,9784660089.64145,791091273.1745555
2021-07-02,33.56,9145093164.974165,663491276.6668489
2021-07-03,33.96,9219660440.797184,607351754.6625379
2021-07-04,34.47,9395489549.381342,462037406.3577414
2021-07-05,34.45,9396692749.038607,424937662.01328224
2021-07-06,33.12,9033978686.400785,436664234.535345
2021-07-07,34.29,9343669279.576614,499801292.4695335
2021-07-08,36.66,9995196544.250605,727575218.1716276
2021-07-09,33.51,9137574846.549248,691932146.2056346
2021-07-10,33.53,9138440436.827877,454190333.1445893
2021-07-11,31.94,8716478997.829847,415853889.1192226
2021-07-12,32.12,8760359617.466415,296169725.62816095
2021-07-13,30.95,8429306463.204107,312330343.18604004
2021-07-14,29.16,7953342249.0019,270392426.0783131
2021-07-15,31.24,8488446183.42694,474454643.50580245
2021-07-16,28.32,7712932810.684437,469048384.9902478
2021-07-17,26.26,7168957057.321149,372119879.07038826
2021-07-18,26.79,7314497718.903992,292646432.68583465
2021-07-19,26.89,7331794881.762145,227071207.7156284
2021-07-20,24.82,6774142705.91918,370348465.20546126
2021-07-21,23.86,6500208589.083082,422162867.9308267
2021-07-22,26.67,7243897344.253764,573149420.4413202
2021-07-23,27.76,7561860534.399218,375801784.2134339
2021-07-24,28.38,7713349030.470103,407425804.48123944
2021-07-25,28.59,7794117620.737434,363380694.2290097
2021-07-26,28.32,7718142916.945531,316495335.58890283
2021-07-27,28.1,7706970297.480305,755245025.2497616
2021-07-28,27.95,7591579830.598075,375190958.3560945
2021-07-29,27.87,7595729558.871121,324323976.86976814
2021-07-30,31.42,8603692851.645973,490243888.02364147
2021-07-31,32.25,8782089188.680168,673479026.4084785
2021-08-01,36.25,9870964496.720772,614044704.3846236
2021-08-02,34.17,9272656715.856787,548581372.50092
2021-08-03,33.28,9090469010.815338,463809054.21566033
2021-08-04,34.34,9368039157.991346,535386826.38300115
2021-08-05,35.91,9803376069.99858,453652890.7804349
2021-08-06,37.48,10217649265.24856,642276103.3968464
2021-08-07,39.54,10788517295.598755,634966886.3440547
2021-08-08,39.38,10716940358.779821,567721952.7291353
2021-08-09,37.67,10274392698.30968,387950835.5915774
2021-08-10,38.76,10540000830.327097,392755194.37425494
2021-08-11,40.66,11060502356.763584,512007043.4016342
2021-08-12,41.8,11911671445.966951,518467624.0711313
2021-08-13,41.19,11719191265.4597,501994574.0018019
2021-08-14,44.69,12659136195.430464,536710066.6718894
2021-08-15,44.06,12632010978.831278,375775175.2451106
2021-08-16,53.68,15290073919.010557,1453940559.4346285
2021-08-17,62.28,18474853367.365612,3744578512.779988
2021-08-18,64.3,18770890602.314026,4071432568.0452485
2021-08-19,74.0,21274810508.661808,4552452964.336096
2021-08-20,73.05,20809209324.240616,2751968421.5578585
2021-08-21,78.45,22425622491.819256,1816393865.8523588
2021-08-22,74.22,21281170312.308853,1502846889.7352061
2021-08-23,73.13,20991469522.08777,1004789455.2040088
2021-08-24,75.97,22022469783.777603,1376624102.1938393
2021-08-25,71.21,20724670218.176235,1645439131.9405804
2021-08-26,71.51,20802776475.036793,1460931375.1285913
2021-08-27,76.11,22227352877.21953,2687938993.535464
2021-08-28,87.97,25629594571.27215,3193853129.576366
2021-08-29,97.07,28329094352.267193,2343520709.0638256
2021-08-30,94.01,27304152716.88658,1619244457.9764173
2021-08-31,109.65,31920673369.62922,4827155957.583222
2021-09-01,108.71,31632430274.413536,7097442296.82563
2021-09-02,110.82,32218252304.33078,3649705606.8515778
2021-09-03,128.67,37338512656.086975,4623249675.435575
2021-09-04,146.36,42571321335.873764,6871215127.90067
2021-09-05,139.59,40720531105.91831,3607645007.288397
2021-09-06,142.14,41412015757.628494,2711248607.007888
2021-09-07,164.56,47904979408.22902,5245858966.571948
2021-09-08,173.31,51322390022.245636,16149087501.300968
2021-09-09,189.34,55627271034.27753,12034756697.736256
2021-09-10,188.28,55264334912.28869,12182432665.179003
2021-09-11,178.32,52325632036.02054,6992113162.711526
2021-09-12,177.94,52220905554.677574,5327211599.2398405
2021-09-13,174.88,51473851354.0501,3006790022.730882
2021-09-14,169.28,49653193581.09068,6270536793.440139
2021-09-15,157.38,46493824080.66087,5484253084.148819
2021-09-16,158.6,46994383928.494865,3973589945.002292
2021-09-17,151.95,45094080634.83586,3163024291.1889153
2021-09-18,147.58,43906621683.99821,4637329446.05819
2021-09-19,170.11,50565779823.43124,5288896343.368672
2021-09-20,153.33,45589411995.17647,3442771809.9303317
2021-09-21,133.37,39478971644.30225,5652873068.780831
2021-09-22,122.69,36248052948.592964,5306957386.522338
2021-09-23,148.33,44125796474.8162,4912176158.173082
2021-09-24,150.39,44686382478.55573,3353529940.5091395
2021-09-25,139.31,41548029058.16029,3863693217.85245
2021-09-26,136.84,40572796552.98121,2059643190.9342535
2021-09-27,135.8,40356234736.375404,2683407146.306161
2021-09-28,136.26,40533909717.20195,2989640865.287466
2021-09-29,130.6,39030320223.35616,2409481752.9774637
2021-09-30,135.28,40196990252.30242,2423220767.1797714
2021-10-01,141.18,42018890336.78696,2213933967.637082
2021-10-02,161.37,47883980396.73367,4217104529.3629045
2021-10-03,169.21,50355827427.96756,3290801786.0451536
2021-10-04,172.86,51567116629.13389,2990394711.9668913
2021-10-05,167.88,50072719494.08351,3108612675.2047114
2021-10-06,164.37,49008643389.98899,2550034958.9268904
2021-10-07,154.09,46002942256.337265,3216047716.7546687
2021-10-08,154.26,46145608847.85937,2469488735.063495
2021-10-09,158.91,47345863609.85284,2714913213.201317
2021-10-10,157.34,47177850270.14671,1421850535.6544025
2021-10-11,147.7,44343249688.30569,1495896606.8269508
2021-10-12,144.86,43203031420.33364,1718475615.2479117
2021-10-13,152.0,45622740431.63671,2766260744.0121436
2021-10-14,148.39,44499473671.88846,1975667394.423865
2021-10-15,150.09,45052609321.74922,1912976981.956736
2021-10-16,162.98,48823858407.19429,3892259612.8294525
2021-10-17,158.27,47599650302.30947,1481556354.0119083
2021-10-18,159.86,47919023512.03581,2132944251.543325
2021-10-19,157.38,47243856329.811134,1619036320.357656
2021-10-20,156.39,46992561227.938385,1345983825.3265061
2021-10-21,175.6,52336972845.39368,3069126856.4038467
2021-10-22,189.06,56745796681.7565,6298926456.006809
2021-10-23,197.83,59570438795.92708,6789555146.637215
2021-10-24,198.31,59635176948.857414,2951218516.1830873
2021-10-25,203.17,60949072513.08539,3114589452.2112665
2021-10-26,211.19,63765586638.26856,4469234352.347065
2021-10-27,199.75,60474514072.54135,3052799572.7936416
2021-10-28,183.54,55282416869.143555,4812686988.408542
2021-10-29,195.09,58664473682.87197,3385641009.2162027
2021-10-30,199.78,60296944148.15687,2703331790.5309463
2021-10-31,193.34,58207049317.824005,1651079244.1462584
2021-11-01,202.39,61090424896.042694,2508960378.247013
2021-11-02,203.81,61206174446.06882,3098391561.698444
2021-11-03,220.65,65196157014.88239,2953101041.2490163
2021-11-04,242.05,72820184828.91289,5949095156.100889
2021-11-05,249.06,74509034095.48589,4457165321.346256
2021-11-06,237.89,71642292583.50812,2814464970.6926665
2021-11-07,259.24,77427308372.12741,3906155465.660115
2021-11-08,250.36,75738472890.52711,2644011982.2496014
2021-11-09,248.82,75445282061.2759,3223918132.658522
2021-11-10,239.42,72453801809.51566,2681222975.329351
2021-11-11,233.07,70391383039.29988,3800891475.935171
2021-11-12,234.86,71231238187.65797,2618456168.353021
2021-11-13,229.4,69321107450.57858,2941595137.276679
2021-11-14,241.33,72948327032.41917,2171331102.080433
2021-11-15,239.51,72218517508.24437,1611356876.8775847
2021-11-16,238.76,72198022029.53314,2359326721.661139
2021-11-17,220.1,66832143637.96159,3508776790.4518046
2021-11-18,219.11,66086823807.616,2879294187.4798455
2021-11-19,195.08,59087558120.593094,3731836544.9342785
2021-11-20,215.83,65296328677.09514,3291840770.3925467
2021-11-21,218.33,66281609248.12345,1870041532.1098204
2021-11-22,232.44,71043502688.01355,2555181056.256027
2021-11-23,216.4,65724676692.43798,3174537421.979065
2021-11-24,222.1,67490798261.18599,2144049180.216279
2021-11-25,205.55,62457339767.62576,2339653646.046749
2021-11-26,209.79,63900196618.38859,2227843775.4152346
2021-11-27,192.15,58390912497.66776,3216471568.33627
2021-11-28,192.14,58410646819.21711,1351630152.313059
2021-11-29,200.46,61094490229.682304,1935383257.029555
2021-11-30,204.35,62325150548.69784,2007398408.756795
2021-12-01,208.71,63510180677.8961,2697160307.738946
2021-12-02,229.45,70172175382.70602,3392086055.2374334
2021-12-03,232.57,71252377813.81462,3994513448.87254
2021-12-04,212.13,65135413411.05541,3755641183.1718
2021-12-05,200.94,61293686195.46672,5616789175.450751
2021-12-06,196.57,59802410642.4824,3228917298.9251223
2021-12-07,193.89,59370079864.68529,3396199570.300543
2021-12-08,190.37,58418632345.764206,2433284110.293539
2021-12-09,194.3,59595483461.428604,2194875795.1411276
2021-12-10,181.75,56181625087.33603,1858809298.6431613
2021-12-11,169.46,52395376111.97878,1946102466.4617343
2021-12-12,171.84,52819332275.01751,1791152660.6944845
2021-12-13,173.74,53334889635.756134,1094395903.4166248
2021-12-14,155.08,47995350984.2677,2372386156.3035607
2021-12-15,161.06,49398872819.44277,2156901491.5380054
2021-12-16,178.26,54610048507.25148,3458991299.158227
2021-12-17,176.81,54368442494.9893,2454635867.467667
2021-12-18,175.79,54006293233.102875,2355530732.258781
2021-12-19,182.97,56393839315.24814,1440763837.45392
2021-12-20,179.94,55790507174.071236,1441246078.159062
2021-12-21,174.37,54061922630.24034,1718453799.121433
2021-12-22,180.13,55570757138.288246,1539489579.1213927
2021-12-23,178.57,55058052155.04185,1635078520.6954496
2021-12-24,190.51,58709806077.205986,1932687191.4099677
2021-12-25,190.44,58852086815.42499,1997417409.1442204
2021-12-26,193.29,59797071721.913025,1257985154.9824424
2021-12-27,198.2,61198787207.68108,1747475952.8078868
2021-12-28,196.04,60810349839.61329,1631730024.3256166
2021-12-29,178.3,55425780679.24532,2541804765.839321
2021-12-30,171.27,52726687301.09404,1935535240.3698783
2021-12-31,172.51,53261290659.86848,1379259729.504835
2022-01-01,170.2,52907181305.50652,1380634374.4823568
2022-01-02,178.89,55089640249.096664,960138212.5274444
2022-01-03,176.32,54604426218.58956,846802662.8993707
2022-01-04,170.57,52886550470.82176,1152100392.329671
2022-01-05,168.04,52272480718.14088,1361207424.18007
2022-01-06,155.72,48184360964.1156,1980976064.6564603
2022-01-07,150.72,46854691785.8186,1922945442.8085198
2022-01-08,136.61,42610750948.59599,2713161094.7767363
2022-01-09,142.38,44680435604.26222,2495097582.9222703
2022-01-10,140.97,43844556062.79441,1383486991.2692618
2022-01-11,135.98,42320546842.20343,1797340432.3285239
2022-01-12,140.26,43823867475.83328,1407732234.4002852
2022-01-13,151.92,47534063482.95965,2048461630.20183
2022-01-14,146.9,45924153329.20764,1972169296.5769014
2022-01-15,146.31,45849250868.07178,1627092109.7732365
2022-01-16,147.7,46337099650.87288,1003160676.7114657
2022-01-17,147.94,46450557289.26664,1064526626.2870606
2022-01-18,140.05,44032309573.9257,1342939698.2979736
2022-01-19,141.63,44575080930.62185,1327500384.0270393
2022-01-20,135.59,42848572759.496826,1310094891.479366
2022-01-21,128.57,40727678847.05303,1371674053.2248023
2022-01-22,111.78,35070043876.86985,3853056390.3720913
2022-01-23,94.52,29665575896.047955,4095835932.6350746
2022-01-24,99.69,31290905178.53205,2611991894.5389414
2022-01-25,91.92,28909954628.237045,4359827042.558423
2022-01-26,95.09,30084800205.779095,2614011846.1962757
2022-01-27,92.25,29243771848.310368,2847753595.488201
2022-01-28,89.6,28179557560.867977,2421524797.0656857
2022-01-29,91.43,28786945733.928276,1882874786.6910908
2022-01-30,96.18,30216232718.877556,1478946858.3603432
2022-01-31,93.4,29427732656.729218,941974724.429482
2022-02-01,99.89,31354693276.844906,1715569710.5342922
2022-02-02,110.13,34784263657.23243,3097993266.654722
2022-02-03,101.83,31975373921.89307,2979450302.616579
2022-02-04,100.88,31833368519.650074,2283972523.6144795
2022-02-05,112.48,35127905584.898895,2844877285.5932903
2022-02-06,114.33,36087037718.41055,2104149883.5664315
2022-02-07,115.28,36521264719.12104,1281443040.6022959
2022-02-08,117.67,37305112916.66873,2230152722.515911
2022-02-09,113.7,36125330680.249535,2354525277.711969
2022-02-10,114.34,36294064610.281944,1634212051.3702943
2022-02-11,106.42,33826915836.727123,1963719800.2645695
2022-02-12,96.46,30597070580.09104,1738208639.1534996
2022-02-13,95.7,30347618773.26294,1336515340.137724
2022-02-14,93.37,29672733160.79642,910049119.2353679
2022-02-15,96.44,30784741416.87896,1364915626.6617208
2022-02-16,104.85,33579862333.60316,1630619496.195204
2022-02-17,101.96,32707737720.154152,1473078677.1202588
2022-02-18,93.4,29918359231.26159,1463178693.3773677
2022-02-19,90.11,28828455911.828396,1290677352.6433926
2022-02-20,91.61,29209068299.47004,836883423.9090565
2022-02-21,90.8,29261491189.686405,1428521632.3321967
2022-02-22,83.14,26727888651.40893,2247461489.9635487
2022-02-23,86.57,27744256745.686615,1577877587.2386572
2022-02-24,85.27,27294663661.65063,1761310724.440881
2022-02-25,89.05,28497445445.309517,4075674086.526734
2022-02-26,92.74,29919961866.348053,2417499269.8008738
2022-02-27,90.11,28767659413.525894,1316252928.3341599
2022-02-28,85.57,27360038516.30834,1559328417.4245245
2022-03-01,99.58,31846087892.82589,2674553479.2180743
2022-03-02,98.76,31569373571.96833,2476563020.453062
2022-03-03,100.79,32379126078.839725,2951039198.751416
2022-03-04,95.56,30435232238.200184,1795535826.5550518
2022-03-05,88.25,28319787092.93302,2029343357.151517
2022-03-06,89.79,28439402258.606415,1164108659.2733207
2022-03-07,84.64,26835926882.34714,1139246888.3328228
2022-03-08,82.07,26300808792.830048,1884457926.903441
2022-03-09,82.25,26425486647.51813,1704061421.1695168
2022-03-10,88.19,28509710713.35766,2082131364.035624
2022-03-11,83.03,26526485356.294556,1706781764.3768432
2022-03-12,80.69,26163052143.35841,1382838751.097293
2022-03-13,81.61,26366084285.169167,776192786.1232313
2022-03-14,79.0,25452866391.0416,949636517.694404
2022-03-15,81.17,26140341333.7746,1317770720.4689145
2022-03-16,82.94,26592730954.19203,1247125823.1505735
2022-03-17,87.85,27984951680.550426,1872435776.0194497
2022-03-18,87.97,28483849999.645226,1939375410.1723945
2022-03-19,89.91,28795996368.61534,2216690010.2438216
2022-03-20,92.4,29598406487.051815,1493437229.1232493
2022-03-21,88.6,28394223139.824287,954767656.0285732
2022-03-22,88.77,28382479439.33157,1145750669.0417037
2022-03-23,90.5,29048148956.10171,1405727754.2331312
2022-03-24,94.92,30612053298.879955,1433431548.5448608
2022-03-25,102.18,32979523332.775997,2412096877.261528
2022-03-26,98.65,31980590349.304367,1817213990.6348524
2022-03-27,101.64,33176556212.500633,1009509747.3725619
2022-03-28,106.91,34802243172.81474,1301984880.0039117
2022-03-29,106.24,34753559141.629364,2396330997.762824
2022-03-30,111.75,36192035879.28324,2434694052.670127
2022-03-31,120.7,39218225944.819916,3208462667.358372
2022-04-01,122.76,40036171559.14788,3421557221.672948
2022-04-02,134.37,43736096533.81698,3831716307.2558904
2022-04-03,132.27,43260457424.49813,2989201592.6587396
2022-04-04,136.67,44426659281.57661,2277967480.691483
2022-04-05,132.34,43072219169.516655,2483670638.13783
2022-04-06,126.61,41374924383.733,2136267271.3883832
2022-04-07,112.53,36929750315.179565,3198015612.875086
2022-04-08,118.69,38892547341.88895,2381088467.183991
2022-04-09,109.69,35663008069.967834,2314898911.4950137
2022-04-10,113.01,37007525656.87938,1201163544.2593207
2022-04-11,112.17,36884144376.64433,1163112953.8060896
2022-04-12,99.45,32731502385.0518,2180410357.199723
2022-04-13,103.5,33941121649.55018,2285179235.3492475
2022-04-14,104.84,34394710741.73072,1533589774.7178605
2022-04-15,100.74,33098172133.64845,1652768959.5959563
2022-04-16,101.35,33734041429.04125,1039846461.4171497
2022-04-17,102.31,34194983211.01313,753838887.3536072
2022-04-18,100.44,33314012331.385365,1010545062.3745848
2022-04-19,102.27,34026715047.300804,1645729150.7199407
2022-04-20,108.54,36133130809.64366,1691707373.133408
2022-04-21,105.6,35158424198.86379,1664918521.578962
2022-04-22,101.8,33918138036.798676,1757789782.5788085
2022-04-23,100.64,33613226147.45872,1204999233.8086708
2022-04-24,100.76,33668501950.9363,778991677.6991111
2022-04-25,99.17,33192811336.931053,819713309.5195763
2022-04-26,101.29,33812175574.169964,1553588587.2853208
2022-04-27,95.71,31900244698.208424,1216992668.6442692
2022-04-28,98.37,32839728894.8058,1141929423.6020868
2022-04-29,98.0,32699186204.272743,1172675512.7221277
2022-04-30,94.09,31459421205.330902,1226739530.418352
2022-05-01,85.3,28318851858.6442,1165702569.1965828
2022-05-02,89.74,30026659597.990982,1353041268.675068
2022-05-03,87.6,29293697485.51745,1159472392.7641306
2022-05-04,85.88,28715318659.659317,948338116.737006
2022-05-05,92.82,30994771499.55642,1327465205.0892406
2022-05-06,84.62,28284214619.368317,1637132124.7174425
2022-05-07,81.76,27380670118.60705,1446023145.0954676
2022-05-08,79.19,26603063057.69169,1090782916.94857
2022-05-09,74.92,25191538889.48352,1351838825.944728
2022-05-10,63.59,21563497316.93072,2515612885.9428644
2022-05-11,66.73,22405510212.754276,3263209052.6573524
2022-05-12,50.32,16302314327.382017,3882793179.2718267
2022-05-13,44.65,15038211406.02383,3786283031.466092
2022-05-14,48.6,16446880063.642275,2460641108.5750523
2022-05-15,52.54,17710082184.40001,1495503985.9666162
2022-05-16,58.85,19795956495.33785,1436230716.4213793
2022-05-17,53.65,18091955633.77028,1827404198.1845071
2022-05-18,57.42,19373241293.241146,1508263415.4674506
2022-05-19,49.76,16804431123.837723,1511110400.9093611
2022-05-20,52.33,17743141448.602818,1653750850.1835728
2022-05-21,49.58,16857955013.649868,1528688330.072058
2022-05-22,50.34,17117178967.638582,834922127.3080446
2022-05-23,52.77,17927983077.406696,907949758.6084307
2022-05-24,49.12,16667943417.370811,1478212937.8255913
2022-05-25,49.64,16838184202.890331,1373294087.332745
2022-05-26,48.06,16335715467.127663,1161803907.879002
2022-05-27,43.55,14806873946.379969,2324631757.4733853
2022-05-28,41.0,13886425335.92009,2080433059.2963018
2022-05-29,44.46,15147901018.996235,1266578193.285666
2022-05-30,44.93,15240706243.752535,1285770588.8691306
2022-05-31,47.19,16054338780.311176,1756204402.2952044
2022-06-01,45.97,15607744325.008366,1569956999.7450187
2022-06-02,40.24,13719294294.809011,1528211460.429582
2022-06-03,40.89,13925500009.440636,1645018556.665849
2022-06-04,38.28,12945160667.449034,1353892685.3609943
2022-06-05,38.98,13170913879.692818,1126087087.4100382
2022-06-06,38.46,13116723564.811241,1070849320.4790895
2022-06-07,42.41,14456497792.40814,2033441074.0264156
2022-06-08,39.55,13508568426.035679,1810983946.8089595
2022-06-09,38.84,13274452699.317907,1249666784.6492941
2022-06-10,39.97,13674820596.04396,1272667344.2176604
2022-06-11,37.08,12668804911.432922,1271100605.4660854
2022-06-12,33.81,11572660691.705263,1218255700.9094672
2022-06-13,30.74,10608680978.318361,1436075943.2407134
2022-06-14,28.19,9406103235.502136,2782439336.108326
2022-06-15,29.72,10187884853.022085,2251274075.1695733
2022-06-16,34.49,11709149277.269354,2629566358.3757453
2022-06-17,30.07,10245461840.006529,1921578627.3777452
2022-06-18,30.87,10611942137.884016,1356441011.606505
2022-06-19,31.82,10801954806.837732,1985976665.1509438
2022-06-20,34.19,11668548379.070122,2107037437.9519136
2022-06-21,35.47,12160553284.461643,2113624516.41859
2022-06-22,36.14,12360022351.807024,1722909851.6266644
2022-06-23,34.23,11762783422.768148,1510462542.9317844
2022-06-24,38.21,13147607750.937174,1701452303.388661
2022-06-25,42.48,14600518798.303469,1721984760.7703247
2022-06-26,42.39,14506227735.872713,1289448179.9335928
2022-06-27,39.5,13523527664.973293,1153549984.9586856
2022-06-28,38.5,13201680175.256578,1122612570.61606
2022-06-29,35.33,12087889411.018717,1243120766.4066389
2022-06-30,33.92,11618504834.1876,1300629589.7344081
2022-07-01,33.31,11335169279.75531,1194361731.4780726
2022-07-02,33.04,11439454289.183853,1323586234.6518767
2022-07-03,33.42,11471587893.148573,649702017.3097271
2022-07-04,33.45,11480814253.62638,567550823.1229583
2022-07-05,36.78,12596079600.052696,986918298.1842804
2022-07-06,35.32,12138245305.30001,1434571719.0946403
2022-07-07,37.09,12734796275.5487,1290650060.4876883
2022-07-08,38.55,13277309359.948143,1133093192.2844696
2022-07-09,38.59,13380490031.557814,1426352674.1079457
2022-07-10,38.06,13134459003.717667,623415737.825602
2022-07-11,36.73,12680872339.650648,648503659.1497688
2022-07-12,33.51,11600411536.227007,789921907.7126
2022-07-13,32.82,11406193662.951624,821873017.4891754
2022-07-14,34.95,12072416721.326193,1220534706.7691572
2022-07-15,37.18,12850093050.016483,1328292764.1162877
2022-07-16,37.44,12938130582.027664,1325304479.5640984
2022-07-17,39.6,13666217564.389097,1064139738.9007052
2022-07-18,38.62,13432332940.686584,1087710892.947254
2022-07-19,43.68,14864108116.482193,1523091935.5722816
2022-07-20,44.93,15517487195.968199,2407640203.1217437
2022-07-21,42.19,14654904729.64616,2006723913.839469
2022-07-22,43.19,14946518783.24268,1862704596.082017
2022-07-23,40.58,14004906061.876736,1394893424.65535
2022-07-24,40.13,13860175820.994202,992235932.5388896
2022-07-25,40.99,14275526154.880024,868436701.4011792
2022-07-26,36.7,12694337922.664095,1165279221.010389
2022-07-27,36.23,12538834971.994652,1096644463.4554398
2022-07-28,40.3,14009415149.226555,1502670727.8285682
2022-07-29,42.83,14829428736.730556,1933182890.1452446
2022-07-30,42.14,14752480667.049614,1636823549.5577118
2022-07-31,43.8,15135249027.917732,1727836476.8308892
2022-08-01,42.48,14746724189.24462,1063136070.9609044
2022-08-02,41.7,14458934769.72863,992134330.4912795
2022-08-03,40.21,14143900211.320498,1118387777.702856
2022-08-04,38.63,13359558185.807447,2172402130.6817017
2022-08-05,38.94,13471456881.53044,1243098510.5788705
2022-08-06,40.5,13995005582.457253,1158100840.781711
2022-08-07,40.18,13910405478.086643,656059617.1933181
2022-08-08,40.65,14115646955.218586,582195944.9537838
2022-08-09,42.16,14696098301.05854,1163065597.4171379
2022-08-10,40.49,14091576296.766705,874683627.6302427
2022-08-11,42.3,14682953331.34928,1417788636.165627
2022-08-12,42.75,14901555484.077663,1782051840.4220102
2022-08-13,45.34,15769739253.564829,1081174401.4710395
2022-08-14,46.63,16242663928.464354,1223890252.0075288
2022-08-15,44.98,15707019257.476545,1000632052.6130948
2022-08-16,43.9,15322661204.914495,1018586521.1311351
2022-08-17,43.25,15065562430.299425,1075537996.038997
2022-08-18,40.56,14161164134.098574,1249877706.4194226
2022-08-19,39.62,13863255686.50742,824971812.0861026
2022-08-20,35.99,12530469534.206604,1786764403.0995638
2022-08-21,35.23,12256688441.221127,1200537393.533252
2022-08-22,36.53,12815310875.36842,991224706.6295438
2022-08-23,35.49,12352579320.923264,1122987607.7129617
2022-08-24,35.71,12481061524.742058,827899999.1174744
2022-08-25,34.98,12227264266.325634,908130561.79342
2022-08-26,35.35,12346020470.353111,656358314.0354196
2022-08-27,31.79,11046201721.516457,1248900621.3673773
2022-08-28,31.64,11052608204.778694,698084660.9387999
2022-08-29,30.63,10721767532.443155,505611658.52911663
2022-08-30,32.47,11387115687.58702,829387148.7218318
2022-08-31,31.46,11032381033.17492,846296043.2180582
2022-09-01,31.45,10982002954.905945,710498153.0277057
2022-09-02,31.63,11037789630.859673,654715113.9384351
2022-09-03,31.2,10904364506.21477,627140311.5505403
2022-09-04,31.08,10881773797.626608,287508158.29383236
2022-09-05,32.14,11245569490.176376,370560789.6642585
2022-09-06,32.22,11264121877.829931,511686055.75999683
2022-09-07,30.93,10834953198.21636,1208999754.4365814
2022-09-08,32.75,11595827258.284111,796019432.9809626
2022-09-09,33.61,11847628650.711002,927246036.3578213
2022-09-10,34.71,12244442276.894312,1098697449.024227
2022-09-11,35.15,12419481830.60969,675183558.1129656
2022-09-12,34.9,12331013775.49605,712287831.9646752
2022-09-13,37.34,13183798412.038559,1608877258.549003
2022-09-14,33.06,11697896819.864315,1685408590.3072696
2022-09-15,34.07,12027439275.115053,938917179.6482323
2022-09-16,33.06,11742374385.911652,1035640342.7263201
2022-09-17,32.18,11380713338.498137,728064867.9128903
2022-09-18,33.76,11970489829.734241,477780407.4338617
2022-09-19,31.09,11014413847.322668,652419202.8586738
2022-09-20,32.71,11598805636.589422,963739018.810559
2022-09-21,31.41,11136148382.136087,798987431.1913335
2022-09-22,30.83,10920166914.722517,1180925645.8909633
2022-09-23,32.47,11489637349.237127,833383661.5669668
2022-09-24,33.71,11974606498.90307,969718528.5144931
2022-09-25,33.5,11877506512.459015,821677077.6160394
2022-09-26,32.33,11474712536.430689,576312106.3719692
2022-09-27,33.85,11924970586.09745,908933850.0448053
2022-09-28,32.77,11669868172.591715,1221276543.7791965
2022-09-29,33.3,11817378025.545616,958564795.8003093
2022-09-30,33.94,12066578261.8937,949323509.3667252
2022-10-01,33.25,11808862837.8495,1166717015.8559887
2022-10-02,32.46,11538414123.40477,475812174.3197378
2022-10-03,32.1,11395149007.96318,518124769.2139249
2022-10-04,32.98,11735344819.59952,621968801.9772867
2022-10-05,34.13,12125352215.94055,692957762.0497013
2022-10-06,34.09,12104501989.14961,641193220.7004185
2022-10-07,33.34,11847564337.73259,670556864.3795924
2022-10-08,32.92,11692923622.972769,672974282.6869308
2022-10-09,32.6,11634868896.090433,351714131.76632375
2022-10-10,32.91,11733010112.995802,394694049.41824853
2022-10-11,31.97,11448167353.522726,630989029.3279732
2022-10-12,30.79,10986691633.704071,720050451.2850903
2022-10-13,31.14,11138186203.67174,481852424.7749899
2022-10-14,30.58,10936034776.859634,1268002433.7508016
2022-10-15,30.04,10723795928.143963,800163982.9576544
2022-10-16,29.58,10608095633.113876,545155338.8042386
2022-10-17,30.17,10784111501.178593,598450021.1571373
2022-10-18,31.24,11181494599.052498,643752962.6927968
2022-10-19,30.2,10820701606.868002,685750091.5759565
2022-10-20,28.9,10362112405.2089,721536356.0827088
2022-10-21,28.07,10052442946.746214,853073860.6320565
2022-10-22,28.11,10070949099.133055,1004074184.5998532
2022-10-23,28.02,10044295675.710756,488911345.3582951
2022-10-24,29.24,10480620512.612085,670006995.1267443
2022-10-25,28.27,10121680743.469507,739684192.5144422
2022-10-26,30.94,11077575224.180061,1346256624.9263418
2022-10-27,31.28,11203611590.840313,1240751124.7860923
2022-10-28,30.65,11016715358.289034,1179536961.8589184
2022-10-29,32.11,11523992959.017834,1011210916.4982288
2022-10-30,32.84,11775325291.527168,1095984786.7033808
2022-10-31,32.91,11772898715.527397,704167456.2532895
2022-11-01,32.6,11727290548.409676,1142703750.6176102
2022-11-02,32.24,11588937673.913483,1299519862.8820033
2022-11-03,30.79,11076265328.769896,1780701025.102764
2022-11-04,30.83,11061246430.431095,1419473857.644456
2022-11-05,33.79,12137630163.181673,2002856945.8223312
2022-11-06,36.72,13202283372.116499,3501844329.574087
2022-11-07,32.77,11783689545.401735,2458440631.199437
2022-11-08,29.55,10655109386.652067,3400112554.363026
2022-11-09,24.23,8815290464.791733,5868071366.150859
2022-11-10,14.0,5120135551.789889,4375833758.9428425
2022-11-11,17.84,6419997387.603283,4179359302.1139283
2022-11-12,16.63,5963504846.885816,2174804309.6338873
2022-11-13,14.71,5331217054.927404,770041818.9233199
2022-11-14,13.25,4816392214.34615,782848284.1010079
2022-11-15,14.1,5121041157.026807,1300493081.0801651
2022-11-16,14.36,5205583202.097879,811376855.5993807
2022-11-17,14.36,5186877452.360098,478085250.6656857
2022-11-18,13.66,4954608939.395693,651561392.8174475
2022-11-19,13.3,4831754494.869416,343052461.91756934
2022-11-20,12.88,4683383043.293358,300941946.44072694
2022-11-21,12.35,4470695233.321518,487321298.8382488
2022-11-22,11.92,4319145655.912079,484804704.0939548
2022-11-23,12.44,4530165523.577384,523436176.52727956
2022-11-24,14.42,5242384046.294304,846044003.9379725
2022-11-25,14.59,5295975306.296668,618848577.7768759
2022-11-26,14.08,5120779702.054626,360308376.55489725
2022-11-27,14.17,5142450538.968229,375214637.0139425
2022-11-28,14.11,5138320693.997138,255763021.75767612
2022-11-29,13.34,4848821246.040962,503946286.2775735
2022-11-30,13.37,4865903266.783448,298911192.2227095
2022-12-01,14.15,5160133742.783542,302419321.5309636
2022-12-02,13.51,4905910344.469534,268679954.05166477
2022-12-03,13.77,5000690502.576446,285026800.2964149
2022-12-04,13.33,4863696934.396812,197683828.19471982
2022-12-05,13.78,5008063958.883705,173958273.40331942
2022-12-06,13.87,5053925412.5079,383499016.80148494
2022-12-07,14.3,5195420302.808301,333400205.3605979
2022-12-08,13.54,4939250221.600364,272839148.557638
2022-12-09,13.69,5016573038.668547,236384884.0596055
2022-12-10,13.61,4985978110.515763,257533932.18985865
2022-12-11,13.59,4967608679.209892,123957064.3412863
2022-12-12,13.44,4920995808.77367,132233094.81496389
2022-12-13,13.32,4889774456.9624195,250950456.28681812
2022-12-14,13.83,5067860068.029484,388863061.30960846
2022-12-15,14.15,5187094164.825271,531056515.2151283
2022-12-16,13.99,5134598270.270708,320493477.5260672
2022-12-17,12.27,4487828854.561585,416039758.06094825
2022-12-18,12.53,4589791879.193693,277076734.499642
2022-12-19,12.42,4577684410.907368,127947867.99234843
2022-12-20,11.94,4386451838.861884,240138137.94819236
2022-12-21,12.28,4505699073.905926,203088901.02443212
2022-12-22,12.12,4442285590.081545,189500696.85764608
2022-12-23,11.79,4304981639.738414,205996063.58829954
2022-12-24,11.8,4327532615.708606,177437763.39524356
2022-12-25,11.47,4207271979.819264,226479857.46658057
2022-12-26,11.4,4185139946.6090064,112713128.3584248
2022-12-27,11.3,4147178331.1958785,151024935.72843203
2022-12-28,11.08,4063717880.57174,260619507.5239311
2022-12-29,9.77,3585609635.8001738,524688006.4445435
2022-12-30,9.6,3537484124.7943234,838317810.1546487
2022-12-31,9.89,3630516626.225645,996392621.605559
2023-01-01,9.96,3663707629.8526206,328903351.52016157
2023-01-02,9.97,3670345897.629763,220369604.52709436
2023-01-03,11.27,4150541190.495974,612350127.506016
2023-01-04,13.36,4897985570.664733,1332758654.0819988
2023-01-05,13.46,4953205509.879085,1282105634.6437464
2023-01-06,13.44,4943576397.427822,597269711.7742606
2023-01-07,13.52,4984816083.874325,488298544.71331793
2023-01-08,13.09,4837378850.913317,206848508.91488263
2023-01-09,14.37,5151917607.84378,641916931.2187709
2023-01-10,16.3,6031956017.044448,1889438468.2886298
2023-01-11,16.2,6001548952.666129,854036815.4897147
2023-01-12,16.46,6106281178.181655,749738092.7270372
2023-01-13,16.62,6160624328.048672,948123277.6083641
2023-01-14,18.28,6767551967.350333,1221076768.1980367
2023-01-15,24.3,9066218089.522646,4130184710.826154
2023-01-16,22.84,8465167529.981883,1967106481.9434114
2023-01-17,23.59,8762954564.82465,1775938541.45958
2023-01-18,22.88,8525510205.462621,1033549762.1336452
2023-01-19,20.86,7710048711.615839,1543991743.304109
2023-01-20,21.41,7934995923.191625,898504341.2684329
2023-01-21,25.58,9489394201.957804,1527407710.5157359
2023-01-22,24.67,9143727538.633389,2096626033.2535574
2023-01-23,24.27,9004757973.453108,970991825.3141448
2023-01-24,24.43,9057978593.358006,917151760.5324672
2023-01-25,22.79,8470454667.8265915,855305584.5316638
2023-01-26,24.66,9151912233.305305,1389562422.6066904
2023-01-27,24.36,9052529628.297161,811737989.6856995
2023-01-28,24.41,9066608034.902922,702646248.4944212
2023-01-29,23.99,8888774937.513983,522601581.6915137
2023-01-30,26.18,9723380871.434278,1086841729.8600228
2023-01-31,23.96,8894199458.02625,1111636437.09002
2023-02-01,23.96,8896873315.819334,636667495.0187764
2023-02-02,24.98,9295594682.001568,1017077833.8746504
2023-02-03,24.32,9062290851.692661,1066576080.9274372
2023-02-04,24.69,9209669774.762846,781139212.0640733
2023-02-05,24.35,9084646376.720587,350243684.4482565
2023-02-06,23.51,8775453234.400503,638580954.9262303
2023-02-07,22.72,8463616399.329708,463322357.86849886
2023-02-08,23.9,8928209652.21195,707393494.1668731
2023-02-09,23.21,8681217220.957706,581769819.4598817
2023-02-10,20.44,7674814944.971446,808728417.656008
2023-02-11,20.12,7582538971.715706,684166038.4850869
2023-02-12,20.84,7825374946.872857,278031093.4530366
2023-02-13,21.44,8057257217.572684,544548720.7939905
2023-02-14,20.78,7804126001.846962,723121577.9813033
2023-02-15,21.85,8222948441.256965,850945955.5827794
2023-02-16,23.89,8975776575.30878,831022310.6845816
2023-02-17,22.34,8400837292.390615,956362734.2974708
2023-02-18,23.19,8757810457.777061,666303722.2640171
2023-02-19,23.45,8864240990.711231,411412105.6730705
2023-02-20,24.81,9416249238.487823,1082089933.532258
2023-02-21,26.04,9849428455.392427,1528181094.5658994
2023-02-22,24.92,9410006572.060625,971104096.0161645
2023-02-23,24.17,9148040150.61283,1006550896.1129414
2023-02-24,23.92,9024298203.902431,617535605.1973163
2023-02-25,23.06,8723841537.761139,649161438.3791043
2023-02-26,22.41,8461125692.332631,582781483.0965183
2023-02-27,23.23,8789815699.846401,447765032.4162541
2023-02-28,22.69,8589782940.913688,515693154.2203986
2023-03-01,21.92,8278729498.564519,353854572.7492246
2023-03-02,22.51,8530663779.645123,368841392.13948405
2023-03-03,21.97,8328272221.796302,331963626.27965164
2023-03-04,21.41,8106249844.5340605,498070582.62262857
2023-03-05,20.96,7946564768.282082,254558509.36512622
2023-03-06,21.0,8013062334.5354595,269435912.69715065
2023-03-07,20.63,7891217439.147805,325982714.8101539
2023-03-08,20.27,7742957402.802464,397969144.7396385
2023-03-09,18.43,7066726944.332695,654065004.8333755
2023-03-10,17.33,6615095595.2118635,817533089.0492163
2023-03-11,18.21,7004462520.100822,988470037.0370774
2023-03-12,18.07,6928931920.550202,671121164.8535483
2023-03-13,20.34,7755318676.394037,766795515.8276222
2023-03-14,20.38,7821977632.749297,1115385621.1475735
2023-03-15,20.98,8029661085.939712,1216812986.3855429
2023-03-16,19.34,7414057337.321378,891834503.6819715
2023-03-17,19.83,7607669118.344841,505612446.9622918
2023-03-18,21.64,8298944866.274058,746567229.3004439
2023-03-19,21.32,8167246753.172318,984171481.07422
2023-03-20,22.02,8495353255.962753,671444269.1507742
2023-03-21,22.32,8570996250.733115,1214980639.4615438
2023-03-22,22.74,8718952337.679441,725964027.5931699
2023-03-23,21.58,8277163932.31642,914736382.9514166
2023-03-24,22.31,8543484776.055639,538469214.2199258
2023-03-25,20.77,7977960408.113832,635693408.6530313
2023-03-26,20.59,7901578024.349372,387073479.37430376
2023-03-27,20.98,8079229951.395789,326327791.34329385
2023-03-28,19.96,7655291926.183579,406232834.8456671
2023-03-29,20.5,7878765558.4754715,400868517.6234316
2023-03-30,21.13,8122141676.472303,422168351.8303799
2023-03-31,20.57,7919320174.471215,532520991.04108644
2023-04-01,21.21,8194996259.08917,415947399.7233951
2023-04-02,21.08,8133720019.793032,251948585.428472
2023-04-03,20.57,7929638196.330592,250939723.33480495
2023-04-04,20.44,7900168640.993755,529752910.7331683
2023-04-05,20.92,8093519489.19683,348472966.7851743
2023-04-06,20.98,8139780743.430709,361878192.5535392
2023-04-07,20.61,7980951367.926036,271953094.7888084
2023-04-08,20.48,7945861961.167704,208769926.08216602
2023-04-09,20.04,7779827678.559762,229345793.28866065
2023-04-10,20.3,7886462397.659908,195652671.40967616
2023-04-11,20.88,8111384994.393847,243051082.7697442
2023-04-12,23.01,9019417673.037657,1081779112.3649075
2023-04-13,23.83,9350156509.874369,1370531367.9251795
2023-04-14,24.43,9566762973.066217,666066820.0916648
2023-04-15,24.77,9705804479.0832,825834920.5602269
2023-04-16,24.08,9451805831.229778,387945854.00479144
2023-04-17,25.3,9920073717.128748,514890126.18420947
2023-04-18,24.58,9623598168.573133,910595768.7039962
2023-04-19,24.83,9739599132.263357,558944406.0314553
2023-04-20,22.67,8903451124.568312,974039298.9106188
2023-04-21,22.18,8697671636.546442,712597030.0493151
2023-04-22,21.26,8333890309.334352,527655622.1631929
2023-04-23,21.85,8584446324.231401,249197740.8361164
2023-04-24,21.5,8420199212.273126,348355516.8754679
2023-04-25,21.39,8399117356.571699,401676853.0626663
2023-04-26,21.94,8617142936.350363,409777211.6820076
2023-04-27,21.26,8354008434.670635,778775424.108569
2023-04-28,22.34,8756193576.97448,588617917.5009629
2023-04-29,23.37,9208471390.321592,571324657.1728787
2023-04-30,23.13,9092156212.487627,419332790.79053307
2023-05-01,23.0,9057154980.365274,425241774.7039137
2023-05-02,22.01,8651811979.929995,505839771.41452694
2023-05-03,22.26,8773546966.16016,326717891.1492143
2023-05-04,22.22,8762010269.84146,493483012.2385331
2023-05-05,21.74,8571042186.731829,330851121.9196332
2023-05-06,22.82,8999007584.2166,495492869.2605281
2023-05-07,21.99,8661587000.942377,387964991.34185696
2023-05-08,22.0,8705466133.769728,341580978.5898679
2023-05-09,20.66,8146997991.830378,647060628.2950592
2023-05-10,20.66,8164794903.556,318980320.96681505
2023-05-11,20.98,8287539919.545623,525984506.46583825
2023-05-12,20.25,8015037356.982577,428549097.3925601
2023-05-13,20.92,8274505085.732654,397702422.40830547
2023-05-14,20.9,8297710532.113992,252119905.38455606
2023-05-15,20.94,8280978190.929416,211874592.44175723
2023-05-16,21.04,8316882669.84985,339745928.0609949
2023-05-17,20.69,8187913902.158279,338232379.0015512
2023-05-18,21.06,8341868800.046011,332798485.4910487
2023-05-19,20.35,8061536789.167275,325479692.16594124
2023-05-20,20.35,8059779103.665763,159063269.00987265
2023-05-21,20.27,8022997471.517465,129666227.92747962
2023-05-22,19.63,7783712425.51017,236865558.0071539
2023-05-23,19.56,7749799385.59985,245317080.64974216
2023-05-24,20.05,7940043369.313906,293341170.1322027
2023-05-25,19.21,7619548993.269599,317110913.7217349
2023-05-26,19.26,7626215765.408768,231050352.92165512
2023-05-27,19.37,7676617783.5293455,181186113.21084023
2023-05-28,20.41,8089935112.023952,209249088.6518294
2023-05-29,20.82,8259241871.664162,319936574.8104172
2023-05-30,20.57,8162528825.077333,263476675.879753
2023-05-31,21.25,8420948536.256156,390015607.56853145
2023-06-01,20.82,8253719265.038129,264038937.441645
2023-06-02,20.51,8135209555.988281,229620968.9783873
2023-06-03,21.26,8440560224.313393,262878676.0490332
2023-06-04,21.15,8395562285.774495,159566542.16562247
2023-06-05,21.87,8705745044.414808,372653389.2570282
2023-06-06,20.08,7993273614.350522,663116037.0576035
2023-06-07,20.4,8102758544.84506,490820421.98380524
2023-06-08,18.65,7429398031.748883,412771478.26392466
2023-06-09,18.92,7533243369.330318,295929574.27186555
2023-06-10,17.32,6890419608.144915,511958399.05938685
2023-06-11,15.71,6262620811.883113,1409006890.3433423
2023-06-12,15.55,6191248338.350977,495437298.97303975
2023-06-13,15.22,6067764743.466437,431328719.29389066
2023-06-14,15.0,5975770710.188687,403335227.95252687
2023-06-15,14.51,5789069977.260347,327310831.82671124
2023-06-16,14.74,5880524857.505803,371929576.69780713
2023-06-17,15.31,6109552126.06054,256057658.1759769
2023-06-18,15.63,6246219926.833057,218008809.31199142
2023-06-19,15.43,6170109454.954071,155673889.3726953
2023-06-20,16.04,6382655003.177078,150009939.35791972
2023-06-21,16.63,6629964493.675703,248748774.3427503
2023-06-22,17.26,6903161332.170283,315268431.8778776
2023-06-23,16.65,6663990154.562925,295506781.44293725
2023-06-24,17.1,6825331675.927217,328345333.92381984
2023-06-25,16.63,6642182122.570187,235858972.60968322
2023-06-26,16.96,6785842637.336145,212892011.92185184
2023-06-27,16.28,6497000673.693492,246629750.07322228
2023-06-28,16.6,6626087422.922995,232332350.0357121
2023-06-29,16.0,6403600623.488655,301702745.20938724
2023-06-30,18.0,7187331652.66652,635900925.9452425
2023-07-01,18.93,7567998783.5705805,828667787.0041169
2023-07-02,18.61,7437496981.577963,280718699.5696731
2023-07-03,19.45,7792444090.1257925,474851803.7888158
2023-07-04,19.21,7700930946.150432,280766166.6517864
2023-07-05,19.22,7724902370.005767,303069428.56264853
2023-07-06,18.97,7619692719.675487,234904855.4249562
2023-07-07,19.92,8013479115.45537,849101386.5457045
2023-07-08,21.44,8609626131.887451,827536919.6324662
2023-07-09,21.9,8804631486.280863,596483861.204096
2023-07-10,21.35,8595004420.8743,364524219.78723484
2023-07-11,21.3,8559664093.103448,508301719.13718027
2023-07-12,22.07,8875741131.46763,431275744.9396116
2023-07-13,22.0,8862665910.429438,553660968.112081
2023-07-14,25.99,10410892785.973965,1191586017.5250535
2023-07-15,26.71,10743046575.077665,2112669368.826929
2023-07-16,27.35,11015911503.065817,1182553641.312105
2023-07-17,27.37,11002094754.605814,747993415.8682022
2023-07-18,26.86,10816613437.044512,1008258072.1988822
2023-07-19,25.53,10269805534.152487,690701365.242011
2023-07-20,26.35,10633423774.84343,591575595.4536291
2023-07-21,25.34,10227156125.30492,586428471.61985
2023-07-22,25.59,10346698670.509161,426785949.9273866
2023-07-23,24.46,9872947825.241152,325886121.21608216
2023-07-24,24.77,10018814299.162062,345569811.4364157
2023-07-25,23.42,9455689036.354588,517091585.3710577
2023-07-26,23.27,9395875459.492481,362056307.62913954
2023-07-27,25.15,10171319431.282724,682755887.4427278
2023-07-28,25.09,10151894149.311943,493788462.55482113
2023-07-29,24.83,10051629238.612888,354454914.9621894
2023-07-30,25.17,10178962394.375273,266002736.55053675
2023-07-31,24.27,9816173591.432625,354202895.00340414
2023-08-01,23.76,9604285334.638874,401006374.0008301
2023-08-02,23.93,9663629338.746136,433930052.9370583
2023-08-03,23.13,9376125922.103199,426945357.6898426
2023-08-04,22.65,9178003135.366844,375514604.6347747
2023-08-05,22.81,9237548520.05844,387384158.1790491
2023-08-06,22.63,9155491618.929426,256370671.0600972
2023-08-07,23.16,9384285772.437752,338171013.5108157
2023-08-08,23.05,9344630841.913843,386012925.76220214
2023-08-09,24.2,9819635413.27439,561549883.4110975
2023-08-10,24.38,9894698836.091352,458039680.48740876
2023-08-11,24.62,9982518848.598183,352124557.44548595
2023-08-12,24.58,9969763672.692484,337807060.84393805
2023-08-13,24.89,10095650763.649355,277306903.1224978
2023-08-14,24.22,9839554742.689486,278182091.4448637
2023-08-15,25.15,10211324982.836502,388025853.4511116
2023-08-16,23.88,9697572470.820595,452521516.469082
2023-08-17,22.85,9300306072.046394,495294920.8187228
2023-08-18,21.65,8833375790.376423,656412528.1823697
2023-08-19,21.33,8681695608.57574,412220153.69078887
2023-08-20,21.88,8915137095.359207,254181454.34625465
2023-08-21,21.75,8865949897.077328,199999876.15221682
2023-08-22,21.2,8654520275.407608,350405754.29350466
